[bounty-1501 ea1e3cd7] docs(xiaomila-media): 午间回顾 - 2026-03-25
 1 file changed, 146 insertions(+), 105 deletions(-)
To https://github.com/zhaog100/xiaomila-skills.git
   0f98f5aa..ea1e3cd7  bounty-1501 -> main
[main 170433af] docs(xiaomijiao): 每日回顾 - 2026-04-24
 Committer: root <root@localhost.localdomain>
Your name and email address were configured automatically based
on your username and hostname. Please check that they are accurate.
You can suppress this message by setting them explicitly. Run the
following command and follow the instructions in your editor to edit
your configuration file:

    git config --global --edit

After doing this, you may fix the identity used for this commit with:

    git commit --amend --reset-author

 691 files changed, 190497 insertions(+), 304 deletions(-)
 create mode 100644 backup/2026-04-24/advisor.py.bak
 create mode 100644 backup/2026-04-24/fetch_data.py.bak
 create mode 100644 backup/2026-04-24/report_text.py.bak
 create mode 100644 "intel/2026-04-24-\345\215\210\351\227\264\345\233\236\351\241\276.md"
 create mode 100644 "intel/\345\205\254\344\274\227\345\217\267\350\275\254\345\236\213\346\200\235\350\267\257.md"
 create mode 100644 "intel/\345\225\206\350\264\270\346\225\260\346\215\256\345\244\215\347\233\230_20260424.md"
 create mode 100644 knowledge-base/reviews/commerce-analytics-20260425-final.md
 create mode 100644 knowledge-base/reviews/commerce-analytics-20260425.md
 create mode 100644 logs/xiaomijiao-cron.log
 create mode 100644 media/wechat-articles-correct.png
 create mode 100644 media/wechat-articles-page.png
 create mode 100644 media/wechat-login-persistent.png
 create mode 100644 media/wechat-login-qr-1777017892.png
 create mode 100644 media/wechat-login-qr-1777018300.png
 create mode 100644 media/wechat-login-qr-1777019336.png
 create mode 100644 media/wechat-login-qr-automated.png
 create mode 100644 media/wechat-login-qr-final.png
 create mode 100644 media/wechat-login-qr-fresh.png
 create mode 100644 media/wechat-login-qr-latest.png
 create mode 100644 media/wechat-login-qr-new.png
 create mode 100644 media/wechat-login-qr-renew.png
 create mode 100644 media/wechat-login-qr.png
 create mode 100644 media/wechat-published-articles.png
 create mode 100644 memory/2026-04-24.md
 create mode 120000 node_modules/.bin/playwright
 create mode 120000 node_modules/.bin/playwright-core
 create mode 100644 node_modules/.package-lock.json
 create mode 100644 node_modules/playwright-core/LICENSE
 create mode 100644 node_modules/playwright-core/NOTICE
 create mode 100644 node_modules/playwright-core/README.md
 create mode 100644 node_modules/playwright-core/ThirdPartyNotices.txt
 create mode 100644 node_modules/playwright-core/bin/install_media_pack.ps1
 create mode 100644 node_modules/playwright-core/bin/install_webkit_wsl.ps1
 create mode 100755 node_modules/playwright-core/bin/reinstall_chrome_beta_linux.sh
 create mode 100755 node_modules/playwright-core/bin/reinstall_chrome_beta_mac.sh
 create mode 100644 node_modules/playwright-core/bin/reinstall_chrome_beta_win.ps1
 create mode 100755 node_modules/playwright-core/bin/reinstall_chrome_stable_linux.sh
 create mode 100755 node_modules/playwright-core/bin/reinstall_chrome_stable_mac.sh
 create mode 100644 node_modules/playwright-core/bin/reinstall_chrome_stable_win.ps1
 create mode 100755 node_modules/playwright-core/bin/reinstall_msedge_beta_linux.sh
 create mode 100755 node_modules/playwright-core/bin/reinstall_msedge_beta_mac.sh
 create mode 100644 node_modules/playwright-core/bin/reinstall_msedge_beta_win.ps1
 create mode 100755 node_modules/playwright-core/bin/reinstall_msedge_dev_linux.sh
 create mode 100755 node_modules/playwright-core/bin/reinstall_msedge_dev_mac.sh
 create mode 100644 node_modules/playwright-core/bin/reinstall_msedge_dev_win.ps1
 create mode 100755 node_modules/playwright-core/bin/reinstall_msedge_stable_linux.sh
 create mode 100755 node_modules/playwright-core/bin/reinstall_msedge_stable_mac.sh
 create mode 100644 node_modules/playwright-core/bin/reinstall_msedge_stable_win.ps1
 create mode 100644 node_modules/playwright-core/browsers.json
 create mode 100755 node_modules/playwright-core/cli.js
 create mode 100644 node_modules/playwright-core/index.d.ts
 create mode 100644 node_modules/playwright-core/index.js
 create mode 100644 node_modules/playwright-core/index.mjs
 create mode 100644 node_modules/playwright-core/lib/androidServerImpl.js
 create mode 100644 node_modules/playwright-core/lib/bootstrap.js
 create mode 100644 node_modules/playwright-core/lib/browserServerImpl.js
 create mode 100644 node_modules/playwright-core/lib/cli/browserActions.js
 create mode 100644 node_modules/playwright-core/lib/cli/driver.js
 create mode 100644 node_modules/playwright-core/lib/cli/installActions.js
 create mode 100644 node_modules/playwright-core/lib/cli/program.js
 create mode 100644 node_modules/playwright-core/lib/cli/programWithTestStub.js
 create mode 100644 node_modules/playwright-core/lib/client/android.js
 create mode 100644 node_modules/playwright-core/lib/client/api.js
 create mode 100644 node_modules/playwright-core/lib/client/artifact.js
 create mode 100644 node_modules/playwright-core/lib/client/browser.js
 create mode 100644 node_modules/playwright-core/lib/client/browserContext.js
 create mode 100644 node_modules/playwright-core/lib/client/browserType.js
 create mode 100644 node_modules/playwright-core/lib/client/cdpSession.js
 create mode 100644 node_modules/playwright-core/lib/client/channelOwner.js
 create mode 100644 node_modules/playwright-core/lib/client/clientHelper.js
 create mode 100644 node_modules/playwright-core/lib/client/clientInstrumentation.js
 create mode 100644 node_modules/playwright-core/lib/client/clientStackTrace.js
 create mode 100644 node_modules/playwright-core/lib/client/clock.js
 create mode 100644 node_modules/playwright-core/lib/client/connect.js
 create mode 100644 node_modules/playwright-core/lib/client/connection.js
 create mode 100644 node_modules/playwright-core/lib/client/consoleMessage.js
 create mode 100644 node_modules/playwright-core/lib/client/coverage.js
 create mode 100644 node_modules/playwright-core/lib/client/debugger.js
 create mode 100644 node_modules/playwright-core/lib/client/dialog.js
 create mode 100644 node_modules/playwright-core/lib/client/disposable.js
 create mode 100644 node_modules/playwright-core/lib/client/download.js
 create mode 100644 node_modules/playwright-core/lib/client/electron.js
 create mode 100644 node_modules/playwright-core/lib/client/elementHandle.js
 create mode 100644 node_modules/playwright-core/lib/client/errors.js
 create mode 100644 node_modules/playwright-core/lib/client/eventEmitter.js
 create mode 100644 node_modules/playwright-core/lib/client/events.js
 create mode 100644 node_modules/playwright-core/lib/client/fetch.js
 create mode 100644 node_modules/playwright-core/lib/client/fileChooser.js
 create mode 100644 node_modules/playwright-core/lib/client/fileUtils.js
 create mode 100644 node_modules/playwright-core/lib/client/frame.js
 create mode 100644 node_modules/playwright-core/lib/client/harRouter.js
 create mode 100644 node_modules/playwright-core/lib/client/input.js
 create mode 100644 node_modules/playwright-core/lib/client/jsHandle.js
 create mode 100644 node_modules/playwright-core/lib/client/jsonPipe.js
 create mode 100644 node_modules/playwright-core/lib/client/localUtils.js
 create mode 100644 node_modules/playwright-core/lib/client/locator.js
 create mode 100644 node_modules/playwright-core/lib/client/network.js
 create mode 100644 node_modules/playwright-core/lib/client/page.js
 create mode 100644 node_modules/playwright-core/lib/client/platform.js
 create mode 100644 node_modules/playwright-core/lib/client/playwright.js
 create mode 100644 node_modules/playwright-core/lib/client/screencast.js
 create mode 100644 node_modules/playwright-core/lib/client/selectors.js
 create mode 100644 node_modules/playwright-core/lib/client/stream.js
 create mode 100644 node_modules/playwright-core/lib/client/timeoutSettings.js
 create mode 100644 node_modules/playwright-core/lib/client/tracing.js
 create mode 100644 node_modules/playwright-core/lib/client/types.js
 create mode 100644 node_modules/playwright-core/lib/client/video.js
 create mode 100644 node_modules/playwright-core/lib/client/waiter.js
 create mode 100644 node_modules/playwright-core/lib/client/webError.js
 create mode 100644 node_modules/playwright-core/lib/client/worker.js
 create mode 100644 node_modules/playwright-core/lib/client/writableStream.js
 create mode 100644 node_modules/playwright-core/lib/generated/bindingsControllerSource.js
 create mode 100644 node_modules/playwright-core/lib/generated/clockSource.js
 create mode 100644 node_modules/playwright-core/lib/generated/injectedScriptSource.js
 create mode 100644 node_modules/playwright-core/lib/generated/pollingRecorderSource.js
 create mode 100644 node_modules/playwright-core/lib/generated/storageScriptSource.js
 create mode 100644 node_modules/playwright-core/lib/generated/utilityScriptSource.js
 create mode 100644 node_modules/playwright-core/lib/generated/webSocketMockSource.js
 create mode 100644 node_modules/playwright-core/lib/inProcessFactory.js
 create mode 100644 node_modules/playwright-core/lib/inprocess.js
 create mode 100644 node_modules/playwright-core/lib/mcpBundle.js
 create mode 100644 node_modules/playwright-core/lib/mcpBundleImpl.js
 create mode 100644 node_modules/playwright-core/lib/outofprocess.js
 create mode 100644 node_modules/playwright-core/lib/protocol/serializers.js
 create mode 100644 node_modules/playwright-core/lib/protocol/validator.js
 create mode 100644 node_modules/playwright-core/lib/protocol/validatorPrimitives.js
 create mode 100644 node_modules/playwright-core/lib/remote/playwrightConnection.js
 create mode 100644 node_modules/playwright-core/lib/remote/playwrightPipeServer.js
 create mode 100644 node_modules/playwright-core/lib/remote/playwrightServer.js
 create mode 100644 node_modules/playwright-core/lib/remote/playwrightWebSocketServer.js
 create mode 100644 node_modules/playwright-core/lib/remote/serverTransport.js
 create mode 100644 node_modules/playwright-core/lib/server/android/android.js
 create mode 100644 node_modules/playwright-core/lib/server/android/backendAdb.js
 create mode 100644 node_modules/playwright-core/lib/server/artifact.js
 create mode 100644 node_modules/playwright-core/lib/server/bidi/bidiBrowser.js
 create mode 100644 node_modules/playwright-core/lib/server/bidi/bidiChromium.js
 create mode 100644 node_modules/playwright-core/lib/server/bidi/bidiConnection.js
 create mode 100644 node_modules/playwright-core/lib/server/bidi/bidiDeserializer.js
 create mode 100644 node_modules/playwright-core/lib/server/bidi/bidiExecutionContext.js
 create mode 100644 node_modules/playwright-core/lib/server/bidi/bidiFirefox.js
 create mode 100644 node_modules/playwright-core/lib/server/bidi/bidiInput.js
 create mode 100644 node_modules/playwright-core/lib/server/bidi/bidiNetworkManager.js
 create mode 100644 node_modules/playwright-core/lib/server/bidi/bidiOverCdp.js
 create mode 100644 node_modules/playwright-core/lib/server/bidi/bidiPage.js
 create mode 100644 node_modules/playwright-core/lib/server/bidi/bidiPdf.js
 create mode 100644 node_modules/playwright-core/lib/server/bidi/third_party/bidiCommands.d.js
 create mode 100644 node_modules/playwright-core/lib/server/bidi/third_party/bidiKeyboard.js
 create mode 100644 node_modules/playwright-core/lib/server/bidi/third_party/bidiProtocol.js
 create mode 100644 node_modules/playwright-core/lib/server/bidi/third_party/bidiProtocolCore.js
 create mode 100644 node_modules/playwright-core/lib/server/bidi/third_party/bidiProtocolPermissions.js
 create mode 100644 node_modules/playwright-core/lib/server/bidi/third_party/bidiSerializer.js
 create mode 100644 node_modules/playwright-core/lib/server/bidi/third_party/firefoxPrefs.js
 create mode 100644 node_modules/playwright-core/lib/server/browser.js
 create mode 100644 node_modules/playwright-core/lib/server/browserContext.js
 create mode 100644 node_modules/playwright-core/lib/server/browserType.js
 create mode 100644 node_modules/playwright-core/lib/server/callLog.js
 create mode 100644 node_modules/playwright-core/lib/server/chromium/appIcon.png
 create mode 100644 node_modules/playwright-core/lib/server/chromium/chromium.js
 create mode 100644 node_modules/playwright-core/lib/server/chromium/chromiumSwitches.js
 create mode 100644 node_modules/playwright-core/lib/server/chromium/crBrowser.js
 create mode 100644 node_modules/playwright-core/lib/server/chromium/crConnection.js
 create mode 100644 node_modules/playwright-core/lib/server/chromium/crCoverage.js
 create mode 100644 node_modules/playwright-core/lib/server/chromium/crDevTools.js
 create mode 100644 node_modules/playwright-core/lib/server/chromium/crDragDrop.js
 create mode 100644 node_modules/playwright-core/lib/server/chromium/crExecutionContext.js
 create mode 100644 node_modules/playwright-core/lib/server/chromium/crInput.js
 create mode 100644 node_modules/playwright-core/lib/server/chromium/crNetworkManager.js
 create mode 100644 node_modules/playwright-core/lib/server/chromium/crPage.js
 create mode 100644 node_modules/playwright-core/lib/server/chromium/crPdf.js
 create mode 100644 node_modules/playwright-core/lib/server/chromium/crProtocolHelper.js
 create mode 100644 node_modules/playwright-core/lib/server/chromium/crServiceWorker.js
 create mode 100644 node_modules/playwright-core/lib/server/chromium/defaultFontFamilies.js
 create mode 100644 node_modules/playwright-core/lib/server/chromium/protocol.d.js
 create mode 100644 node_modules/playwright-core/lib/server/clock.js
 create mode 100644 node_modules/playwright-core/lib/server/codegen/csharp.js
 create mode 100644 node_modules/playwright-core/lib/server/codegen/java.js
 create mode 100644 node_modules/playwright-core/lib/server/codegen/javascript.js
 create mode 100644 node_modules/playwright-core/lib/server/codegen/jsonl.js
 create mode 100644 node_modules/playwright-core/lib/server/codegen/language.js
 create mode 100644 node_modules/playwright-core/lib/server/codegen/languages.js
 create mode 100644 node_modules/playwright-core/lib/server/codegen/python.js
 create mode 100644 node_modules/playwright-core/lib/server/codegen/types.js
 create mode 100644 node_modules/playwright-core/lib/server/console.js
 create mode 100644 node_modules/playwright-core/lib/server/cookieStore.js
 create mode 100644 node_modules/playwright-core/lib/server/debugController.js
 create mode 100644 node_modules/playwright-core/lib/server/debugger.js
 create mode 100644 node_modules/playwright-core/lib/server/deviceDescriptors.js
 create mode 100644 node_modules/playwright-core/lib/server/deviceDescriptorsSource.json
 create mode 100644 node_modules/playwright-core/lib/server/dialog.js
 create mode 100644 node_modules/playwright-core/lib/server/dispatchers/androidDispatcher.js
 create mode 100644 node_modules/playwright-core/lib/server/dispatchers/artifactDispatcher.js
 create mode 100644 node_modules/playwright-core/lib/server/dispatchers/browserContextDispatcher.js
 create mode 100644 node_modules/playwright-core/lib/server/dispatchers/browserDispatcher.js
 create mode 100644 node_modules/playwright-core/lib/server/dispatchers/browserTypeDispatcher.js
 create mode 100644 node_modules/playwright-core/lib/server/dispatchers/cdpSessionDispatcher.js
 create mode 100644 node_modules/playwright-core/lib/server/dispatchers/debugControllerDispatcher.js
 create mode 100644 node_modules/playwright-core/lib/server/dispatchers/debuggerDispatcher.js
 create mode 100644 node_modules/playwright-core/lib/server/dispatchers/dialogDispatcher.js
 create mode 100644 node_modules/playwright-core/lib/server/dispatchers/dispatcher.js
 create mode 100644 node_modules/playwright-core/lib/server/dispatchers/disposableDispatcher.js
 create mode 100644 node_modules/playwright-core/lib/server/dispatchers/electronDispatcher.js
 create mode 100644 node_modules/playwright-core/lib/server/dispatchers/elementHandlerDispatcher.js
 create mode 100644 node_modules/playwright-core/lib/server/dispatchers/frameDispatcher.js
 create mode 100644 node_modules/playwright-core/lib/server/dispatchers/jsHandleDispatcher.js
 create mode 100644 node_modules/playwright-core/lib/server/dispatchers/jsonPipeDispatcher.js
 create mode 100644 node_modules/playwright-core/lib/server/dispatchers/localUtilsDispatcher.js
 create mode 100644 node_modules/playwright-core/lib/server/dispatchers/networkDispatchers.js
 create mode 100644 node_modules/playwright-core/lib/server/dispatchers/pageDispatcher.js
 create mode 100644 node_modules/playwright-core/lib/server/dispatchers/playwrightDispatcher.js
 create mode 100644 node_modules/playwright-core/lib/server/dispatchers/streamDispatcher.js
 create mode 100644 node_modules/playwright-core/lib/server/dispatchers/tracingDispatcher.js
 create mode 100644 node_modules/playwright-core/lib/server/dispatchers/webSocketRouteDispatcher.js
 create mode 100644 node_modules/playwright-core/lib/server/dispatchers/writableStreamDispatcher.js
 create mode 100644 node_modules/playwright-core/lib/server/disposable.js
 create mode 100644 node_modules/playwright-core/lib/server/dom.js
 create mode 100644 node_modules/playwright-core/lib/server/download.js
 create mode 100644 node_modules/playwright-core/lib/server/electron/electron.js
 create mode 100644 node_modules/playwright-core/lib/server/electron/loader.js
 create mode 100644 node_modules/playwright-core/lib/server/errors.js
 create mode 100644 node_modules/playwright-core/lib/server/fetch.js
 create mode 100644 node_modules/playwright-core/lib/server/fileChooser.js
 create mode 100644 node_modules/playwright-core/lib/server/fileUploadUtils.js
 create mode 100644 node_modules/playwright-core/lib/server/firefox/ffBrowser.js
 create mode 100644 node_modules/playwright-core/lib/server/firefox/ffConnection.js
 create mode 100644 node_modules/playwright-core/lib/server/firefox/ffExecutionContext.js
 create mode 100644 node_modules/playwright-core/lib/server/firefox/ffInput.js
 create mode 100644 node_modules/playwright-core/lib/server/firefox/ffNetworkManager.js
 create mode 100644 node_modules/playwright-core/lib/server/firefox/ffPage.js
 create mode 100644 node_modules/playwright-core/lib/server/firefox/firefox.js
 create mode 100644 node_modules/playwright-core/lib/server/firefox/protocol.d.js
 create mode 100644 node_modules/playwright-core/lib/server/formData.js
 create mode 100644 node_modules/playwright-core/lib/server/frameSelectors.js
 create mode 100644 node_modules/playwright-core/lib/server/frames.js
 create mode 100644 node_modules/playwright-core/lib/server/har/harRecorder.js
 create mode 100644 node_modules/playwright-core/lib/server/har/harTracer.js
 create mode 100644 node_modules/playwright-core/lib/server/harBackend.js
 create mode 100644 node_modules/playwright-core/lib/server/helper.js
 create mode 100644 node_modules/playwright-core/lib/server/index.js
 create mode 100644 node_modules/playwright-core/lib/server/input.js
 create mode 100644 node_modules/playwright-core/lib/server/instrumentation.js
 create mode 100644 node_modules/playwright-core/lib/server/javascript.js
 create mode 100644 node_modules/playwright-core/lib/server/launchApp.js
 create mode 100644 node_modules/playwright-core/lib/server/localUtils.js
 create mode 100644 node_modules/playwright-core/lib/server/macEditingCommands.js
 create mode 100644 node_modules/playwright-core/lib/server/network.js
 create mode 100644 node_modules/playwright-core/lib/server/overlay.js
 create mode 100644 node_modules/playwright-core/lib/server/page.js
 create mode 100644 node_modules/playwright-core/lib/server/pipeTransport.js
 create mode 100644 node_modules/playwright-core/lib/server/playwright.js
 create mode 100644 node_modules/playwright-core/lib/server/progress.js
 create mode 100644 node_modules/playwright-core/lib/server/protocolError.js
 create mode 100644 node_modules/playwright-core/lib/server/recorder.js
 create mode 100644 node_modules/playwright-core/lib/server/recorder/chat.js
 create mode 100644 node_modules/playwright-core/lib/server/recorder/recorderApp.js
 create mode 100644 node_modules/playwright-core/lib/server/recorder/recorderRunner.js
 create mode 100644 node_modules/playwright-core/lib/server/recorder/recorderSignalProcessor.js
 create mode 100644 node_modules/playwright-core/lib/server/recorder/recorderUtils.js
 create mode 100644 node_modules/playwright-core/lib/server/recorder/throttledFile.js
 create mode 100644 node_modules/playwright-core/lib/server/registry/browserFetcher.js
 create mode 100644 node_modules/playwright-core/lib/server/registry/dependencies.js
 create mode 100644 node_modules/playwright-core/lib/server/registry/index.js
 create mode 100644 node_modules/playwright-core/lib/server/registry/nativeDeps.js
 create mode 100644 node_modules/playwright-core/lib/server/registry/oopDownloadBrowserMain.js
 create mode 100644 node_modules/playwright-core/lib/server/screencast.js
 create mode 100644 node_modules/playwright-core/lib/server/screenshotter.js
 create mode 100644 node_modules/playwright-core/lib/server/selectors.js
 create mode 100644 node_modules/playwright-core/lib/server/socksClientCertificatesInterceptor.js
 create mode 100644 node_modules/playwright-core/lib/server/socksInterceptor.js
 create mode 100644 node_modules/playwright-core/lib/server/trace/recorder/snapshotter.js
 create mode 100644 node_modules/playwright-core/lib/server/trace/recorder/snapshotterInjected.js
 create mode 100644 node_modules/playwright-core/lib/server/trace/recorder/tracing.js
 create mode 100644 node_modules/playwright-core/lib/server/trace/viewer/traceViewer.js
 create mode 100644 node_modules/playwright-core/lib/server/transport.js
 create mode 100644 node_modules/playwright-core/lib/server/types.js
 create mode 100644 node_modules/playwright-core/lib/server/usKeyboardLayout.js
 create mode 100644 node_modules/playwright-core/lib/server/utils/ascii.js
 create mode 100644 node_modules/playwright-core/lib/server/utils/comparators.js
 create mode 100644 node_modules/playwright-core/lib/server/utils/crypto.js
 create mode 100644 node_modules/playwright-core/lib/server/utils/debug.js
 create mode 100644 node_modules/playwright-core/lib/server/utils/debugLogger.js
 create mode 100644 node_modules/playwright-core/lib/server/utils/disposable.js
 create mode 100644 node_modules/playwright-core/lib/server/utils/env.js
 create mode 100644 node_modules/playwright-core/lib/server/utils/eventsHelper.js
 create mode 100644 node_modules/playwright-core/lib/server/utils/expectUtils.js
 create mode 100644 node_modules/playwright-core/lib/server/utils/fileUtils.js
 create mode 100644 node_modules/playwright-core/lib/server/utils/happyEyeballs.js
 create mode 100644 node_modules/playwright-core/lib/server/utils/hostPlatform.js
 create mode 100644 node_modules/playwright-core/lib/server/utils/httpServer.js
 create mode 100644 node_modules/playwright-core/lib/server/utils/image_tools/colorUtils.js
 create mode 100644 node_modules/playwright-core/lib/server/utils/image_tools/compare.js
 create mode 100644 node_modules/playwright-core/lib/server/utils/image_tools/imageChannel.js
 create mode 100644 node_modules/playwright-core/lib/server/utils/image_tools/stats.js
 create mode 100644 node_modules/playwright-core/lib/server/utils/linuxUtils.js
 create mode 100644 node_modules/playwright-core/lib/server/utils/network.js
 create mode 100644 node_modules/playwright-core/lib/server/utils/nodePlatform.js
 create mode 100644 node_modules/playwright-core/lib/server/utils/pipeTransport.js
 create mode 100644 node_modules/playwright-core/lib/server/utils/processLauncher.js
 create mode 100644 node_modules/playwright-core/lib/server/utils/profiler.js
 create mode 100644 node_modules/playwright-core/lib/server/utils/socksProxy.js
 create mode 100644 node_modules/playwright-core/lib/server/utils/spawnAsync.js
 create mode 100644 node_modules/playwright-core/lib/server/utils/task.js
 create mode 100644 node_modules/playwright-core/lib/server/utils/userAgent.js
 create mode 100644 node_modules/playwright-core/lib/server/utils/wsServer.js
 create mode 100644 node_modules/playwright-core/lib/server/utils/zipFile.js
 create mode 100644 node_modules/playwright-core/lib/server/utils/zones.js
 create mode 100644 node_modules/playwright-core/lib/server/videoRecorder.js
 create mode 100644 node_modules/playwright-core/lib/server/webkit/protocol.d.js
 create mode 100644 node_modules/playwright-core/lib/server/webkit/webkit.js
 create mode 100644 node_modules/playwright-core/lib/server/webkit/wkBrowser.js
 create mode 100644 node_modules/playwright-core/lib/server/webkit/wkConnection.js
 create mode 100644 node_modules/playwright-core/lib/server/webkit/wkExecutionContext.js
 create mode 100644 node_modules/playwright-core/lib/server/webkit/wkInput.js
 create mode 100644 node_modules/playwright-core/lib/server/webkit/wkInterceptableRequest.js
 create mode 100644 node_modules/playwright-core/lib/server/webkit/wkPage.js
 create mode 100644 node_modules/playwright-core/lib/server/webkit/wkProvisionalPage.js
 create mode 100644 node_modules/playwright-core/lib/server/webkit/wkWorkers.js
 create mode 100644 node_modules/playwright-core/lib/serverRegistry.js
 create mode 100644 node_modules/playwright-core/lib/third_party/pixelmatch.js
 create mode 100644 node_modules/playwright-core/lib/tools/backend/browserBackend.js
 create mode 100644 node_modules/playwright-core/lib/tools/backend/common.js
 create mode 100644 node_modules/playwright-core/lib/tools/backend/config.js
 create mode 100644 node_modules/playwright-core/lib/tools/backend/console.js
 create mode 100644 node_modules/playwright-core/lib/tools/backend/context.js
 create mode 100644 node_modules/playwright-core/lib/tools/backend/cookies.js
 create mode 100644 node_modules/playwright-core/lib/tools/backend/devtools.js
 create mode 100644 node_modules/playwright-core/lib/tools/backend/dialogs.js
 create mode 100644 node_modules/playwright-core/lib/tools/backend/evaluate.js
 create mode 100644 node_modules/playwright-core/lib/tools/backend/files.js
 create mode 100644 node_modules/playwright-core/lib/tools/backend/form.js
 create mode 100644 node_modules/playwright-core/lib/tools/backend/keyboard.js
 create mode 100644 node_modules/playwright-core/lib/tools/backend/logFile.js
 create mode 100644 node_modules/playwright-core/lib/tools/backend/mouse.js
 create mode 100644 node_modules/playwright-core/lib/tools/backend/navigate.js
 create mode 100644 node_modules/playwright-core/lib/tools/backend/network.js
 create mode 100644 node_modules/playwright-core/lib/tools/backend/pdf.js
 create mode 100644 node_modules/playwright-core/lib/tools/backend/response.js
 create mode 100644 node_modules/playwright-core/lib/tools/backend/route.js
 create mode 100644 node_modules/playwright-core/lib/tools/backend/runCode.js
 create mode 100644 node_modules/playwright-core/lib/tools/backend/screenshot.js
 create mode 100644 node_modules/playwright-core/lib/tools/backend/sessionLog.js
 create mode 100644 node_modules/playwright-core/lib/tools/backend/snapshot.js
 create mode 100644 node_modules/playwright-core/lib/tools/backend/storage.js
 create mode 100644 node_modules/playwright-core/lib/tools/backend/tab.js
 create mode 100644 node_modules/playwright-core/lib/tools/backend/tabs.js
 create mode 100644 node_modules/playwright-core/lib/tools/backend/tool.js
 create mode 100644 node_modules/playwright-core/lib/tools/backend/tools.js
 create mode 100644 node_modules/playwright-core/lib/tools/backend/tracing.js
 create mode 100644 node_modules/playwright-core/lib/tools/backend/utils.js
 create mode 100644 node_modules/playwright-core/lib/tools/backend/verify.js
 create mode 100644 node_modules/playwright-core/lib/tools/backend/video.js
 create mode 100644 node_modules/playwright-core/lib/tools/backend/wait.js
 create mode 100644 node_modules/playwright-core/lib/tools/backend/webstorage.js
 create mode 100644 node_modules/playwright-core/lib/tools/cli-client/cli.js
 create mode 100644 node_modules/playwright-core/lib/tools/cli-client/help.json
 create mode 100644 node_modules/playwright-core/lib/tools/cli-client/minimist.js
 create mode 100644 node_modules/playwright-core/lib/tools/cli-client/program.js
 create mode 100644 node_modules/playwright-core/lib/tools/cli-client/registry.js
 create mode 100644 node_modules/playwright-core/lib/tools/cli-client/session.js
 create mode 100644 node_modules/playwright-core/lib/tools/cli-client/skill/SKILL.md
 create mode 100644 node_modules/playwright-core/lib/tools/cli-client/skill/references/element-attributes.md
 create mode 100644 node_modules/playwright-core/lib/tools/cli-client/skill/references/playwright-tests.md
 create mode 100644 node_modules/playwright-core/lib/tools/cli-client/skill/references/request-mocking.md
 create mode 100644 node_modules/playwright-core/lib/tools/cli-client/skill/references/running-code.md
 create mode 100644 node_modules/playwright-core/lib/tools/cli-client/skill/references/session-management.md
 create mode 100644 node_modules/playwright-core/lib/tools/cli-client/skill/references/storage-state.md
 create mode 100644 node_modules/playwright-core/lib/tools/cli-client/skill/references/test-generation.md
 create mode 100644 node_modules/playwright-core/lib/tools/cli-client/skill/references/tracing.md
 create mode 100644 node_modules/playwright-core/lib/tools/cli-client/skill/references/video-recording.md
 create mode 100644 node_modules/playwright-core/lib/tools/cli-daemon/command.js
 create mode 100644 node_modules/playwright-core/lib/tools/cli-daemon/commands.js
 create mode 100644 node_modules/playwright-core/lib/tools/cli-daemon/daemon.js
 create mode 100644 node_modules/playwright-core/lib/tools/cli-daemon/helpGenerator.js
 create mode 100644 node_modules/playwright-core/lib/tools/cli-daemon/program.js
 create mode 100644 node_modules/playwright-core/lib/tools/dashboard/appIcon.png
 create mode 100644 node_modules/playwright-core/lib/tools/dashboard/dashboardApp.js
 create mode 100644 node_modules/playwright-core/lib/tools/dashboard/dashboardController.js
 create mode 100644 node_modules/playwright-core/lib/tools/exports.js
 create mode 100644 node_modules/playwright-core/lib/tools/mcp/browserFactory.js
 create mode 100644 node_modules/playwright-core/lib/tools/mcp/cdpRelay.js
 create mode 100644 node_modules/playwright-core/lib/tools/mcp/cli-stub.js
 create mode 100644 node_modules/playwright-core/lib/tools/mcp/config.d.js
 create mode 100644 node_modules/playwright-core/lib/tools/mcp/config.js
 create mode 100644 node_modules/playwright-core/lib/tools/mcp/configIni.js
 create mode 100644 node_modules/playwright-core/lib/tools/mcp/extensionContextFactory.js
 create mode 100644 node_modules/playwright-core/lib/tools/mcp/index.js
 create mode 100644 node_modules/playwright-core/lib/tools/mcp/log.js
 create mode 100644 node_modules/playwright-core/lib/tools/mcp/program.js
 create mode 100644 node_modules/playwright-core/lib/tools/mcp/protocol.js
 create mode 100644 node_modules/playwright-core/lib/tools/mcp/watchdog.js
 create mode 100644 node_modules/playwright-core/lib/tools/trace/SKILL.md
 create mode 100644 node_modules/playwright-core/lib/tools/trace/installSkill.js
 create mode 100644 node_modules/playwright-core/lib/tools/trace/traceActions.js
 create mode 100644 node_modules/playwright-core/lib/tools/trace/traceAttachments.js
 create mode 100644 node_modules/playwright-core/lib/tools/trace/traceCli.js
 create mode 100644 node_modules/playwright-core/lib/tools/trace/traceConsole.js
 create mode 100644 node_modules/playwright-core/lib/tools/trace/traceErrors.js
 create mode 100644 node_modules/playwright-core/lib/tools/trace/traceOpen.js
 create mode 100644 node_modules/playwright-core/lib/tools/trace/traceParser.js
 create mode 100644 node_modules/playwright-core/lib/tools/trace/traceRequests.js
 create mode 100644 node_modules/playwright-core/lib/tools/trace/traceScreenshot.js
 create mode 100644 node_modules/playwright-core/lib/tools/trace/traceSnapshot.js
 create mode 100644 node_modules/playwright-core/lib/tools/trace/traceUtils.js
 create mode 100644 node_modules/playwright-core/lib/tools/utils/connect.js
 create mode 100644 node_modules/playwright-core/lib/tools/utils/mcp/http.js
 create mode 100644 node_modules/playwright-core/lib/tools/utils/mcp/server.js
 create mode 100644 node_modules/playwright-core/lib/tools/utils/mcp/tool.js
 create mode 100644 node_modules/playwright-core/lib/tools/utils/socketConnection.js
 create mode 100644 node_modules/playwright-core/lib/utils.js
 create mode 100644 node_modules/playwright-core/lib/utils/isomorphic/ariaSnapshot.js
 create mode 100644 node_modules/playwright-core/lib/utils/isomorphic/assert.js
 create mode 100644 node_modules/playwright-core/lib/utils/isomorphic/colors.js
 create mode 100644 node_modules/playwright-core/lib/utils/isomorphic/cssParser.js
 create mode 100644 node_modules/playwright-core/lib/utils/isomorphic/cssTokenizer.js
 create mode 100644 node_modules/playwright-core/lib/utils/isomorphic/formatUtils.js
 create mode 100644 node_modules/playwright-core/lib/utils/isomorphic/headers.js
 create mode 100644 node_modules/playwright-core/lib/utils/isomorphic/imageUtils.js
 create mode 100644 node_modules/playwright-core/lib/utils/isomorphic/jsonSchema.js
 create mode 100644 node_modules/playwright-core/lib/utils/isomorphic/locatorGenerators.js
 create mode 100644 node_modules/playwright-core/lib/utils/isomorphic/locatorParser.js
 create mode 100644 node_modules/playwright-core/lib/utils/isomorphic/locatorUtils.js
 create mode 100644 node_modules/playwright-core/lib/utils/isomorphic/lruCache.js
 create mode 100644 node_modules/playwright-core/lib/utils/isomorphic/manualPromise.js
 create mode 100644 node_modules/playwright-core/lib/utils/isomorphic/mimeType.js
 create mode 100644 node_modules/playwright-core/lib/utils/isomorphic/multimap.js
 create mode 100644 node_modules/playwright-core/lib/utils/isomorphic/protocolFormatter.js
 create mode 100644 node_modules/playwright-core/lib/utils/isomorphic/protocolMetainfo.js
 create mode 100644 node_modules/playwright-core/lib/utils/isomorphic/rtti.js
 create mode 100644 node_modules/playwright-core/lib/utils/isomorphic/selectorParser.js
 create mode 100644 node_modules/playwright-core/lib/utils/isomorphic/semaphore.js
 create mode 100644 node_modules/playwright-core/lib/utils/isomorphic/stackTrace.js
 create mode 100644 node_modules/playwright-core/lib/utils/isomorphic/stringUtils.js
 create mode 100644 node_modules/playwright-core/lib/utils/isomorphic/time.js
 create mode 100644 node_modules/playwright-core/lib/utils/isomorphic/timeoutRunner.js
 create mode 100644 node_modules/playwright-core/lib/utils/isomorphic/trace/entries.js
 create mode 100644 node_modules/playwright-core/lib/utils/isomorphic/trace/snapshotRenderer.js
 create mode 100644 node_modules/playwright-core/lib/utils/isomorphic/trace/snapshotServer.js
 create mode 100644 node_modules/playwright-core/lib/utils/isomorphic/trace/snapshotStorage.js
 create mode 100644 node_modules/playwright-core/lib/utils/isomorphic/trace/traceLoader.js
 create mode 100644 node_modules/playwright-core/lib/utils/isomorphic/trace/traceModel.js
 create mode 100644 node_modules/playwright-core/lib/utils/isomorphic/trace/traceModernizer.js
 create mode 100644 node_modules/playwright-core/lib/utils/isomorphic/trace/traceUtils.js
 create mode 100644 node_modules/playwright-core/lib/utils/isomorphic/trace/versions/traceV3.js
 create mode 100644 node_modules/playwright-core/lib/utils/isomorphic/trace/versions/traceV4.js
 create mode 100644 node_modules/playwright-core/lib/utils/isomorphic/trace/versions/traceV5.js
 create mode 100644 node_modules/playwright-core/lib/utils/isomorphic/trace/versions/traceV6.js
 create mode 100644 node_modules/playwright-core/lib/utils/isomorphic/trace/versions/traceV7.js
 create mode 100644 node_modules/playwright-core/lib/utils/isomorphic/trace/versions/traceV8.js
 create mode 100644 node_modules/playwright-core/lib/utils/isomorphic/types.js
 create mode 100644 node_modules/playwright-core/lib/utils/isomorphic/urlMatch.js
 create mode 100644 node_modules/playwright-core/lib/utils/isomorphic/utilityScriptSerializers.js
 create mode 100644 node_modules/playwright-core/lib/utils/isomorphic/yaml.js
 create mode 100644 node_modules/playwright-core/lib/utilsBundle.js
 create mode 100644 node_modules/playwright-core/lib/utilsBundleImpl/index.js
 create mode 100755 node_modules/playwright-core/lib/utilsBundleImpl/xdg-open
 create mode 100644 node_modules/playwright-core/lib/vite/dashboard/assets/index-BAOybkp8.js
 create mode 100644 node_modules/playwright-core/lib/vite/dashboard/assets/index-CZAYOG76.css
 create mode 100644 node_modules/playwright-core/lib/vite/dashboard/index.html
 create mode 100644 node_modules/playwright-core/lib/vite/htmlReport/index.html
 create mode 100644 node_modules/playwright-core/lib/vite/htmlReport/report.css
 create mode 100644 node_modules/playwright-core/lib/vite/htmlReport/report.js
 create mode 100644 node_modules/playwright-core/lib/vite/recorder/assets/codeMirrorModule-C8KMvO9L.js
 create mode 100644 node_modules/playwright-core/lib/vite/recorder/assets/codeMirrorModule-DYBRYzYX.css
 create mode 100644 node_modules/playwright-core/lib/vite/recorder/assets/codicon-DCmgc-ay.ttf
 create mode 100644 node_modules/playwright-core/lib/vite/recorder/assets/index-BSjZa4pk.css
 create mode 100644 node_modules/playwright-core/lib/vite/recorder/assets/index-CqAYX1I3.js
 create mode 100644 node_modules/playwright-core/lib/vite/recorder/index.html
 create mode 100644 node_modules/playwright-core/lib/vite/recorder/playwright-logo.svg
 create mode 100644 node_modules/playwright-core/lib/vite/traceViewer/assets/codeMirrorModule-DS0FLvoc.js
 create mode 100644 node_modules/playwright-core/lib/vite/traceViewer/assets/defaultSettingsView-GTWI-W_B.js
 create mode 100644 node_modules/playwright-core/lib/vite/traceViewer/assets/xtermModule-CsJ4vdCR.js
 create mode 100644 node_modules/playwright-core/lib/vite/traceViewer/codeMirrorModule.DYBRYzYX.css
 create mode 100644 node_modules/playwright-core/lib/vite/traceViewer/codicon.DCmgc-ay.ttf
 create mode 100644 node_modules/playwright-core/lib/vite/traceViewer/defaultSettingsView.B4dS75f0.css
 create mode 100644 node_modules/playwright-core/lib/vite/traceViewer/index.C5466mMT.js
 create mode 100644 node_modules/playwright-core/lib/vite/traceViewer/index.CzXZzn5A.css
 create mode 100644 node_modules/playwright-core/lib/vite/traceViewer/index.html
 create mode 100644 node_modules/playwright-core/lib/vite/traceViewer/manifest.webmanifest
 create mode 100644 node_modules/playwright-core/lib/vite/traceViewer/playwright-logo.svg
 create mode 100644 node_modules/playwright-core/lib/vite/traceViewer/snapshot.html
 create mode 100644 node_modules/playwright-core/lib/vite/traceViewer/sw.bundle.js
 create mode 100644 node_modules/playwright-core/lib/vite/traceViewer/uiMode.Btcz36p_.css
 create mode 100644 node_modules/playwright-core/lib/vite/traceViewer/uiMode.Vipi55dB.js
 create mode 100644 node_modules/playwright-core/lib/vite/traceViewer/uiMode.html
 create mode 100644 node_modules/playwright-core/lib/vite/traceViewer/xtermModule.DYP7pi_n.css
 create mode 100644 node_modules/playwright-core/lib/zipBundle.js
 create mode 100644 node_modules/playwright-core/lib/zipBundleImpl.js
 create mode 100644 node_modules/playwright-core/lib/zodBundle.js
 create mode 100644 node_modules/playwright-core/lib/zodBundleImpl.js
 create mode 100644 node_modules/playwright-core/package.json
 create mode 100644 node_modules/playwright-core/types/protocol.d.ts
 create mode 100644 node_modules/playwright-core/types/structs.d.ts
 create mode 100644 node_modules/playwright-core/types/types.d.ts
 create mode 100644 node_modules/playwright/LICENSE
 create mode 100644 node_modules/playwright/NOTICE
 create mode 100644 node_modules/playwright/README.md
 create mode 100644 node_modules/playwright/ThirdPartyNotices.txt
 create mode 100755 node_modules/playwright/cli.js
 create mode 100644 node_modules/playwright/index.d.ts
 create mode 100644 node_modules/playwright/index.js
 create mode 100644 node_modules/playwright/index.mjs
 create mode 100644 node_modules/playwright/jsx-runtime.js
 create mode 100644 node_modules/playwright/jsx-runtime.mjs
 create mode 100644 node_modules/playwright/lib/agents/agentParser.js
 create mode 100644 node_modules/playwright/lib/agents/copilot-setup-steps.yml
 create mode 100644 node_modules/playwright/lib/agents/generateAgents.js
 create mode 100644 node_modules/playwright/lib/agents/playwright-test-coverage.prompt.md
 create mode 100644 node_modules/playwright/lib/agents/playwright-test-generate.prompt.md
 create mode 100644 node_modules/playwright/lib/agents/playwright-test-generator.agent.md
 create mode 100644 node_modules/playwright/lib/agents/playwright-test-heal.prompt.md
 create mode 100644 node_modules/playwright/lib/agents/playwright-test-healer.agent.md
 create mode 100644 node_modules/playwright/lib/agents/playwright-test-plan.prompt.md
 create mode 100644 node_modules/playwright/lib/agents/playwright-test-planner.agent.md
 create mode 100644 node_modules/playwright/lib/common/config.js
 create mode 100644 node_modules/playwright/lib/common/configLoader.js
 create mode 100644 node_modules/playwright/lib/common/esmLoaderHost.js
 create mode 100644 node_modules/playwright/lib/common/expectBundle.js
 create mode 100644 node_modules/playwright/lib/common/expectBundleImpl.js
 create mode 100644 node_modules/playwright/lib/common/fixtures.js
 create mode 100644 node_modules/playwright/lib/common/globals.js
 create mode 100644 node_modules/playwright/lib/common/ipc.js
 create mode 100644 node_modules/playwright/lib/common/poolBuilder.js
 create mode 100644 node_modules/playwright/lib/common/process.js
 create mode 100644 node_modules/playwright/lib/common/suiteUtils.js
 create mode 100644 node_modules/playwright/lib/common/test.js
 create mode 100644 node_modules/playwright/lib/common/testLoader.js
 create mode 100644 node_modules/playwright/lib/common/testType.js
 create mode 100644 node_modules/playwright/lib/common/validators.js
 create mode 100644 node_modules/playwright/lib/errorContext.js
 create mode 100644 node_modules/playwright/lib/fsWatcher.js
 create mode 100644 node_modules/playwright/lib/index.js
 create mode 100644 node_modules/playwright/lib/internalsForTest.js
 create mode 100644 node_modules/playwright/lib/isomorphic/events.js
 create mode 100644 node_modules/playwright/lib/isomorphic/folders.js
 create mode 100644 node_modules/playwright/lib/isomorphic/stringInternPool.js
 create mode 100644 node_modules/playwright/lib/isomorphic/teleReceiver.js
 create mode 100644 node_modules/playwright/lib/isomorphic/teleSuiteUpdater.js
 create mode 100644 node_modules/playwright/lib/isomorphic/testServerConnection.js
 create mode 100644 node_modules/playwright/lib/isomorphic/testServerInterface.js
 create mode 100644 node_modules/playwright/lib/isomorphic/testTree.js
 create mode 100644 node_modules/playwright/lib/isomorphic/types.d.js
 create mode 100644 node_modules/playwright/lib/loader/loaderMain.js
 create mode 100644 node_modules/playwright/lib/matchers/expect.js
 create mode 100644 node_modules/playwright/lib/matchers/matcherHint.js
 create mode 100644 node_modules/playwright/lib/matchers/matchers.js
 create mode 100644 node_modules/playwright/lib/matchers/toBeTruthy.js
 create mode 100644 node_modules/playwright/lib/matchers/toEqual.js
 create mode 100644 node_modules/playwright/lib/matchers/toHaveURL.js
 create mode 100644 node_modules/playwright/lib/matchers/toMatchAriaSnapshot.js
 create mode 100644 node_modules/playwright/lib/matchers/toMatchSnapshot.js
 create mode 100644 node_modules/playwright/lib/matchers/toMatchText.js
 create mode 100644 node_modules/playwright/lib/mcp/test/browserBackend.js
 create mode 100644 node_modules/playwright/lib/mcp/test/generatorTools.js
 create mode 100644 node_modules/playwright/lib/mcp/test/plannerTools.js
 create mode 100644 node_modules/playwright/lib/mcp/test/seed.js
 create mode 100644 node_modules/playwright/lib/mcp/test/streams.js
 create mode 100644 node_modules/playwright/lib/mcp/test/testBackend.js
 create mode 100644 node_modules/playwright/lib/mcp/test/testContext.js
 create mode 100644 node_modules/playwright/lib/mcp/test/testTool.js
 create mode 100644 node_modules/playwright/lib/mcp/test/testTools.js
 create mode 100644 node_modules/playwright/lib/plugins/gitCommitInfoPlugin.js
 create mode 100644 node_modules/playwright/lib/plugins/index.js
 create mode 100644 node_modules/playwright/lib/plugins/webServerPlugin.js
 create mode 100644 node_modules/playwright/lib/program.js
 create mode 100644 node_modules/playwright/lib/reportActions.js
 create mode 100644 node_modules/playwright/lib/reporters/base.js
 create mode 100644 node_modules/playwright/lib/reporters/blob.js
 create mode 100644 node_modules/playwright/lib/reporters/dot.js
 create mode 100644 node_modules/playwright/lib/reporters/empty.js
 create mode 100644 node_modules/playwright/lib/reporters/github.js
 create mode 100644 node_modules/playwright/lib/reporters/html.js
 create mode 100644 node_modules/playwright/lib/reporters/internalReporter.js
 create mode 100644 node_modules/playwright/lib/reporters/json.js
 create mode 100644 node_modules/playwright/lib/reporters/junit.js
 create mode 100644 node_modules/playwright/lib/reporters/line.js
 create mode 100644 node_modules/playwright/lib/reporters/list.js
 create mode 100644 node_modules/playwright/lib/reporters/listModeReporter.js
 create mode 100644 node_modules/playwright/lib/reporters/markdown.js
 create mode 100644 node_modules/playwright/lib/reporters/merge.js
 create mode 100644 node_modules/playwright/lib/reporters/multiplexer.js
 create mode 100644 node_modules/playwright/lib/reporters/reporterV2.js
 create mode 100644 node_modules/playwright/lib/reporters/teleEmitter.js
 create mode 100644 node_modules/playwright/lib/reporters/versions/blobV1.js
 create mode 100644 node_modules/playwright/lib/runner/dispatcher.js
 create mode 100644 node_modules/playwright/lib/runner/failureTracker.js
 create mode 100644 node_modules/playwright/lib/runner/lastRun.js
 create mode 100644 node_modules/playwright/lib/runner/loadUtils.js
 create mode 100644 node_modules/playwright/lib/runner/loaderHost.js
 create mode 100644 node_modules/playwright/lib/runner/processHost.js
 create mode 100644 node_modules/playwright/lib/runner/projectUtils.js
 create mode 100644 node_modules/playwright/lib/runner/rebase.js
 create mode 100644 node_modules/playwright/lib/runner/reporters.js
 create mode 100644 node_modules/playwright/lib/runner/sigIntWatcher.js
 create mode 100644 node_modules/playwright/lib/runner/taskRunner.js
 create mode 100644 node_modules/playwright/lib/runner/tasks.js
 create mode 100644 node_modules/playwright/lib/runner/testGroups.js
 create mode 100644 node_modules/playwright/lib/runner/testRunner.js
 create mode 100644 node_modules/playwright/lib/runner/testServer.js
 create mode 100644 node_modules/playwright/lib/runner/uiModeReporter.js
 create mode 100644 node_modules/playwright/lib/runner/vcs.js
 create mode 100644 node_modules/playwright/lib/runner/watchMode.js
 create mode 100644 node_modules/playwright/lib/runner/workerHost.js
 create mode 100644 node_modules/playwright/lib/testActions.js
 create mode 100644 node_modules/playwright/lib/third_party/pirates.js
 create mode 100644 node_modules/playwright/lib/third_party/tsconfig-loader.js
 create mode 100644 node_modules/playwright/lib/transform/babelBundle.js
 create mode 100644 node_modules/playwright/lib/transform/babelBundleImpl.js
 create mode 100644 node_modules/playwright/lib/transform/compilationCache.js
 create mode 100644 node_modules/playwright/lib/transform/esmLoader.js
 create mode 100644 node_modules/playwright/lib/transform/portTransport.js
 create mode 100644 node_modules/playwright/lib/transform/transform.js
 create mode 100644 node_modules/playwright/lib/util.js
 create mode 100644 node_modules/playwright/lib/utilsBundle.js
 create mode 100644 node_modules/playwright/lib/utilsBundleImpl.js
 create mode 100644 node_modules/playwright/lib/worker/fixtureRunner.js
 create mode 100644 node_modules/playwright/lib/worker/testInfo.js
 create mode 100644 node_modules/playwright/lib/worker/testTracing.js
 create mode 100644 node_modules/playwright/lib/worker/timeoutManager.js
 create mode 100644 node_modules/playwright/lib/worker/util.js
 create mode 100644 node_modules/playwright/lib/worker/workerMain.js
 create mode 100644 node_modules/playwright/package.json
 create mode 100644 node_modules/playwright/test.d.ts
 create mode 100644 node_modules/playwright/test.js
 create mode 100644 node_modules/playwright/test.mjs
 create mode 100644 node_modules/playwright/types/test.d.ts
 create mode 100644 node_modules/playwright/types/testReporter.d.ts
 create mode 100644 package-lock.json
 create mode 100644 package.json
 create mode 100644 skills/wechat-mp-publisher/SKILL.md
 create mode 100644 skills/wechat-mp-publisher/config.json
 create mode 100644 skills/wechat-mp-publisher/media/simple-text.txt
 create mode 100644 skills/wechat-mp-publisher/references/commerce-content-strategy.md
 create mode 100644 skills/wechat-mp-publisher/references/commerce-rebrand-plan.md
 create mode 100644 skills/wechat-mp-publisher/references/content-strategy.md
 create mode 100644 skills/wechat-mp-publisher/references/published-articles.json
 create mode 100644 skills/wechat-mp-publisher/scripts/check-session-and-articles.js
 create mode 100644 skills/wechat-mp-publisher/scripts/create-cover-and-publish.js
 create mode 100644 skills/wechat-mp-publisher/scripts/extract-articles-with-session.js
 create mode 100644 skills/wechat-mp-publisher/scripts/publish-article.js
 create mode 100644 skills/wechat-mp-publisher/scripts/publish-clean-version.js
 create mode 100644 skills/wechat-mp-publisher/scripts/publish-draft.js
 create mode 100644 skills/wechat-mp-publisher/scripts/publish-final-article.js
 create mode 100644 skills/wechat-mp-publisher/scripts/publish-first-commerce.js
 create mode 100644 skills/wechat-mp-publisher/scripts/publish-optimized-article.js
 create mode 100644 skills/wechat-mp-publisher/scripts/publish-section-yoga.js
 create mode 100644 skills/wechat-mp-publisher/scripts/publish-to-draft-api-v2.js
 create mode 100644 skills/wechat-mp-publisher/scripts/publish-to-draft-browser.js
 create mode 100644 skills/wechat-mp-publisher/scripts/publish-to-draft.js
 create mode 100644 skills/wechat-mp-publisher/scripts/publish-with-cover-optimized.js
 create mode 100644 skills/wechat-mp-publisher/scripts/publish-yoga-breathing.js
 create mode 100644 skills/wechat-mp-publisher/scripts/read-articles-correct-url.js
 create mode 100644 skills/wechat-mp-publisher/scripts/read-published-articles-v2.js
 create mode 100644 skills/wechat-mp-publisher/scripts/read-published-articles.js
 create mode 100755 skills/wechat-mp-publisher/scripts/run-login.sh
 create mode 100644 skills/wechat-mp-publisher/scripts/test-api-connection.js
 create mode 100644 skills/wechat-mp-publisher/scripts/upload-all-images.js
 create mode 100644 skills/wechat-mp-publisher/scripts/upload-clean-images.js
 create mode 100644 skills/wechat-mp-publisher/scripts/upload-permanent-material.js
 create mode 100644 skills/wechat-mp-publisher/scripts/upload-real-photos.js
 create mode 100644 skills/wechat-mp-publisher/scripts/upload-section-yoga-images.js
 create mode 100644 skills/wechat-mp-publisher/scripts/upload-yoga-images.js
 create mode 100644 skills/wechat-mp-publisher/scripts/wechat-mp-login-automated.js
 create mode 100644 skills/wechat-mp-publisher/scripts/wechat-mp-login-direct.js
 create mode 100644 skills/wechat-mp-publisher/scripts/wechat-mp-login-headless.js
 create mode 100644 skills/wechat-mp-publisher/scripts/wechat-mp-login-persistent.js
 create mode 100644 skills/wechat-mp-publisher/scripts/wechat-mp-login-screenshot.js
 create mode 100755 skills/wechat-mp-publisher/scripts/wechat-mp-login-xvfb.sh
 create mode 100644 skills/wechat-mp-publisher/scripts/wechat-mp-login.js
 create mode 100644 skills/wechat-mp-publisher/scripts/wechat-mp-publish.js
 create mode 100644 skills/wechat-mp-publisher/templates/article-template.html
 create mode 100644 skills/wechat-mp-publisher/templates/yoga-article-anxiety-relief.html
 create mode 100644 skills/wechat-mp-publisher/templates/yoga-article-template.html
To github.com:zhaog100/xiaomijiao-skills.git
   8a1fe7fb..170433af  main -> main
[main 1636c926] docs(xiaomijiao): 每日回顾 - 2026-04-24
 Committer: root <root@localhost.localdomain>
Your name and email address were configured automatically based
on your username and hostname. Please check that they are accurate.
You can suppress this message by setting them explicitly. Run the
following command and follow the instructions in your editor to edit
your configuration file:

    git config --global --edit

After doing this, you may fix the identity used for this commit with:

    git commit --amend --reset-author

 6 files changed, 1023 insertions(+), 3 deletions(-)
To github.com:zhaog100/xiaomijiao-skills.git
   170433af..1636c926  main -> main
[main ef57fa78] docs(xiaomijiao): 午间回顾 - 2026-04-25
 Committer: root <root@localhost.localdomain>
Your name and email address were configured automatically based
on your username and hostname. Please check that they are accurate.
You can suppress this message by setting them explicitly. Run the
following command and follow the instructions in your editor to edit
your configuration file:

    git config --global --edit

After doing this, you may fix the identity used for this commit with:

    git commit --amend --reset-author

 5 files changed, 1482 insertions(+)
 create mode 100644 agents/xiaomijiao/memory/chat-2026-04-25.md
 create mode 100644 memory/2026-04-25.md
To github.com:zhaog100/xiaomijiao-skills.git
   f28ce73d..ef57fa78  main -> main
[main d1b1fd56] docs: AI学习总结 - 2026-04-25
 Committer: root <root@localhost.localdomain>
Your name and email address were configured automatically based
on your username and hostname. Please check that they are accurate.
You can suppress this message by setting them explicitly. Run the
following command and follow the instructions in your editor to edit
your configuration file:

    git config --global --edit

After doing this, you may fix the identity used for this commit with:

    git commit --amend --reset-author

 1 file changed, 18 insertions(+)
 create mode 100644 "memory/ai\345\255\246\344\271\240-2026-04-25.md"
[main 12f84a7b] docs(xiaomijiao): 午间回顾 - 2026-04-26
 Committer: root <root@localhost.localdomain>
Your name and email address were configured automatically based
on your username and hostname. Please check that they are accurate.
You can suppress this message by setting them explicitly. Run the
following command and follow the instructions in your editor to edit
your configuration file:

    git config --global --edit

After doing this, you may fix the identity used for this commit with:

    git commit --amend --reset-author

 5 files changed, 1267 insertions(+)
 create mode 100644 agents/xiaomijiao/memory/chat-2026-04-26.md
 create mode 100644 memory/2026-04-26.md
To github.com:zhaog100/xiaomijiao-skills.git
   5439efb3..12f84a7b  main -> main
[main 6bdd20b7] docs: AI学习总结 - 2026-04-26
 Committer: root <root@localhost.localdomain>
Your name and email address were configured automatically based
on your username and hostname. Please check that they are accurate.
You can suppress this message by setting them explicitly. Run the
following command and follow the instructions in your editor to edit
your configuration file:

    git config --global --edit

After doing this, you may fix the identity used for this commit with:

    git commit --amend --reset-author

 1 file changed, 18 insertions(+)
 create mode 100644 "memory/ai\345\255\246\344\271\240-2026-04-26.md"
[main d1616c07] docs: AI学习总结 - 2026-04-27
 Committer: root <root@localhost.localdomain>
Your name and email address were configured automatically based
on your username and hostname. Please check that they are accurate.
You can suppress this message by setting them explicitly. Run the
following command and follow the instructions in your editor to edit
your configuration file:

    git config --global --edit

After doing this, you may fix the identity used for this commit with:

    git commit --amend --reset-author

 1 file changed, 18 insertions(+)
 create mode 100644 "memory/ai\345\255\246\344\271\240-2026-04-27.md"
[main 1631e8f2] docs(xiaomijiao): 午间回顾 - 2026-04-28
 Committer: root <root@localhost.localdomain>
Your name and email address were configured automatically based
on your username and hostname. Please check that they are accurate.
You can suppress this message by setting them explicitly. Run the
following command and follow the instructions in your editor to edit
your configuration file:

    git config --global --edit

After doing this, you may fix the identity used for this commit with:

    git commit --amend --reset-author

 5 files changed, 2564 insertions(+)
 create mode 100644 agents/xiaomijiao/memory/chat-2026-04-28.md
To github.com:zhaog100/xiaomijiao-skills.git
   9b2b7bd7..1631e8f2  main -> main
[main c684b884] docs: AI学习总结 - 2026-04-28
 Committer: root <root@localhost.localdomain>
Your name and email address were configured automatically based
on your username and hostname. Please check that they are accurate.
You can suppress this message by setting them explicitly. Run the
following command and follow the instructions in your editor to edit
your configuration file:

    git config --global --edit

After doing this, you may fix the identity used for this commit with:

    git commit --amend --reset-author

 1 file changed, 18 insertions(+)
 create mode 100644 "memory/ai\345\255\246\344\271\240-2026-04-28.md"
[main efbf9245] docs(xiaomijiao): 午间回顾 - 2026-04-29
 Committer: root <root@localhost.localdomain>
Your name and email address were configured automatically based
on your username and hostname. Please check that they are accurate.
You can suppress this message by setting them explicitly. Run the
following command and follow the instructions in your editor to edit
your configuration file:

    git config --global --edit

After doing this, you may fix the identity used for this commit with:

    git commit --amend --reset-author

 8 files changed, 2795 insertions(+), 13 deletions(-)
 create mode 100644 agents/xiaomijiao/memory/chat-2026-04-29.md
 create mode 100644 memory/2026-04-29.md
To github.com:zhaog100/xiaomijiao-skills.git
   738c13a7..efbf9245  main -> main
[main 6bd98a56] docs: AI学习总结 - 2026-04-29
 Committer: root <root@localhost.localdomain>
Your name and email address were configured automatically based
on your username and hostname. Please check that they are accurate.
You can suppress this message by setting them explicitly. Run the
following command and follow the instructions in your editor to edit
your configuration file:

    git config --global --edit

After doing this, you may fix the identity used for this commit with:

    git commit --amend --reset-author

 1 file changed, 18 insertions(+)
 create mode 100644 "memory/ai\345\255\246\344\271\240-2026-04-29.md"
[main f44888ad] docs(xiaomijiao): 每日回顾 - 2026-04-29
 Committer: root <root@localhost.localdomain>
Your name and email address were configured automatically based
on your username and hostname. Please check that they are accurate.
You can suppress this message by setting them explicitly. Run the
following command and follow the instructions in your editor to edit
your configuration file:

    git config --global --edit

After doing this, you may fix the identity used for this commit with:

    git commit --amend --reset-author

 10 files changed, 2916 insertions(+), 22 deletions(-)
 create mode 100644 knowledge-base/reviews/commerce-analytics-20260429-weekly.md
 create mode 100644 knowledge-base/reviews/commerce-analytics-20260429.md
To github.com:zhaog100/xiaomijiao-skills.git
   efbf9245..f44888ad  main -> main
[main 1bd21e9e] docs(xiaomijiao): 午间回顾 - 2026-04-30
 Committer: root <root@localhost.localdomain>
Your name and email address were configured automatically based
on your username and hostname. Please check that they are accurate.
You can suppress this message by setting them explicitly. Run the
following command and follow the instructions in your editor to edit
your configuration file:

    git config --global --edit

After doing this, you may fix the identity used for this commit with:

    git commit --amend --reset-author

 15 files changed, 1696 insertions(+), 147 deletions(-)
 create mode 100644 agents/xiaomijiao/memory/chat-2026-04-30.md
 create mode 100644 "intel/2026-04-30-\345\215\210\351\227\264\345\233\236\351\241\276.md"
 create mode 100644 knowledge-base/topics/2026-04-30-xhs-topics.md
 create mode 100644 memory/2026-04-30.md
To github.com:zhaog100/xiaomijiao-skills.git
   8eecef7b..1bd21e9e  main -> main
[main f3502d1d] docs: AI学习总结 - 2026-04-30
 Committer: root <root@localhost.localdomain>
Your name and email address were configured automatically based
on your username and hostname. Please check that they are accurate.
You can suppress this message by setting them explicitly. Run the
following command and follow the instructions in your editor to edit
your configuration file:

    git config --global --edit

After doing this, you may fix the identity used for this commit with:

    git commit --amend --reset-author

 1 file changed, 18 insertions(+)
 create mode 100644 "memory/ai\345\255\246\344\271\240-2026-04-30.md"
[main 90b304ca] docs(xiaomijiao): 周报 - 2026-04-24 ~ 2026-05-01
 Committer: root <root@localhost.localdomain>
Your name and email address were configured automatically based
on your username and hostname. Please check that they are accurate.
You can suppress this message by setting them explicitly. Run the
following command and follow the instructions in your editor to edit
your configuration file:

    git config --global --edit

After doing this, you may fix the identity used for this commit with:

    git commit --amend --reset-author

 4 files changed, 47 insertions(+)
 create mode 100644 memory/weekly-2026-05-01.md
To github.com:zhaog100/xiaomijiao-skills.git
   edf99135..90b304ca  main -> main
[main 74317ead] docs: AI学习总结 - 2026-05-01
 Committer: root <root@localhost.localdomain>
Your name and email address were configured automatically based
on your username and hostname. Please check that they are accurate.
You can suppress this message by setting them explicitly. Run the
following command and follow the instructions in your editor to edit
your configuration file:

    git config --global --edit

After doing this, you may fix the identity used for this commit with:

    git commit --amend --reset-author

 1 file changed, 18 insertions(+)
 create mode 100644 "memory/ai\345\255\246\344\271\240-2026-05-01.md"
[main b2e64a7e] docs: AI学习总结 - 2026-05-02
 Committer: root <root@localhost.localdomain>
Your name and email address were configured automatically based
on your username and hostname. Please check that they are accurate.
You can suppress this message by setting them explicitly. Run the
following command and follow the instructions in your editor to edit
your configuration file:

    git config --global --edit

After doing this, you may fix the identity used for this commit with:

    git commit --amend --reset-author

 1 file changed, 18 insertions(+)
 create mode 100644 "memory/ai\345\255\246\344\271\240-2026-05-02.md"
[master 3ea9a85d] docs(xiaomijiao): 午间回顾 - 2026-05-07
 Committer: root <root@localhost.localdomain>
Your name and email address were configured automatically based
on your username and hostname. Please check that they are accurate.
You can suppress this message by setting them explicitly. Run the
following command and follow the instructions in your editor to edit
your configuration file:

    git config --global --edit

After doing this, you may fix the identity used for this commit with:

    git commit --amend --reset-author

 79 files changed, 9515 insertions(+), 453 deletions(-)
 create mode 100644 agents/xiaomijiao/memory/chat-2026-05-07.md
 create mode 100644 drafts/yoga-first-article-draft.html
 create mode 100644 logs/data-review.log
 create mode 100644 logs/oil-gold-push.log
 create mode 100644 logs/report_2026-05-07.txt
 create mode 100644 logs/wechat-publish.log
 create mode 100644 memory/2026-05-07.md
 create mode 100644 publish/yoga-article-publish.txt
 create mode 100755 scripts/data-review.sh
 create mode 100644 scripts/enhanced-daily-review.sh
 create mode 100755 scripts/platform-rules.sh
 create mode 100755 scripts/wechat-publish.sh
 create mode 100755 scripts/weekly-summary.sh
 create mode 100644 skills/wechat-mp-publisher/scripts/final-draft.js
 create mode 100644 skills/wechat-mp-publisher/scripts/publish-new-draft.js
 create mode 100644 skills/wechat-mp-publisher/scripts/simple-draft.js
 create mode 100644 skills/wechat-mp-publisher/scripts/upload-image-and-publish.js
 create mode 100644 temp/additional_jd_scripts.sh
 create mode 100644 temp/alternative_crontab_setup.sh
 create mode 100644 temp/cookie_debug.js
 create mode 100644 temp/create_ql_tasks_via_api.js
 create mode 100644 temp/create_remaining_scripts.sh
 create mode 100644 temp/create_tasks_simple.sh
 create mode 100644 temp/debug_account_issue.sh
 create mode 100644 temp/force_ql_restart.sh
 create mode 100644 temp/full_jd_test.sh
 create mode 100644 temp/improved_cash_task.js
 create mode 100644 temp/jd_basic_sign.js
 create mode 100644 temp/jd_cash_sign.js
 create mode 100644 temp/jd_config.sh
 create mode 100644 temp/jd_config_complete.sh
 create mode 100644 temp/jd_env.sh
 create mode 100644 temp/jd_install_script.sh
 create mode 100644 temp/jd_install_v2.sh
 create mode 100644 temp/jd_live_test.sh
 create mode 100644 temp/jd_manual_install.sh
 create mode 100644 temp/jd_monitoring_dashboard.sh
 create mode 100644 temp/jd_plant_bean.js
 create mode 100644 temp/jd_points_to_phone.js
 create mode 100644 temp/jd_price_protection.js
 create mode 100644 temp/jd_schedule_config.sh
 create mode 100644 temp/jd_task_config.json
 create mode 100644 temp/jd_test_summary.sh
 create mode 100644 temp/manual_crontab_setup.sh
 create mode 100644 temp/multi_task_test.sh
 create mode 100644 temp/plant_bean_monitor_setup.sh
 create mode 100644 temp/plant_bean_monitoring_plan.md
 create mode 100644 temp/qinglong_admin_guide.sh
 create mode 100644 temp/ql_db_direct_insert.sh
 create mode 100644 temp/ql_manual_task_guide.md
 create mode 100644 temp/ql_tasks_direct_create.sh
 create mode 100644 temp/ql_update_and_restart.sh
 create mode 100644 temp/test_all_jd_tasks.sh
 create mode 100755 temp/test_jd.sh
 create mode 100644 temp/test_jd_sign.sh
 create mode 100644 temp/test_optimized_tasks.sh
 create mode 100644 "temp/\345\260\217\347\272\242\344\271\2469\345\274\240\345\233\276\347\211\207\345\256\214\346\225\264\346\226\207\346\241\210.txt"
 create mode 100644 "temp/\345\260\217\347\272\242\344\271\246\350\222\270\346\261\275\347\234\274\347\275\251\350\277\220\350\220\245\346\226\271\346\241\210.md"
 create mode 100644 "temp/\345\260\217\347\272\242\344\271\246\350\222\270\346\261\275\347\234\274\347\275\251\350\277\220\350\220\245\346\226\271\346\241\210.txt"
 create mode 100644 templates/yoga-article-anxiety-relief.html
 create mode 100644 templates/yoga-first-article.html
 create mode 100644 templates/yoga-transition-article.html
fatal: 'xiaomijiao' does not appear to be a git repository
fatal: Could not read from remote repository.

Please make sure you have the correct access rights
and the repository exists.
[master 7d130972] docs(xiaomijiao): 午间回顾 - 2026-05-08
 Committer: root <root@localhost.localdomain>
Your name and email address were configured automatically based
on your username and hostname. Please check that they are accurate.
You can suppress this message by setting them explicitly. Run the
following command and follow the instructions in your editor to edit
your configuration file:

    git config --global --edit

After doing this, you may fix the identity used for this commit with:

    git commit --amend --reset-author

 14 files changed, 2738 insertions(+), 81 deletions(-)
 create mode 100644 agents/xiaomijiao/memory/chat-2026-05-08.md
 create mode 100644 logs/report_2026-05-08.txt
 create mode 100644 memory/2026-05-08.md
 create mode 100644 oil-gold-silver-investment-report-2026-05-08-standard.md
 create mode 100644 oil-gold-silver-investment-report-2026-05-08.md
 create mode 100644 oil-gold-standard-report-2026-05-08.md
fatal: 'xiaomijiao' does not appear to be a git repository
fatal: Could not read from remote repository.

Please make sure you have the correct access rights
and the repository exists.
[master 6ee029b9] docs(xiaomijiao): 每日回顾 - 2026-05-09
 Committer: root <root@localhost.localdomain>
Your name and email address were configured automatically based
on your username and hostname. Please check that they are accurate.
You can suppress this message by setting them explicitly. Run the
following command and follow the instructions in your editor to edit
your configuration file:

    git config --global --edit

After doing this, you may fix the identity used for this commit with:

    git commit --amend --reset-author

 36 files changed, 4633 insertions(+), 95 deletions(-)
 create mode 100644 agents/xiaomijiao/memory/chat-2026-05-09.md
 create mode 100644 content/xiaohongshu-neck-massager-optimized.md
 create mode 100644 content/yoga-shoulder-guide-optimized.html
 create mode 100644 content/yoga-shoulder-guide-optimized.txt
 create mode 100644 logs/oil-gold-evening-2026-05-08.log
 create mode 100644 logs/oil-gold-morning-2026-05-09.log
 create mode 100644 logs/oil-gold-us-market-2026-05-08.log
 create mode 100644 memory/2026-05-09.md
 create mode 100644 skills/wechat-mp-publisher/config/draft-config-github-v2.0.1.json
 create mode 100644 skills/wechat-mp-publisher/config/draft-config.json.bak
 create mode 100644 skills/wechat-mp-publisher/config/draft-config.json.temp
 create mode 100644 skills/wechat-mp-publisher/output/health-diet-correct-cover.png
 create mode 100644 skills/wechat-mp-publisher/output/health-diet-final-cover.png
 create mode 100644 skills/wechat-mp-publisher/output/health-diet-unified-cover.png
 create mode 100644 skills/wechat-mp-publisher/output/yoga-body-correct-cover.png
 create mode 100644 skills/wechat-mp-publisher/output/yoga-body-final-cover.png
 create mode 100644 skills/wechat-mp-publisher/output/yoga-body-unified-cover.png
 create mode 100644 skills/wechat-mp-publisher/output/yoga-shoulder-correct-cover.png
 create mode 100644 skills/wechat-mp-publisher/output/yoga-shoulder-final-cover.png
 create mode 100644 skills/wechat-mp-publisher/output/yoga-shoulder-optimized-cover.png
 create mode 100644 skills/wechat-mp-publisher/output/yoga-shoulder-unified-cover.png
 create mode 100644 skills/wechat-mp-publisher/scripts/wechat-draft-github-v2.0.1.js
 create mode 100644 skills/wechat-mp-publisher/scripts/wechat-draft.js
 create mode 100644 tools/exam-demo.py
 create mode 100644 tools/exam-filter-cli.py
 create mode 100644 tools/exam-position-filter.py
fatal: 'xiaomijiao' does not appear to be a git repository
fatal: Could not read from remote repository.

Please make sure you have the correct access rights
and the repository exists.
[master 87f07f85] docs(xiaomijiao): 午间回顾 - 2026-05-09
 Committer: root <root@localhost.localdomain>
Your name and email address were configured automatically based
on your username and hostname. Please check that they are accurate.
You can suppress this message by setting them explicitly. Run the
following command and follow the instructions in your editor to edit
your configuration file:

    git config --global --edit

After doing this, you may fix the identity used for this commit with:

    git commit --amend --reset-author

 3 files changed, 108 insertions(+), 2 deletions(-)
fatal: 'xiaomijiao' does not appear to be a git repository
fatal: Could not read from remote repository.

Please make sure you have the correct access rights
and the repository exists.
[master d7c0d350] docs(xiaomijiao): 午间回顾 - 2026-05-09
 Committer: root <root@localhost.localdomain>
Your name and email address were configured automatically based
on your username and hostname. Please check that they are accurate.
You can suppress this message by setting them explicitly. Run the
following command and follow the instructions in your editor to edit
your configuration file:

    git config --global --edit

After doing this, you may fix the identity used for this commit with:

    git commit --amend --reset-author

 6 files changed, 796 insertions(+), 4 deletions(-)
 create mode 100644 logs/oil-gold-afternoon-2026-05-09.log
fatal: 'xiaomijiao' does not appear to be a git repository
fatal: Could not read from remote repository.

Please make sure you have the correct access rights
and the repository exists.
[master b010f76f] docs(xiaomijiao): 每日回顾 - 2026-05-09
 Committer: root <root@localhost.localdomain>
Your name and email address were configured automatically based
on your username and hostname. Please check that they are accurate.
You can suppress this message by setting them explicitly. Run the
following command and follow the instructions in your editor to edit
your configuration file:

    git config --global --edit

After doing this, you may fix the identity used for this commit with:

    git commit --amend --reset-author

 63 files changed, 6795 insertions(+), 10693 deletions(-)
 create mode 100644 drafts/office-yoga-5min-draft.html
 create mode 100644 drafts/office-yoga-complete-guide-draft.html
 create mode 100644 drafts/yoga-stress-relief-draft.html
 delete mode 100644 intel/archive/oil-gold-geopolitics-upgrade.txt
 delete mode 100644 intel/archive/oil-gold-skill-diagnosis.txt
 delete mode 100644 intel/archive/oil-gold-skill-fixes.txt
 delete mode 100644 intel/archive/oil-gold-v1.5.5-bug-feedback.txt
 delete mode 100644 intel/oil-gold-geopolitics-upgrade.md
 delete mode 100644 logs/oil-gold-afternoon-2026-05-09.log
 delete mode 100644 logs/oil-gold-cron.log
 delete mode 100644 logs/oil-gold-evening-2026-05-08.log
 delete mode 100644 logs/oil-gold-morning-2026-05-09.log
 delete mode 100644 logs/oil-gold-push.log
 delete mode 100644 logs/oil-gold-us-market-2026-05-08.log
 delete mode 100644 logs/oil-gold.log
 delete mode 100644 oil-gold-silver-investment-report-2026-05-08-standard.md
 delete mode 100644 oil-gold-silver-investment-report-2026-05-08.md
 delete mode 100644 oil-gold-standard-report-2026-05-08.md
 delete mode 100755 scripts/oil-gold-cron.sh
 delete mode 100755 scripts/oil-gold-tasks.sh
 delete mode 100755 scripts/oil-gold-us-adapter.sh
 delete mode 100755 scripts/send-oil-gold-report.sh
 delete mode 100644 skills/oil-gold-correlation/.gitignore
 delete mode 100644 skills/oil-gold-correlation/SKILL.md
 delete mode 100644 skills/oil-gold-correlation/cache/geopolitics_cache.json
 delete mode 100644 skills/oil-gold-correlation/config/push-config.yaml
 delete mode 100755 skills/oil-gold-correlation/oil-gold-us-adapter.sh
 delete mode 100644 skills/oil-gold-correlation/output_part1.txt
 delete mode 100644 skills/oil-gold-correlation/output_part2.txt
 delete mode 100644 skills/oil-gold-correlation/package.json
 delete mode 100644 skills/oil-gold-correlation/push-scheme-v2.md
 delete mode 100644 skills/oil-gold-correlation/requirements.txt
 delete mode 100644 skills/oil-gold-correlation/scripts/advisor.py
 delete mode 100644 skills/oil-gold-correlation/scripts/analysis.py
 delete mode 100644 skills/oil-gold-correlation/scripts/config.py
 delete mode 100644 skills/oil-gold-correlation/scripts/fetch_alpha_vantage.py
 delete mode 100644 skills/oil-gold-correlation/scripts/fetch_data.py
 delete mode 100644 skills/oil-gold-correlation/scripts/fetch_fred.py
 delete mode 100644 skills/oil-gold-correlation/scripts/fetch_twelve_data.py
 delete mode 100644 skills/oil-gold-correlation/scripts/geopolitics.py
 delete mode 100644 skills/oil-gold-correlation/scripts/multi_source.py
 delete mode 100644 skills/oil-gold-correlation/scripts/opportunity_scanner.py
 delete mode 100644 skills/oil-gold-correlation/scripts/report.py
 delete mode 100644 skills/oil-gold-correlation/scripts/report_card.py
 delete mode 100644 skills/oil-gold-correlation/scripts/report_text.py
 delete mode 100644 skills/oil-gold-correlation/scripts/report_text_brief.py
 delete mode 100644 skills/oil-gold-correlation/scripts/report_text_v2.0_draft.py
 delete mode 100644 skills/oil-gold-correlation/scripts/test_report.py
 delete mode 100644 skills/oil-gold-correlation/scripts/visualize.py
 create mode 100644 skills/wechat-mp-publisher/scripts/publish-office-yoga-guide.js
 create mode 100644 templates/office-yoga-complete-guide.html
 create mode 100644 templates/xiaohongshu-style-template.html
fatal: 'xiaomijiao' does not appear to be a git repository
fatal: Could not read from remote repository.

Please make sure you have the correct access rights
and the repository exists.
[master c94c15e1] docs(xiaomijiao): 午间回顾 - 2026-05-10
 Committer: root <root@localhost.localdomain>
Your name and email address were configured automatically based
on your username and hostname. Please check that they are accurate.
You can suppress this message by setting them explicitly. Run the
following command and follow the instructions in your editor to edit
your configuration file:

    git config --global --edit

After doing this, you may fix the identity used for this commit with:

    git commit --amend --reset-author

 7 files changed, 790 insertions(+), 24 deletions(-)
 create mode 100644 agents/xiaomijiao/memory/chat-2026-05-10.md
 create mode 100644 memory/2026-05-10.md
fatal: 'xiaomijiao' does not appear to be a git repository
fatal: Could not read from remote repository.

Please make sure you have the correct access rights
and the repository exists.
[master b1930ec1] docs(xiaomijiao): 每日回顾 - 2026-05-10
 Committer: root <root@localhost.localdomain>
Your name and email address were configured automatically based
on your username and hostname. Please check that they are accurate.
You can suppress this message by setting them explicitly. Run the
following command and follow the instructions in your editor to edit
your configuration file:

    git config --global --edit

After doing this, you may fix the identity used for this commit with:

    git commit --amend --reset-author

 9 files changed, 874 insertions(+), 68 deletions(-)
 create mode 100644 logs/oil-gold-manual.log
 create mode 100644 logs/weekly.log
 create mode 100755 scripts/oil-gold-cron.sh
fatal: 'xiaomijiao' does not appear to be a git repository
fatal: Could not read from remote repository.

Please make sure you have the correct access rights
and the repository exists.
[master 4a624d50] docs(xiaomijiao): 午间回顾 - 2026-05-11
 Committer: root <root@localhost.localdomain>
Your name and email address were configured automatically based
on your username and hostname. Please check that they are accurate.
You can suppress this message by setting them explicitly. Run the
following command and follow the instructions in your editor to edit
your configuration file:

    git config --global --edit

After doing this, you may fix the identity used for this commit with:

    git commit --amend --reset-author

 10 files changed, 513 insertions(+), 52 deletions(-)
 create mode 100644 agents/xiaomijiao/memory/chat-2026-05-11.md
 create mode 100644 logs/platform-rules.log
 create mode 100644 memory/2026-05-11.md
fatal: 'xiaomijiao' does not appear to be a git repository
fatal: Could not read from remote repository.

Please make sure you have the correct access rights
and the repository exists.
[master 0180081c] docs(xiaomijiao): 每日回顾 - 2026-05-11
 Committer: root <root@localhost.localdomain>
Your name and email address were configured automatically based
on your username and hostname. Please check that they are accurate.
You can suppress this message by setting them explicitly. Run the
following command and follow the instructions in your editor to edit
your configuration file:

    git config --global --edit

After doing this, you may fix the identity used for this commit with:

    git commit --amend --reset-author

 5 files changed, 1005 insertions(+), 5 deletions(-)
fatal: 'xiaomijiao' does not appear to be a git repository
fatal: Could not read from remote repository.

Please make sure you have the correct access rights
and the repository exists.
[master 86eeb9a3] docs(xiaomijiao): 午间回顾 - 2026-05-12
 Committer: root <root@localhost.localdomain>
Your name and email address were configured automatically based
on your username and hostname. Please check that they are accurate.
You can suppress this message by setting them explicitly. Run the
following command and follow the instructions in your editor to edit
your configuration file:

    git config --global --edit

After doing this, you may fix the identity used for this commit with:

    git commit --amend --reset-author

 8 files changed, 565 insertions(+), 23 deletions(-)
 create mode 100644 agents/xiaomijiao/memory/chat-2026-05-12.md
 create mode 100644 memory/2026-05-12.md
fatal: 'xiaomijiao' does not appear to be a git repository
fatal: Could not read from remote repository.

Please make sure you have the correct access rights
and the repository exists.
[master 8c346108] docs(xiaomijiao): 每日回顾 - 2026-05-12
 Committer: root <root@localhost.localdomain>
Your name and email address were configured automatically based
on your username and hostname. Please check that they are accurate.
You can suppress this message by setting them explicitly. Run the
following command and follow the instructions in your editor to edit
your configuration file:

    git config --global --edit

After doing this, you may fix the identity used for this commit with:

    git commit --amend --reset-author

 33 files changed, 528 insertions(+), 7660 deletions(-)
 delete mode 100644 "intel/archive/\347\237\263\346\262\271\351\273\204\351\207\221\346\212\245\345\221\212\346\250\241\346\235\277\344\274\230\345\214\226\346\226\271\346\241\210.txt"
 delete mode 100644 "intel/archive/\347\237\263\346\262\271\351\273\204\351\207\221\347\233\270\345\205\263\346\200\247\345\210\206\346\236\220\346\212\200\350\203\275\346\226\271\346\241\210.txt"
 delete mode 100644 "intel/\347\237\263\346\262\271\351\273\204\351\207\221\347\233\270\345\205\263\346\200\247\345\210\206\346\236\220\346\212\200\350\203\275\346\226\271\346\241\210.md"
 delete mode 100644 logs/oil-gold-manual.log
 delete mode 100755 scripts/oil-gold-cron.sh
 delete mode 100644 skills_backup_20260505_145010_DEPRECATED/oil-gold-correlation/.gitignore
 delete mode 100644 skills_backup_20260505_145010_DEPRECATED/oil-gold-correlation/SKILL.md
 delete mode 100644 skills_backup_20260505_145010_DEPRECATED/oil-gold-correlation/cache/geopolitics_cache.json
 delete mode 100644 skills_backup_20260505_145010_DEPRECATED/oil-gold-correlation/config/push-config.yaml
 delete mode 100644 skills_backup_20260505_145010_DEPRECATED/oil-gold-correlation/oil-gold-us-adapter.sh
 delete mode 100644 skills_backup_20260505_145010_DEPRECATED/oil-gold-correlation/push-scheme-v2.md
 delete mode 100644 skills_backup_20260505_145010_DEPRECATED/oil-gold-correlation/requirements.txt
 delete mode 100644 skills_backup_20260505_145010_DEPRECATED/oil-gold-correlation/scripts/advisor.py
 delete mode 100644 skills_backup_20260505_145010_DEPRECATED/oil-gold-correlation/scripts/analysis.py
 delete mode 100644 skills_backup_20260505_145010_DEPRECATED/oil-gold-correlation/scripts/config.py
 delete mode 100644 skills_backup_20260505_145010_DEPRECATED/oil-gold-correlation/scripts/fetch_alpha_vantage.py
 delete mode 100644 skills_backup_20260505_145010_DEPRECATED/oil-gold-correlation/scripts/fetch_data.py
 delete mode 100644 skills_backup_20260505_145010_DEPRECATED/oil-gold-correlation/scripts/fetch_fred.py
 delete mode 100644 skills_backup_20260505_145010_DEPRECATED/oil-gold-correlation/scripts/fetch_twelve_data.py
 delete mode 100644 skills_backup_20260505_145010_DEPRECATED/oil-gold-correlation/scripts/geopolitics.py
 delete mode 100644 skills_backup_20260505_145010_DEPRECATED/oil-gold-correlation/scripts/multi_source.py
 delete mode 100644 skills_backup_20260505_145010_DEPRECATED/oil-gold-correlation/scripts/opportunity_scanner.py
 delete mode 100644 skills_backup_20260505_145010_DEPRECATED/oil-gold-correlation/scripts/report.py
 delete mode 100644 skills_backup_20260505_145010_DEPRECATED/oil-gold-correlation/scripts/report_card.py
 delete mode 100644 skills_backup_20260505_145010_DEPRECATED/oil-gold-correlation/scripts/report_text.py
 delete mode 100644 skills_backup_20260505_145010_DEPRECATED/oil-gold-correlation/scripts/report_text_v2.0_draft.py
 delete mode 100644 skills_backup_20260505_145010_DEPRECATED/oil-gold-correlation/scripts/test_report.py
 delete mode 100644 skills_backup_20260505_145010_DEPRECATED/oil-gold-correlation/scripts/visualize.py
fatal: 'xiaomijiao' does not appear to be a git repository
fatal: Could not read from remote repository.

Please make sure you have the correct access rights
and the repository exists.
[master 46e7e2ce] docs(xiaomijiao): 午间回顾 - 2026-05-13
 Committer: root <root@localhost.localdomain>
Your name and email address were configured automatically based
on your username and hostname. Please check that they are accurate.
You can suppress this message by setting them explicitly. Run the
following command and follow the instructions in your editor to edit
your configuration file:

    git config --global --edit

After doing this, you may fix the identity used for this commit with:

    git commit --amend --reset-author

 7 files changed, 501 insertions(+), 23 deletions(-)
 create mode 100644 agents/xiaomijiao/memory/chat-2026-05-13.md
 create mode 100644 memory/2026-05-13.md
fatal: 'xiaomijiao' does not appear to be a git repository
fatal: Could not read from remote repository.

Please make sure you have the correct access rights
and the repository exists.
[master 9f518f00] docs(xiaomijiao): 每日回顾 - 2026-05-13
 Committer: root <root@localhost.localdomain>
Your name and email address were configured automatically based
on your username and hostname. Please check that they are accurate.
You can suppress this message by setting them explicitly. Run the
following command and follow the instructions in your editor to edit
your configuration file:

    git config --global --edit

After doing this, you may fix the identity used for this commit with:

    git commit --amend --reset-author

 8 files changed, 738 insertions(+), 27 deletions(-)
fatal: 'xiaomijiao' does not appear to be a git repository
fatal: Could not read from remote repository.

Please make sure you have the correct access rights
and the repository exists.
[master 40e811dd] docs(xiaomijiao): 午间回顾 - 2026-05-14
 Committer: root <root@localhost.localdomain>
Your name and email address were configured automatically based
on your username and hostname. Please check that they are accurate.
You can suppress this message by setting them explicitly. Run the
following command and follow the instructions in your editor to edit
your configuration file:

    git config --global --edit

After doing this, you may fix the identity used for this commit with:

    git commit --amend --reset-author

 7 files changed, 581 insertions(+), 23 deletions(-)
 create mode 100644 agents/xiaomijiao/memory/chat-2026-05-14.md
 create mode 100644 memory/2026-05-14.md
fatal: 'xiaomijiao' does not appear to be a git repository
fatal: Could not read from remote repository.

Please make sure you have the correct access rights
and the repository exists.
[master e92a372f] docs(xiaomijiao): 每日回顾 - 2026-05-14
 Committer: root <root@localhost.localdomain>
Your name and email address were configured automatically based
on your username and hostname. Please check that they are accurate.
You can suppress this message by setting them explicitly. Run the
following command and follow the instructions in your editor to edit
your configuration file:

    git config --global --edit

After doing this, you may fix the identity used for this commit with:

    git commit --amend --reset-author

 4 files changed, 905 insertions(+), 5 deletions(-)
fatal: 'xiaomijiao' does not appear to be a git repository
fatal: Could not read from remote repository.

Please make sure you have the correct access rights
and the repository exists.
[master 90176830] docs(xiaomijiao): 午间回顾 - 2026-05-15
 Committer: root <root@localhost.localdomain>
Your name and email address were configured automatically based
on your username and hostname. Please check that they are accurate.
You can suppress this message by setting them explicitly. Run the
following command and follow the instructions in your editor to edit
your configuration file:

    git config --global --edit

After doing this, you may fix the identity used for this commit with:

    git commit --amend --reset-author

 8 files changed, 740 insertions(+), 24 deletions(-)
 create mode 100644 agents/xiaomijiao/memory/chat-2026-05-15.md
 create mode 100644 memory/2026-05-15.md
fatal: 'xiaomijiao' does not appear to be a git repository
fatal: Could not read from remote repository.

Please make sure you have the correct access rights
and the repository exists.
[master 4e470c1e] docs(xiaomijiao): 每日回顾 - 2026-05-15
 Committer: root <root@localhost.localdomain>
Your name and email address were configured automatically based
on your username and hostname. Please check that they are accurate.
You can suppress this message by setting them explicitly. Run the
following command and follow the instructions in your editor to edit
your configuration file:

    git config --global --edit

After doing this, you may fix the identity used for this commit with:

    git commit --amend --reset-author

 4 files changed, 885 insertions(+), 3 deletions(-)
fatal: 'xiaomijiao' does not appear to be a git repository
fatal: Could not read from remote repository.

Please make sure you have the correct access rights
and the repository exists.
[master a0c7a210] docs(xiaomijiao): 午间回顾 - 2026-05-16
 Committer: root <root@localhost.localdomain>
Your name and email address were configured automatically based
on your username and hostname. Please check that they are accurate.
You can suppress this message by setting them explicitly. Run the
following command and follow the instructions in your editor to edit
your configuration file:

    git config --global --edit

After doing this, you may fix the identity used for this commit with:

    git commit --amend --reset-author

 7 files changed, 921 insertions(+), 23 deletions(-)
 create mode 100644 agents/xiaomijiao/memory/chat-2026-05-16.md
 create mode 100644 memory/2026-05-16.md
fatal: 'xiaomijiao' does not appear to be a git repository
fatal: Could not read from remote repository.

Please make sure you have the correct access rights
and the repository exists.
[master fde02dba] docs(xiaomijiao): 每日回顾 - 2026-05-16
 Committer: root <root@localhost.localdomain>
Your name and email address were configured automatically based
on your username and hostname. Please check that they are accurate.
You can suppress this message by setting them explicitly. Run the
following command and follow the instructions in your editor to edit
your configuration file:

    git config --global --edit

After doing this, you may fix the identity used for this commit with:

    git commit --amend --reset-author

 4 files changed, 1029 insertions(+), 5 deletions(-)
fatal: 'xiaomijiao' does not appear to be a git repository
fatal: Could not read from remote repository.

Please make sure you have the correct access rights
and the repository exists.
[master b4b94c80] docs(xiaomijiao): 午间回顾 - 2026-05-17
 Committer: root <root@localhost.localdomain>
Your name and email address were configured automatically based
on your username and hostname. Please check that they are accurate.
You can suppress this message by setting them explicitly. Run the
following command and follow the instructions in your editor to edit
your configuration file:

    git config --global --edit

After doing this, you may fix the identity used for this commit with:

    git commit --amend --reset-author

 7 files changed, 675 insertions(+), 23 deletions(-)
 create mode 100644 agents/xiaomijiao/memory/chat-2026-05-17.md
 create mode 100644 memory/2026-05-17.md
fatal: 'xiaomijiao' does not appear to be a git repository
fatal: Could not read from remote repository.

Please make sure you have the correct access rights
and the repository exists.
[master a0d28344] docs(xiaomijiao): 每日回顾 - 2026-05-17
 Committer: root <root@localhost.localdomain>
Your name and email address were configured automatically based
on your username and hostname. Please check that they are accurate.
You can suppress this message by setting them explicitly. Run the
following command and follow the instructions in your editor to edit
your configuration file:

    git config --global --edit

After doing this, you may fix the identity used for this commit with:

    git commit --amend --reset-author

 6 files changed, 760 insertions(+), 6 deletions(-)
fatal: 'xiaomijiao' does not appear to be a git repository
fatal: Could not read from remote repository.

Please make sure you have the correct access rights
and the repository exists.
[master 0c2fc1b1] docs(xiaomijiao): 午间回顾 - 2026-05-18
 Committer: root <root@localhost.localdomain>
Your name and email address were configured automatically based
on your username and hostname. Please check that they are accurate.
You can suppress this message by setting them explicitly. Run the
following command and follow the instructions in your editor to edit
your configuration file:

    git config --global --edit

After doing this, you may fix the identity used for this commit with:

    git commit --amend --reset-author

 8 files changed, 962 insertions(+), 24 deletions(-)
 create mode 100644 agents/xiaomijiao/memory/chat-2026-05-18.md
 create mode 100644 memory/2026-05-18.md
fatal: 'xiaomijiao' does not appear to be a git repository
fatal: Could not read from remote repository.

Please make sure you have the correct access rights
and the repository exists.
[master 97279175] docs(xiaomijiao): 每日回顾 - 2026-05-18
 Committer: root <root@localhost.localdomain>
Your name and email address were configured automatically based
on your username and hostname. Please check that they are accurate.
You can suppress this message by setting them explicitly. Run the
following command and follow the instructions in your editor to edit
your configuration file:

    git config --global --edit

After doing this, you may fix the identity used for this commit with:

    git commit --amend --reset-author

 5 files changed, 1672 insertions(+), 15 deletions(-)
fatal: 'xiaomijiao' does not appear to be a git repository
fatal: Could not read from remote repository.

Please make sure you have the correct access rights
and the repository exists.
[master 1ba3e7ac] docs(xiaomijiao): 午间回顾 - 2026-05-19
 Committer: root <root@localhost.localdomain>
Your name and email address were configured automatically based
on your username and hostname. Please check that they are accurate.
You can suppress this message by setting them explicitly. Run the
following command and follow the instructions in your editor to edit
your configuration file:

    git config --global --edit

After doing this, you may fix the identity used for this commit with:

    git commit --amend --reset-author

 9 files changed, 684 insertions(+), 61 deletions(-)
 create mode 100644 agents/xiaomijiao/memory/chat-2026-05-19.md
 create mode 100644 memory/2026-05-19.md
fatal: 'xiaomijiao' does not appear to be a git repository
fatal: Could not read from remote repository.

Please make sure you have the correct access rights
and the repository exists.
[master 8a815ddf] docs(xiaomijiao): 每日回顾 - 2026-05-19
 Committer: root <root@localhost.localdomain>
Your name and email address were configured automatically based
on your username and hostname. Please check that they are accurate.
You can suppress this message by setting them explicitly. Run the
following command and follow the instructions in your editor to edit
your configuration file:

    git config --global --edit

After doing this, you may fix the identity used for this commit with:

    git commit --amend --reset-author

 4 files changed, 513 insertions(+), 4 deletions(-)
fatal: 'xiaomijiao' does not appear to be a git repository
fatal: Could not read from remote repository.

Please make sure you have the correct access rights
and the repository exists.
[master 1d120389] docs(xiaomijiao): 午间回顾 - 2026-05-20
 Committer: root <root@localhost.localdomain>
Your name and email address were configured automatically based
on your username and hostname. Please check that they are accurate.
You can suppress this message by setting them explicitly. Run the
following command and follow the instructions in your editor to edit
your configuration file:

    git config --global --edit

After doing this, you may fix the identity used for this commit with:

    git commit --amend --reset-author

 10 files changed, 795 insertions(+), 25 deletions(-)
 create mode 100644 agents/xiaomijiao/memory/chat-2026-05-20.md
 create mode 100644 "intel/\344\273\212\346\227\245\346\225\260\346\215\256\345\244\215\347\233\230_20260520.md"
 create mode 100644 "intel/\344\273\212\346\227\245\350\277\220\350\220\245\346\212\245\345\221\212_20260520.md"
 create mode 100644 "intel/\346\225\260\346\215\256\345\244\215\347\233\230_20260519.md"
 create mode 100644 memory/2026-05-20.md
fatal: 'xiaomijiao' does not appear to be a git repository
fatal: Could not read from remote repository.

Please make sure you have the correct access rights
and the repository exists.
[master 1e7dae92] docs(xiaomijiao): 午间回顾 - 2026-05-20
 Committer: root <root@localhost.localdomain>
Your name and email address were configured automatically based
on your username and hostname. Please check that they are accurate.
You can suppress this message by setting them explicitly. Run the
following command and follow the instructions in your editor to edit
your configuration file:

    git config --global --edit

After doing this, you may fix the identity used for this commit with:

    git commit --amend --reset-author

 24 files changed, 5424 insertions(+), 101 deletions(-)
 create mode 100644 crontab-new
 create mode 100644 drafts/yoga-beginner-guide-draft.html
 create mode 100644 "intel/oil-gold-\345\215\270\350\275\275\346\200\273\347\273\223_20260520.md"
 create mode 100644 "intel/\344\272\254\344\270\234\350\264\246\345\217\267\351\205\215\347\275\256_20260520.md"
 create mode 100644 "intel/\345\217\214\344\272\254\344\270\234\350\264\246\345\217\267\351\205\215\347\275\256_20260520.md"
 create mode 100644 "intel/\345\260\217\347\272\242\344\271\246\351\246\226\347\257\207\347\254\224\350\256\260_20260520.md"
 create mode 100644 "intel/\350\277\220\350\220\245\346\225\260\346\215\256\350\267\237\350\270\252\350\241\250_20260520.md"
 create mode 100644 "intel/\351\227\262\351\261\274\350\277\220\350\220\245\346\211\213\345\206\214_20260520.md"
 create mode 100644 logs/wechat-publish-history.log
 create mode 100755 scripts/wechat-publish-yoga.sh
fatal: 'xiaomijiao' does not appear to be a git repository
fatal: Could not read from remote repository.

Please make sure you have the correct access rights
and the repository exists.
[master 0829c2c1] docs(xiaomijiao): 每日回顾 - 2026-05-20
 Committer: root <root@localhost.localdomain>
Your name and email address were configured automatically based
on your username and hostname. Please check that they are accurate.
You can suppress this message by setting them explicitly. Run the
following command and follow the instructions in your editor to edit
your configuration file:

    git config --global --edit

After doing this, you may fix the identity used for this commit with:

    git commit --amend --reset-author

 15 files changed, 3101 insertions(+), 24 deletions(-)
 create mode 100644 logs/file-cleanup.log
 create mode 100644 logs/oil-gold-cron.log
 create mode 100644 oil-gold-correlation.zip
 create mode 100644 oil-gold-main.zip
 create mode 100644 oil_gold_report.py
 create mode 100644 reports/oil-gold-report-20260520_181412.md
 create mode 100644 reports/oil-gold-sample-report.md
 create mode 100755 scripts/cleanup-old-files.sh
fatal: 'xiaomijiao' does not appear to be a git repository
fatal: Could not read from remote repository.

Please make sure you have the correct access rights
and the repository exists.
