[2026-04-24 22:47:17] [daily-review]   📄 node_modules/playwright/lib/testActions.js
[2026-04-24 22:47:17] [daily-review]   📄 node_modules/playwright/lib/third_party/pirates.js
[2026-04-24 22:47:17] [daily-review]   📄 node_modules/playwright/lib/third_party/tsconfig-loader.js
[2026-04-24 22:47:17] [daily-review]   📄 node_modules/playwright/lib/transform/babelBundle.js
[2026-04-24 22:47:17] [daily-review]   📄 node_modules/playwright/lib/transform/babelBundleImpl.js
[2026-04-24 22:47:17] [daily-review]   📄 node_modules/playwright/lib/transform/compilationCache.js
[2026-04-24 22:47:17] [daily-review]   📄 node_modules/playwright/lib/transform/esmLoader.js
[2026-04-24 22:47:17] [daily-review]   📄 node_modules/playwright/lib/transform/portTransport.js
[2026-04-24 22:47:17] [daily-review]   📄 node_modules/playwright/lib/transform/transform.js
[2026-04-24 22:47:17] [daily-review]   📄 node_modules/playwright/lib/util.js
[2026-04-24 22:47:17] [daily-review]   📄 node_modules/playwright/lib/utilsBundle.js
[2026-04-24 22:47:17] [daily-review]   📄 node_modules/playwright/lib/utilsBundleImpl.js
[2026-04-24 22:47:17] [daily-review]   📄 node_modules/playwright/lib/worker/fixtureRunner.js
[2026-04-24 22:47:17] [daily-review]   📄 node_modules/playwright/lib/worker/testInfo.js
[2026-04-24 22:47:17] [daily-review]   📄 node_modules/playwright/lib/worker/testTracing.js
[2026-04-24 22:47:17] [daily-review]   📄 node_modules/playwright/lib/worker/timeoutManager.js
[2026-04-24 22:47:17] [daily-review]   📄 node_modules/playwright/lib/worker/util.js
[2026-04-24 22:47:17] [daily-review]   📄 node_modules/playwright/lib/worker/workerMain.js
[2026-04-24 22:47:17] [daily-review]   📄 node_modules/playwright/package.json
[2026-04-24 22:47:17] [daily-review]   📄 node_modules/playwright/test.d.ts
[2026-04-24 22:47:17] [daily-review]   📄 node_modules/playwright/test.js
[2026-04-24 22:47:17] [daily-review]   📄 node_modules/playwright/test.mjs
[2026-04-24 22:47:17] [daily-review]   📄 node_modules/playwright/types/test.d.ts
[2026-04-24 22:47:17] [daily-review]   📄 node_modules/playwright/types/testReporter.d.ts
[2026-04-24 22:47:17] [daily-review]   📄 package-lock.json
[2026-04-24 22:47:17] [daily-review]   📄 package.json
[2026-04-24 22:47:17] [daily-review]   📄 skills/wechat-mp-publisher/SKILL.md
[2026-04-24 22:47:17] [daily-review]   📄 skills/wechat-mp-publisher/config.json
[2026-04-24 22:47:17] [daily-review]   📄 skills/wechat-mp-publisher/media/simple-text.txt
[2026-04-24 22:47:17] [daily-review]   📄 skills/wechat-mp-publisher/references/commerce-content-strategy.md
[2026-04-24 22:47:17] [daily-review]   📄 skills/wechat-mp-publisher/references/commerce-rebrand-plan.md
[2026-04-24 22:47:17] [daily-review]   📄 skills/wechat-mp-publisher/references/content-strategy.md
[2026-04-24 22:47:17] [daily-review]   📄 skills/wechat-mp-publisher/references/published-articles.json
[2026-04-24 22:47:17] [daily-review]   📄 skills/wechat-mp-publisher/scripts/check-session-and-articles.js
[2026-04-24 22:47:17] [daily-review]   📄 skills/wechat-mp-publisher/scripts/create-cover-and-publish.js
[2026-04-24 22:47:17] [daily-review]   📄 skills/wechat-mp-publisher/scripts/extract-articles-with-session.js
[2026-04-24 22:47:17] [daily-review]   📄 skills/wechat-mp-publisher/scripts/publish-article.js
[2026-04-24 22:47:17] [daily-review]   📄 skills/wechat-mp-publisher/scripts/publish-clean-version.js
[2026-04-24 22:47:17] [daily-review]   📄 skills/wechat-mp-publisher/scripts/publish-draft.js
[2026-04-24 22:47:17] [daily-review]   📄 skills/wechat-mp-publisher/scripts/publish-final-article.js
[2026-04-24 22:47:17] [daily-review]   📄 skills/wechat-mp-publisher/scripts/publish-first-commerce.js
[2026-04-24 22:47:17] [daily-review]   📄 skills/wechat-mp-publisher/scripts/publish-optimized-article.js
[2026-04-24 22:47:17] [daily-review]   📄 skills/wechat-mp-publisher/scripts/publish-section-yoga.js
[2026-04-24 22:47:17] [daily-review]   📄 skills/wechat-mp-publisher/scripts/publish-to-draft-api-v2.js
[2026-04-24 22:47:17] [daily-review]   📄 skills/wechat-mp-publisher/scripts/publish-to-draft-browser.js
[2026-04-24 22:47:17] [daily-review]   📄 skills/wechat-mp-publisher/scripts/publish-to-draft.js
[2026-04-24 22:47:17] [daily-review]   📄 skills/wechat-mp-publisher/scripts/publish-with-cover-optimized.js
[2026-04-24 22:47:17] [daily-review]   📄 skills/wechat-mp-publisher/scripts/publish-yoga-breathing.js
[2026-04-24 22:47:17] [daily-review]   📄 skills/wechat-mp-publisher/scripts/read-articles-correct-url.js
[2026-04-24 22:47:17] [daily-review]   📄 skills/wechat-mp-publisher/scripts/read-published-articles-v2.js
[2026-04-24 22:47:17] [daily-review]   📄 skills/wechat-mp-publisher/scripts/read-published-articles.js
[2026-04-24 22:47:17] [daily-review]   📄 skills/wechat-mp-publisher/scripts/run-login.sh
[2026-04-24 22:47:17] [daily-review]   📄 skills/wechat-mp-publisher/scripts/test-api-connection.js
[2026-04-24 22:47:17] [daily-review]   📄 skills/wechat-mp-publisher/scripts/upload-all-images.js
[2026-04-24 22:47:17] [daily-review]   📄 skills/wechat-mp-publisher/scripts/upload-clean-images.js
[2026-04-24 22:47:17] [daily-review]   📄 skills/wechat-mp-publisher/scripts/upload-permanent-material.js
[2026-04-24 22:47:17] [daily-review]   📄 skills/wechat-mp-publisher/scripts/upload-real-photos.js
[2026-04-24 22:47:17] [daily-review]   📄 skills/wechat-mp-publisher/scripts/upload-section-yoga-images.js
[2026-04-24 22:47:17] [daily-review]   📄 skills/wechat-mp-publisher/scripts/upload-yoga-images.js
[2026-04-24 22:47:17] [daily-review]   📄 skills/wechat-mp-publisher/scripts/wechat-mp-login-automated.js
[2026-04-24 22:47:17] [daily-review]   📄 skills/wechat-mp-publisher/scripts/wechat-mp-login-direct.js
[2026-04-24 22:47:17] [daily-review]   📄 skills/wechat-mp-publisher/scripts/wechat-mp-login-headless.js
[2026-04-24 22:47:17] [daily-review]   📄 skills/wechat-mp-publisher/scripts/wechat-mp-login-persistent.js
[2026-04-24 22:47:17] [daily-review]   📄 skills/wechat-mp-publisher/scripts/wechat-mp-login-screenshot.js
[2026-04-24 22:47:17] [daily-review]   📄 skills/wechat-mp-publisher/scripts/wechat-mp-login-xvfb.sh
[2026-04-24 22:47:17] [daily-review]   📄 skills/wechat-mp-publisher/scripts/wechat-mp-login.js
[2026-04-24 22:47:17] [daily-review]   📄 skills/wechat-mp-publisher/scripts/wechat-mp-publish.js
[2026-04-24 22:47:17] [daily-review]   📄 skills/wechat-mp-publisher/templates/article-template.html
[2026-04-24 22:47:17] [daily-review]   📄 skills/wechat-mp-publisher/templates/yoga-article-anxiety-relief.html
[2026-04-24 22:47:17] [daily-review]   📄 skills/wechat-mp-publisher/templates/yoga-article-template.html
[2026-04-24 22:47:17] [daily-review] ⚠️ 发现 20 个未暂存变更
[2026-04-24 22:47:17] [daily-review] 📊 最近 5 次提交:
[2026-04-24 22:47:17] [daily-review]   c0195ba7 docs: AI学习总结 - 2026-04-24
[2026-04-24 22:47:17] [daily-review]   0288a438 docs(xiaomijiao): 周报 - 2026-04-17 ~ 2026-04-24
[2026-04-24 22:47:17] [daily-review]   8bfd0e22 docs(xiaomijiao): 午间回顾 - 2026-04-24
[2026-04-24 22:47:17] [daily-review]   8a1fe7fb chore: 晚间回顾 - 2026-04-23 | Day 29 全天数据复盘 + 记忆更新 + MEMORY.md v3.60
[2026-04-24 22:47:17] [daily-review]   933f0d6f docs: AI学习总结 - 2026-04-23
[2026-04-24 22:47:17] [daily-review] ✅ Git 库整理完成
[2026-04-24 22:47:17] [daily-review] 🔍 开始查漏补缺...
[2026-04-24 22:47:17] [daily-review] 📋 待办事项: 8 项待处理
[2026-04-24 22:47:17] [daily-review] 🔴 P0 任务: 5 项未完成
[2026-04-24 22:47:17] [daily-review] ⚠️ 发现 29 个超过 3 天未更新的记忆文件
[2026-04-24 22:47:17] [daily-review] ✅ 查漏补缺完成
[2026-04-24 22:47:18] [daily-review] ✅ Git 已提交
[2026-04-24 22:47:24] [daily-review] ✅ 已推送到 xiaomijiao remote main
[2026-04-24 22:47:24] [daily-review] 🔄 更新 QMD 向量索引...
[2026-04-24 22:47:26] [daily-review] ✅ QMD 更新完成
[2026-04-24 22:47:26] [daily-review] ===== 每日运营回顾完成 =====
[2026-04-24 22:57:24] [daily-review] ===== 每日运营回顾开始（22:57）=====
[2026-04-24 22:57:24] [daily-review] 📅 今日记忆文件: 136行
[2026-04-24 22:57:24] [daily-review] 提取多通道聊天记录（2026-04-24）...
[2026-04-24 22:57:25] [daily-review] - 消息数：691
[2026-04-24 22:57:25] [daily-review] [0;32m[SUCCESS][0m 对话记录已保存：/root/.openclaw/workspace/agents/xiaomijiao/memory/chat-2026-04-24.md
[2026-04-24 22:57:25] [daily-review] 消息数： 864
[2026-04-24 22:57:25] [daily-review] [0;32m[SUCCESS][0m 多通道对话提取完成！🎉
[2026-04-24 22:57:25] [daily-review] 📊 变更统计: intel/0 memory/0 config/1
[2026-04-24 22:57:25] [daily-review]   📄 agents/xiaomijiao/memory/chat-2026-04-24.md
[2026-04-24 22:57:25] [daily-review]   📄 logs/git.log
[2026-04-24 22:57:25] [daily-review]   📄 logs/model-guard.log
[2026-04-24 22:57:25] [daily-review]   📄 logs/qmd-update.log
[2026-04-24 22:57:25] [daily-review]   📄 logs/xiaomijiao-cron.log
[2026-04-24 22:57:25] [daily-review]   📄 scripts/xiaomijiao-cron.sh
[2026-04-24 22:57:25] [daily-review] 📋 待办进度: ✅4 完成 / ⏳8 待做
[2026-04-24 22:57:25] [daily-review] 📚 开始知识库结构化整理...
[2026-04-24 22:57:25] [daily-review] 📊 intel/ 目录文件数: 89
[2026-04-24 22:57:25] [daily-review] ⚠️ 发现 76 个超过 7 天未更新的文件
[2026-04-24 22:57:25] [daily-review]   📄 工具与技能清单.md (超过 7 天)
[2026-04-24 22:57:25] [daily-review]   📄 商贸数据复盘_20260414.md (超过 7 天)
[2026-04-24 22:57:25] [daily-review]   📄 首篇笔记内容-2026-04-09.md (超过 7 天)
[2026-04-24 22:57:25] [daily-review]   📄 石油黄金相关性分析技能方案.md (超过 7 天)
[2026-04-24 22:57:25] [daily-review]   📄 私聊话术设计-2026-04-09.md (超过 7 天)
[2026-04-24 22:57:25] [daily-review]   📄 每日晚间回顾报告-2026-04-02.md (超过 7 天)
[2026-04-24 22:57:25] [daily-review]   📄 Public-APIs-RAKE-关键词提取API调研.md (超过 7 天)
[2026-04-24 22:57:25] [daily-review]   📄 URL-Shortener-短链接生成API-链接优化工具.md (超过 7 天)
[2026-04-24 22:57:25] [daily-review]   📄 每日晚间回顾报告-2026-03-27.md (超过 7 天)
[2026-04-24 22:57:25] [daily-review]   📄 视频脚本-蒸汽眼罩-20260401.md (超过 7 天)
[2026-04-24 22:57:25] [daily-review]   📄 2026-04-15-午间回顾.md (超过 7 天)
[2026-04-24 22:57:25] [daily-review]   📄 商贸模式状态更新.md (超过 7 天)
[2026-04-24 22:57:25] [daily-review]   📄 NumPy-数值计算库-基础工具.md (超过 7 天)
[2026-04-24 22:57:25] [daily-review]   📄 小米椒出海方案.md (超过 7 天)
[2026-04-24 22:57:25] [daily-review]   📄 QR-Code-二维码生成API-推广工具.md (超过 7 天)
[2026-04-24 22:57:25] [daily-review]   📄 Public-APIs-Poof-背景移除API调研.md (超过 7 天)
[2026-04-24 22:57:25] [daily-review]   📄 今日回顾_2026-04-09.md (超过 7 天)
[2026-04-24 22:57:25] [daily-review]   📄 Public-APIs-APITubeNews-热点采集API调研.md (超过 7 天)
[2026-04-24 22:57:25] [daily-review]   📄 Public-APIs-新媒体运营资源-最终版.md (超过 7 天)
[2026-04-24 22:57:25] [daily-review]   📄 1688供应商筛选标准.md (超过 7 天)
[2026-04-24 22:57:25] [daily-review]   📄 Text-Summarization-文本摘要API-内容提炼工具.md (超过 7 天)
[2026-04-24 22:57:25] [daily-review]   📄 Public-APIs-新媒体运营资源.md (超过 7 天)
[2026-04-24 22:57:25] [daily-review]   📄 OpenClaw-3.22安全加固指南.md (超过 7 天)
[2026-04-24 22:57:25] [daily-review]   📄 xiaohongshu-ops-完整优化方案.md (超过 7 天)
[2026-04-24 22:57:25] [daily-review]   📄 数据复盘.md (超过 7 天)
[2026-04-24 22:57:25] [daily-review]   📄 Public-APIs-ShotOG-封面生成API调研.md (超过 7 天)
[2026-04-24 22:57:25] [daily-review]   📄 Public-APIs-Meteoblue-天气选题API调研.md (超过 7 天)
[2026-04-24 22:57:25] [daily-review]   📄 商贸模式使用说明.md (超过 7 天)
[2026-04-24 22:57:25] [daily-review]   📄 每周运营规划.md (超过 7 天)
[2026-04-24 22:57:25] [daily-review]   📄 商贸系统化落地方案.md (超过 7 天)
[2026-04-24 22:57:25] [daily-review]   📄 MoviePy-视频处理库-视频编辑工具.md (超过 7 天)
[2026-04-24 22:57:25] [daily-review]   📄 内容初稿-蒸汽眼罩-20260401.md (超过 7 天)
[2026-04-24 22:57:25] [daily-review]   📄 Public-APIs-ImageCompressor-图片压缩API调研.md (超过 7 天)
[2026-04-24 22:57:25] [daily-review]   📄 小米椒商贸定价与成本计算方案.md (超过 7 天)
[2026-04-24 22:57:25] [daily-review]   📄 1688-供应商对比报告.md (超过 7 天)
[2026-04-24 22:57:25] [daily-review]   📄 明日选题预研.md (超过 7 天)
[2026-04-24 22:57:25] [daily-review]   📄 索引.md (超过 7 天)
[2026-04-24 22:57:25] [daily-review]   📄 商贸模式常用操作.md (超过 7 天)
[2026-04-24 22:57:25] [daily-review]   📄 淘宝API验证计划.md (超过 7 天)
[2026-04-24 22:57:25] [daily-review]   📄 推荐工作-闲鱼一件代发.md (超过 7 天)
[2026-04-24 22:57:25] [daily-review]   📄 每日午间回顾报告-2026-03-30.md (超过 7 天)
[2026-04-24 22:57:25] [daily-review]   📄 深度回顾报告-2026-04-01.md (超过 7 天)
[2026-04-24 22:57:25] [daily-review]   📄 Public-APIs-新媒体运营资源-v2.0.md (超过 7 天)
[2026-04-24 22:57:25] [daily-review]   📄 P1-助眠好物框架.md (超过 7 天)
[2026-04-24 22:57:25] [daily-review]   📄 Requests-HTTP请求库-API调用工具.md (超过 7 天)
[2026-04-24 22:57:25] [daily-review]   📄 模型切换方案-百炼主线.md (超过 7 天)
[2026-04-24 22:57:25] [daily-review]   📄 平台规则更新.md (超过 7 天)
[2026-04-24 22:57:25] [daily-review]   📄 小米椒客户开发实战方案.md (超过 7 天)
[2026-04-24 22:57:25] [daily-review]   📄 每日晚间回顾报告-2026-04-03.md (超过 7 天)
[2026-04-24 22:57:25] [daily-review]   📄 小红书选题清单-2026-04-09.md (超过 7 天)
[2026-04-24 22:57:25] [daily-review]   📄 小米椒商贸出海定制方案.md (超过 7 天)
[2026-04-24 22:57:25] [daily-review]   📄 Qwen3.6-Plus免费使用指南.md (超过 7 天)
[2026-04-24 22:57:25] [daily-review]   📄 Public-APIs-ImageCompressor集成说明.md (超过 7 天)
[2026-04-24 22:57:25] [daily-review]   📄 FFmpeg-视频处理工具-命令行视频编辑器.md (超过 7 天)
[2026-04-24 22:57:25] [daily-review]   📄 xiaohongshu-ops-商贸优化-P1P2方案.md (超过 7 天)
[2026-04-24 22:57:25] [daily-review]   📄 内容初稿-2026-04-01.md (超过 7 天)
[2026-04-24 22:57:25] [daily-review]   📄 BeautifulSoup-HTML解析库-网页抓取工具.md (超过 7 天)
[2026-04-24 22:57:25] [daily-review]   📄 结构化整理报告-2026-04-11.md (超过 7 天)
[2026-04-24 22:57:25] [daily-review]   📄 内容初稿.md (超过 7 天)
[2026-04-24 22:57:25] [daily-review]   📄 每日晚间回顾报告-2026-04-01.md (超过 7 天)
[2026-04-24 22:57:25] [daily-review]   📄 知识库索引.md (超过 7 天)
[2026-04-24 22:57:25] [daily-review]   📄 选品调研.md (超过 7 天)
[2026-04-24 22:57:25] [daily-review]   📄 每日晚间回顾报告-2026-03-30.md (超过 7 天)
[2026-04-24 22:57:25] [daily-review]   📄 每日午间回顾报告-2026-04-01.md (超过 7 天)
[2026-04-24 22:57:25] [daily-review]   📄 每日晚间回顾报告-2026-04-04.md (超过 7 天)
[2026-04-24 22:57:25] [daily-review]   📄 OpenClaw自主进化指南.md (超过 7 天)
[2026-04-24 22:57:25] [daily-review]   📄 Public-APIs-Pandas-数据分析API调研.md (超过 7 天)
[2026-04-24 22:57:25] [daily-review]   📄 视频脚本-蒸汽眼罩-种草版-20260401.md (超过 7 天)
[2026-04-24 22:57:25] [daily-review]   📄 品牌过往爆款.md (超过 7 天)
[2026-04-24 22:57:25] [daily-review]   📄 路径规划-1688小红书闲鱼.md (超过 7 天)
[2026-04-24 22:57:25] [daily-review]   📄 闲鱼上架清单-2026-04-09.md (超过 7 天)
[2026-04-24 22:57:25] [daily-review]   📄 2026-04-15-系统状态检查.md (超过 7 天)
[2026-04-24 22:57:25] [daily-review]   📄 Public-APIs-Plotly-数据可视化API调研.md (超过 7 天)
[2026-04-24 22:57:25] [daily-review]   📄 Public-APIs-VADER-情感分析API调研.md (超过 7 天)
[2026-04-24 22:57:25] [daily-review]   📄 xiaohongshu-ops-商贸优化方案.md (超过 7 天)
[2026-04-24 22:57:26] [daily-review]   📄 oil-gold-geopolitics-upgrade.md (超过 7 天)
[2026-04-24 22:57:26] [daily-review] ✅ 无重复文件
[2026-04-24 22:57:26] [daily-review] ✅ 知识库结构化整理完成
[2026-04-24 22:57:26] [daily-review] 📋 开始索引同步更新...
[2026-04-24 22:57:26] [daily-review] 📊 文件统计: intel/89 memory/33 logs/10 total/132
[2026-04-24 22:57:26] [daily-review] ✅ 索引文件已更新
[2026-04-24 22:57:26] [daily-review] ✅ 索引同步更新完成
[2026-04-24 22:57:26] [daily-review] 🧠 开始记忆同步更新...
[2026-04-24 22:57:26] [daily-review] 📅 今日记忆: 136行
[2026-04-24 22:57:26] [daily-review] ✅ MEMORY.md 今天已更新
[2026-04-24 22:57:26] [daily-review] ✅ 记忆同步更新完成
[2026-04-24 22:57:26] [daily-review] 🔧 开始 Git 库整理...
[2026-04-24 22:57:26] [daily-review] ✅ 无未跟踪文件
[2026-04-24 22:57:26] [daily-review] ⚠️ 发现 6 个未暂存变更
[2026-04-24 22:57:26] [daily-review] 📊 最近 5 次提交:
[2026-04-24 22:57:26] [daily-review]   170433af docs(xiaomijiao): 每日回顾 - 2026-04-24
[2026-04-24 22:57:26] [daily-review]   c0195ba7 docs: AI学习总结 - 2026-04-24
[2026-04-24 22:57:26] [daily-review]   0288a438 docs(xiaomijiao): 周报 - 2026-04-17 ~ 2026-04-24
[2026-04-24 22:57:26] [daily-review]   8bfd0e22 docs(xiaomijiao): 午间回顾 - 2026-04-24
[2026-04-24 22:57:26] [daily-review]   8a1fe7fb chore: 晚间回顾 - 2026-04-23 | Day 29 全天数据复盘 + 记忆更新 + MEMORY.md v3.60
[2026-04-24 22:57:26] [daily-review] ✅ Git 库整理完成
[2026-04-24 22:57:26] [daily-review] 🔍 开始查漏补缺...
[2026-04-24 22:57:26] [daily-review] 📋 待办事项: 8 项待处理
[2026-04-24 22:57:26] [daily-review] 🔴 P0 任务: 5 项未完成
[2026-04-24 22:57:26] [daily-review] ⚠️ 发现 29 个超过 3 天未更新的记忆文件
[2026-04-24 22:57:26] [daily-review] ✅ 查漏补缺完成
[2026-04-24 22:57:26] [daily-review] ✅ Git 已提交
[2026-04-24 22:57:29] [daily-review] ✅ 已推送到 xiaomijiao remote main
[2026-04-24 22:57:29] [daily-review] 🔄 更新 QMD 向量索引...
[2026-04-24 22:57:29] [daily-review] ✅ QMD 更新完成
[2026-04-24 22:57:29] [daily-review] ===== 每日运营回顾完成 =====
[2026-04-24 23:10:01] [error-stats] 📊 今日错误: 7
[2026-04-24 23:30:01] [daily-review] ===== 每日运营回顾开始（23:30）=====
[2026-04-24 23:30:01] [daily-review] 📅 今日记忆文件: 136行
[2026-04-24 23:30:01] [daily-review] 提取多通道聊天记录（2026-04-24）...
[2026-04-25 02:00:01] [qmd-update] 🔄 更新 QMD 向量索引...
[2026-04-25 02:00:03] [qmd-update] ✅ QMD 更新完成
[2026-04-25 02:10:01] [cleanup] 清理旧日志...
[2026-04-25 02:10:01] [cleanup] ✅ 清理完成
[2026-04-25 09:00:01] [hotspot-collect] ===== 开始采集百度热搜 =====
[2026-04-25 09:00:02] [hotspot-collect] ✅ 热点采集完成
[2026-04-25 12:10:01] [morning-review] ===== 午间运营回顾开始（12:10）=====
[2026-04-25 12:10:01] [morning-review] 📝 创建今日记忆文件模板...
[2026-04-25 12:10:01] [morning-review] ✅ 记忆模板已创建
[2026-04-25 12:10:01] [morning-review] 提取多通道聊天记录（2026-04-25）...
[2026-04-25 12:10:02] [morning-review] - 消息数：104
[2026-04-25 12:10:02] [morning-review] [0;32m[SUCCESS][0m 对话记录已保存：/root/.openclaw/workspace/agents/xiaomijiao/memory/chat-2026-04-25.md
[2026-04-25 12:10:02] [morning-review] 消息数： 111
[2026-04-25 12:10:02] [morning-review] [0;32m[SUCCESS][0m 多通道对话提取完成！🎉
[2026-04-25 12:10:02] [morning-review] 📊 变更统计: intel/0 memory/0 config/0
[2026-04-25 12:10:02] [morning-review]   📄 agents/xiaomijiao/logs/cron.log
[2026-04-25 12:10:02] [morning-review]   📄 logs/model-guard.log
[2026-04-25 12:10:02] [morning-review]   📄 logs/xiaomijiao-cron.log
[2026-04-25 12:10:02] [morning-review] 📋 待办进度: ✅4 完成 / ⏳8 待做
[2026-04-25 12:10:02] [morning-review] 📚 开始知识库结构化整理...
[2026-04-25 12:10:02] [morning-review] 📊 intel/ 目录文件数: 89
[2026-04-25 12:10:02] [morning-review] ⚠️ 发现 77 个超过 7 天未更新的文件
[2026-04-25 12:10:02] [morning-review]   📄 工具与技能清单.md (超过 7 天)
[2026-04-25 12:10:02] [morning-review]   📄 商贸数据复盘_20260414.md (超过 7 天)
[2026-04-25 12:10:02] [morning-review]   📄 首篇笔记内容-2026-04-09.md (超过 7 天)
[2026-04-25 12:10:02] [morning-review]   📄 石油黄金相关性分析技能方案.md (超过 7 天)
[2026-04-25 12:10:02] [morning-review]   📄 私聊话术设计-2026-04-09.md (超过 7 天)
[2026-04-25 12:10:02] [morning-review]   📄 每日晚间回顾报告-2026-04-02.md (超过 7 天)
[2026-04-25 12:10:02] [morning-review]   📄 Public-APIs-RAKE-关键词提取API调研.md (超过 7 天)
[2026-04-25 12:10:02] [morning-review]   📄 URL-Shortener-短链接生成API-链接优化工具.md (超过 7 天)
[2026-04-25 12:10:02] [morning-review]   📄 每日晚间回顾报告-2026-03-27.md (超过 7 天)
[2026-04-25 12:10:02] [morning-review]   📄 视频脚本-蒸汽眼罩-20260401.md (超过 7 天)
[2026-04-25 12:10:02] [morning-review]   📄 2026-04-15-午间回顾.md (超过 7 天)
[2026-04-25 12:10:02] [morning-review]   📄 商贸模式状态更新.md (超过 7 天)
[2026-04-25 12:10:02] [morning-review]   📄 NumPy-数值计算库-基础工具.md (超过 7 天)
[2026-04-25 12:10:02] [morning-review]   📄 小米椒出海方案.md (超过 7 天)
[2026-04-25 12:10:02] [morning-review]   📄 QR-Code-二维码生成API-推广工具.md (超过 7 天)
[2026-04-25 12:10:02] [morning-review]   📄 Public-APIs-Poof-背景移除API调研.md (超过 7 天)
[2026-04-25 12:10:02] [morning-review]   📄 今日回顾_2026-04-09.md (超过 7 天)
[2026-04-25 12:10:02] [morning-review]   📄 Public-APIs-APITubeNews-热点采集API调研.md (超过 7 天)
[2026-04-25 12:10:02] [morning-review]   📄 Public-APIs-新媒体运营资源-最终版.md (超过 7 天)
[2026-04-25 12:10:02] [morning-review]   📄 1688供应商筛选标准.md (超过 7 天)
[2026-04-25 12:10:02] [morning-review]   📄 Text-Summarization-文本摘要API-内容提炼工具.md (超过 7 天)
[2026-04-25 12:10:02] [morning-review]   📄 Public-APIs-新媒体运营资源.md (超过 7 天)
[2026-04-25 12:10:02] [morning-review]   📄 OpenClaw-3.22安全加固指南.md (超过 7 天)
[2026-04-25 12:10:02] [morning-review]   📄 xiaohongshu-ops-完整优化方案.md (超过 7 天)
[2026-04-25 12:10:02] [morning-review]   📄 数据复盘.md (超过 7 天)
[2026-04-25 12:10:02] [morning-review]   📄 Public-APIs-ShotOG-封面生成API调研.md (超过 7 天)
[2026-04-25 12:10:02] [morning-review]   📄 Public-APIs-Meteoblue-天气选题API调研.md (超过 7 天)
[2026-04-25 12:10:02] [morning-review]   📄 商贸模式使用说明.md (超过 7 天)
[2026-04-25 12:10:02] [morning-review]   📄 每周运营规划.md (超过 7 天)
[2026-04-25 12:10:02] [morning-review]   📄 商贸系统化落地方案.md (超过 7 天)
[2026-04-25 12:10:02] [morning-review]   📄 MoviePy-视频处理库-视频编辑工具.md (超过 7 天)
[2026-04-25 12:10:02] [morning-review]   📄 内容初稿-蒸汽眼罩-20260401.md (超过 7 天)
[2026-04-25 12:10:02] [morning-review]   📄 Public-APIs-ImageCompressor-图片压缩API调研.md (超过 7 天)
[2026-04-25 12:10:02] [morning-review]   📄 小米椒商贸定价与成本计算方案.md (超过 7 天)
[2026-04-25 12:10:02] [morning-review]   📄 1688-供应商对比报告.md (超过 7 天)
[2026-04-25 12:10:02] [morning-review]   📄 明日选题预研.md (超过 7 天)
[2026-04-25 12:10:02] [morning-review]   📄 索引.md (超过 7 天)
[2026-04-25 12:10:02] [morning-review]   📄 商贸模式常用操作.md (超过 7 天)
[2026-04-25 12:10:02] [morning-review]   📄 淘宝API验证计划.md (超过 7 天)
[2026-04-25 12:10:02] [morning-review]   📄 模型切换方案-百炼主线-v2.md (超过 7 天)
[2026-04-25 12:10:02] [morning-review]   📄 推荐工作-闲鱼一件代发.md (超过 7 天)
[2026-04-25 12:10:02] [morning-review]   📄 每日午间回顾报告-2026-03-30.md (超过 7 天)
[2026-04-25 12:10:02] [morning-review]   📄 深度回顾报告-2026-04-01.md (超过 7 天)
[2026-04-25 12:10:02] [morning-review]   📄 Public-APIs-新媒体运营资源-v2.0.md (超过 7 天)
[2026-04-25 12:10:02] [morning-review]   📄 P1-助眠好物框架.md (超过 7 天)
[2026-04-25 12:10:02] [morning-review]   📄 Requests-HTTP请求库-API调用工具.md (超过 7 天)
[2026-04-25 12:10:03] [morning-review]   📄 模型切换方案-百炼主线.md (超过 7 天)
[2026-04-25 12:10:03] [morning-review]   📄 平台规则更新.md (超过 7 天)
[2026-04-25 12:10:03] [morning-review]   📄 小米椒客户开发实战方案.md (超过 7 天)
[2026-04-25 12:10:03] [morning-review]   📄 每日晚间回顾报告-2026-04-03.md (超过 7 天)
[2026-04-25 12:10:03] [morning-review]   📄 小红书选题清单-2026-04-09.md (超过 7 天)
[2026-04-25 12:10:03] [morning-review]   📄 小米椒商贸出海定制方案.md (超过 7 天)
[2026-04-25 12:10:03] [morning-review]   📄 Qwen3.6-Plus免费使用指南.md (超过 7 天)
[2026-04-25 12:10:03] [morning-review]   📄 Public-APIs-ImageCompressor集成说明.md (超过 7 天)
[2026-04-25 12:10:03] [morning-review]   📄 FFmpeg-视频处理工具-命令行视频编辑器.md (超过 7 天)
[2026-04-25 12:10:03] [morning-review]   📄 xiaohongshu-ops-商贸优化-P1P2方案.md (超过 7 天)
[2026-04-25 12:10:03] [morning-review]   📄 内容初稿-2026-04-01.md (超过 7 天)
[2026-04-25 12:10:03] [morning-review]   📄 BeautifulSoup-HTML解析库-网页抓取工具.md (超过 7 天)
[2026-04-25 12:10:03] [morning-review]   📄 结构化整理报告-2026-04-11.md (超过 7 天)
[2026-04-25 12:10:03] [morning-review]   📄 内容初稿.md (超过 7 天)
[2026-04-25 12:10:03] [morning-review]   📄 每日晚间回顾报告-2026-04-01.md (超过 7 天)
[2026-04-25 12:10:03] [morning-review]   📄 知识库索引.md (超过 7 天)
[2026-04-25 12:10:03] [morning-review]   📄 选品调研.md (超过 7 天)
[2026-04-25 12:10:03] [morning-review]   📄 每日晚间回顾报告-2026-03-30.md (超过 7 天)
[2026-04-25 12:10:03] [morning-review]   📄 每日午间回顾报告-2026-04-01.md (超过 7 天)
[2026-04-25 12:10:03] [morning-review]   📄 每日晚间回顾报告-2026-04-04.md (超过 7 天)
[2026-04-25 12:10:03] [morning-review]   📄 OpenClaw自主进化指南.md (超过 7 天)
[2026-04-25 12:10:03] [morning-review]   📄 Public-APIs-Pandas-数据分析API调研.md (超过 7 天)
[2026-04-25 12:10:03] [morning-review]   📄 视频脚本-蒸汽眼罩-种草版-20260401.md (超过 7 天)
[2026-04-25 12:10:03] [morning-review]   📄 品牌过往爆款.md (超过 7 天)
[2026-04-25 12:10:03] [morning-review]   📄 路径规划-1688小红书闲鱼.md (超过 7 天)
[2026-04-25 12:10:03] [morning-review]   📄 闲鱼上架清单-2026-04-09.md (超过 7 天)
[2026-04-25 12:10:03] [morning-review]   📄 2026-04-15-系统状态检查.md (超过 7 天)
[2026-04-25 12:10:03] [morning-review]   📄 Public-APIs-Plotly-数据可视化API调研.md (超过 7 天)
[2026-04-25 12:10:03] [morning-review]   📄 Public-APIs-VADER-情感分析API调研.md (超过 7 天)
[2026-04-25 12:10:03] [morning-review]   📄 xiaohongshu-ops-商贸优化方案.md (超过 7 天)
[2026-04-25 12:10:03] [morning-review]   📄 oil-gold-geopolitics-upgrade.md (超过 7 天)
[2026-04-25 12:10:03] [morning-review] ✅ 无重复文件
[2026-04-25 12:10:03] [morning-review] ✅ 知识库结构化整理完成
[2026-04-25 12:10:03] [morning-review] 📋 开始索引同步更新...
[2026-04-25 12:10:03] [morning-review] 📊 文件统计: intel/89 memory/34 logs/6 total/129
[2026-04-25 12:10:03] [morning-review] ✅ 索引文件已更新
[2026-04-25 12:10:03] [morning-review] ✅ 索引同步更新完成
[2026-04-25 12:10:03] [morning-review] ✅ Git 已提交
[2026-04-25 12:10:06] [morning-review] ✅ 已推送到 xiaomijiao remote main
[2026-04-25 12:10:06] [morning-review] 🔄 更新 QMD 向量索引...
[2026-04-25 12:10:09] [morning-review] ✅ QMD 更新完成
[2026-04-25 12:10:09] [morning-review] ===== 午间运营回顾完成 =====
[2026-04-25 13:10:01] [error-stats] 📊 今日错误: 1
[2026-04-25 14:10:01] [error-stats] 📊 今日错误: 1
[2026-04-25 15:10:01] [error-stats] 📊 今日错误: 1
[2026-04-25 16:10:01] [error-stats] 📊 今日错误: 1
[2026-04-25 17:10:01] [error-stats] 📊 今日错误: 1
[2026-04-25 18:10:01] [error-stats] 📊 今日错误: 1
[2026-04-25 19:10:01] [error-stats] 📊 今日错误: 1
[2026-04-25 20:10:01] [error-stats] 📊 今日错误: 1
[2026-04-25 21:00:01] [ai-summary] ===== 每晚AI学习总结开始（21:00）=====
[2026-04-25 21:00:01] [ai-summary] ✅ 学习总结模板已创建: /root/.openclaw/workspace/memory/ai学习-2026-04-25.md
[2026-04-25 21:00:01] [ai-summary] ✅ 学习总结已提交
[2026-04-25 21:00:01] [ai-summary] ===== 每晚AI学习总结完成 =====
[2026-04-25 21:10:01] [error-stats] 📊 今日错误: 1
[2026-04-25 22:10:01] [error-stats] 📊 今日错误: 1
[2026-04-25 23:10:01] [error-stats] 📊 今日错误: 1
[2026-04-25 23:30:01] [daily-review] ===== 每日运营回顾开始（23:30）=====
[2026-04-25 23:30:01] [daily-review] 📅 今日记忆文件: 43行
[2026-04-25 23:30:01] [daily-review] 提取多通道聊天记录（2026-04-25）...
[2026-04-26 02:00:01] [qmd-update] 🔄 更新 QMD 向量索引...
[2026-04-26 02:00:04] [qmd-update] ✅ QMD 更新完成
[2026-04-26 02:10:01] [cleanup] 清理旧日志...
[2026-04-26 02:10:01] [cleanup] ✅ 清理完成
[2026-04-26 09:00:01] [hotspot-collect] ===== 开始采集百度热搜 =====
[2026-04-26 09:00:02] [hotspot-collect] ✅ 热点采集完成
[2026-04-26 12:10:01] [morning-review] ===== 午间运营回顾开始（12:10）=====
[2026-04-26 12:10:01] [morning-review] 📝 创建今日记忆文件模板...
[2026-04-26 12:10:01] [morning-review] ✅ 记忆模板已创建
[2026-04-26 12:10:01] [morning-review] 提取多通道聊天记录（2026-04-26）...
[2026-04-26 12:10:03] [morning-review] - 消息数：82
[2026-04-26 12:10:03] [morning-review] [0;32m[SUCCESS][0m 对话记录已保存：/root/.openclaw/workspace/agents/xiaomijiao/memory/chat-2026-04-26.md
[2026-04-26 12:10:03] [morning-review] 消息数： 87
[2026-04-26 12:10:03] [morning-review] [0;32m[SUCCESS][0m 多通道对话提取完成！🎉
[2026-04-26 12:10:03] [morning-review] 📊 变更统计: intel/0 memory/0 config/0
[2026-04-26 12:10:03] [morning-review]   📄 agents/xiaomijiao/logs/cron.log
[2026-04-26 12:10:03] [morning-review]   📄 logs/model-guard.log
[2026-04-26 12:10:03] [morning-review]   📄 logs/xiaomijiao-cron.log
[2026-04-26 12:10:03] [morning-review] 📋 待办进度: ✅6 完成 / ⏳8 待做
[2026-04-26 12:10:03] [morning-review] 📚 开始知识库结构化整理...
[2026-04-26 12:10:03] [morning-review] 📊 intel/ 目录文件数: 90
[2026-04-26 12:10:03] [morning-review] ⚠️ 发现 78 个超过 7 天未更新的文件
[2026-04-26 12:10:03] [morning-review]   📄 工具与技能清单.md (超过 7 天)
[2026-04-26 12:10:03] [morning-review]   📄 商贸数据复盘_20260414.md (超过 7 天)
[2026-04-26 12:10:03] [morning-review]   📄 首篇笔记内容-2026-04-09.md (超过 7 天)
[2026-04-26 12:10:03] [morning-review]   📄 石油黄金相关性分析技能方案.md (超过 7 天)
[2026-04-26 12:10:03] [morning-review]   📄 私聊话术设计-2026-04-09.md (超过 7 天)
[2026-04-26 12:10:03] [morning-review]   📄 每日晚间回顾报告-2026-04-02.md (超过 7 天)
[2026-04-26 12:10:03] [morning-review]   📄 Public-APIs-RAKE-关键词提取API调研.md (超过 7 天)
[2026-04-26 12:10:03] [morning-review]   📄 URL-Shortener-短链接生成API-链接优化工具.md (超过 7 天)
[2026-04-26 12:10:03] [morning-review]   📄 每日晚间回顾报告-2026-03-27.md (超过 7 天)
[2026-04-26 12:10:03] [morning-review]   📄 视频脚本-蒸汽眼罩-20260401.md (超过 7 天)
[2026-04-26 12:10:03] [morning-review]   📄 2026-04-15-午间回顾.md (超过 7 天)
[2026-04-26 12:10:03] [morning-review]   📄 商贸模式状态更新.md (超过 7 天)
[2026-04-26 12:10:03] [morning-review]   📄 NumPy-数值计算库-基础工具.md (超过 7 天)
[2026-04-26 12:10:03] [morning-review]   📄 小米椒出海方案.md (超过 7 天)
[2026-04-26 12:10:03] [morning-review]   📄 QR-Code-二维码生成API-推广工具.md (超过 7 天)
[2026-04-26 12:10:03] [morning-review]   📄 Public-APIs-Poof-背景移除API调研.md (超过 7 天)
[2026-04-26 12:10:03] [morning-review]   📄 今日回顾_2026-04-09.md (超过 7 天)
[2026-04-26 12:10:03] [morning-review]   📄 Public-APIs-APITubeNews-热点采集API调研.md (超过 7 天)
[2026-04-26 12:10:03] [morning-review]   📄 Public-APIs-新媒体运营资源-最终版.md (超过 7 天)
[2026-04-26 12:10:03] [morning-review]   📄 1688供应商筛选标准.md (超过 7 天)
[2026-04-26 12:10:03] [morning-review]   📄 Text-Summarization-文本摘要API-内容提炼工具.md (超过 7 天)
[2026-04-26 12:10:03] [morning-review]   📄 Public-APIs-新媒体运营资源.md (超过 7 天)
[2026-04-26 12:10:03] [morning-review]   📄 OpenClaw-3.22安全加固指南.md (超过 7 天)
[2026-04-26 12:10:03] [morning-review]   📄 xiaohongshu-ops-完整优化方案.md (超过 7 天)
[2026-04-26 12:10:03] [morning-review]   📄 数据复盘.md (超过 7 天)
[2026-04-26 12:10:03] [morning-review]   📄 Public-APIs-ShotOG-封面生成API调研.md (超过 7 天)
[2026-04-26 12:10:03] [morning-review]   📄 Public-APIs-Meteoblue-天气选题API调研.md (超过 7 天)
[2026-04-26 12:10:03] [morning-review]   📄 商贸模式使用说明.md (超过 7 天)
[2026-04-26 12:10:03] [morning-review]   📄 每周运营规划.md (超过 7 天)
[2026-04-26 12:10:03] [morning-review]   📄 商贸系统化落地方案.md (超过 7 天)
[2026-04-26 12:10:03] [morning-review]   📄 MoviePy-视频处理库-视频编辑工具.md (超过 7 天)
[2026-04-26 12:10:03] [morning-review]   📄 内容初稿-蒸汽眼罩-20260401.md (超过 7 天)
[2026-04-26 12:10:03] [morning-review]   📄 Public-APIs-ImageCompressor-图片压缩API调研.md (超过 7 天)
[2026-04-26 12:10:03] [morning-review]   📄 小米椒商贸定价与成本计算方案.md (超过 7 天)
[2026-04-26 12:10:03] [morning-review]   📄 1688-供应商对比报告.md (超过 7 天)
[2026-04-26 12:10:03] [morning-review]   📄 明日选题预研.md (超过 7 天)
[2026-04-26 12:10:03] [morning-review]   📄 索引.md (超过 7 天)
[2026-04-26 12:10:03] [morning-review]   📄 商贸模式常用操作.md (超过 7 天)
[2026-04-26 12:10:03] [morning-review]   📄 淘宝API验证计划.md (超过 7 天)
[2026-04-26 12:10:03] [morning-review]   📄 模型切换方案-百炼主线-v2.md (超过 7 天)
[2026-04-26 12:10:03] [morning-review]   📄 推荐工作-闲鱼一件代发.md (超过 7 天)
[2026-04-26 12:10:03] [morning-review]   📄 百炼模型配置方案.md (超过 7 天)
[2026-04-26 12:10:03] [morning-review]   📄 每日午间回顾报告-2026-03-30.md (超过 7 天)
[2026-04-26 12:10:03] [morning-review]   📄 深度回顾报告-2026-04-01.md (超过 7 天)
[2026-04-26 12:10:03] [morning-review]   📄 Public-APIs-新媒体运营资源-v2.0.md (超过 7 天)
[2026-04-26 12:10:03] [morning-review]   📄 P1-助眠好物框架.md (超过 7 天)
[2026-04-26 12:10:03] [morning-review]   📄 Requests-HTTP请求库-API调用工具.md (超过 7 天)
[2026-04-26 12:10:03] [morning-review]   📄 模型切换方案-百炼主线.md (超过 7 天)
[2026-04-26 12:10:03] [morning-review]   📄 平台规则更新.md (超过 7 天)
[2026-04-26 12:10:03] [morning-review]   📄 小米椒客户开发实战方案.md (超过 7 天)
[2026-04-26 12:10:03] [morning-review]   📄 每日晚间回顾报告-2026-04-03.md (超过 7 天)
[2026-04-26 12:10:03] [morning-review]   📄 小红书选题清单-2026-04-09.md (超过 7 天)
[2026-04-26 12:10:03] [morning-review]   📄 小米椒商贸出海定制方案.md (超过 7 天)
[2026-04-26 12:10:03] [morning-review]   📄 Qwen3.6-Plus免费使用指南.md (超过 7 天)
[2026-04-26 12:10:03] [morning-review]   📄 Public-APIs-ImageCompressor集成说明.md (超过 7 天)
[2026-04-26 12:10:03] [morning-review]   📄 FFmpeg-视频处理工具-命令行视频编辑器.md (超过 7 天)
[2026-04-26 12:10:03] [morning-review]   📄 xiaohongshu-ops-商贸优化-P1P2方案.md (超过 7 天)
[2026-04-26 12:10:03] [morning-review]   📄 内容初稿-2026-04-01.md (超过 7 天)
[2026-04-26 12:10:03] [morning-review]   📄 BeautifulSoup-HTML解析库-网页抓取工具.md (超过 7 天)
[2026-04-26 12:10:03] [morning-review]   📄 结构化整理报告-2026-04-11.md (超过 7 天)
[2026-04-26 12:10:03] [morning-review]   📄 内容初稿.md (超过 7 天)
[2026-04-26 12:10:03] [morning-review]   📄 每日晚间回顾报告-2026-04-01.md (超过 7 天)
[2026-04-26 12:10:03] [morning-review]   📄 知识库索引.md (超过 7 天)
[2026-04-26 12:10:03] [morning-review]   📄 选品调研.md (超过 7 天)
[2026-04-26 12:10:03] [morning-review]   📄 每日晚间回顾报告-2026-03-30.md (超过 7 天)
[2026-04-26 12:10:03] [morning-review]   📄 每日午间回顾报告-2026-04-01.md (超过 7 天)
[2026-04-26 12:10:03] [morning-review]   📄 每日晚间回顾报告-2026-04-04.md (超过 7 天)
[2026-04-26 12:10:03] [morning-review]   📄 OpenClaw自主进化指南.md (超过 7 天)
[2026-04-26 12:10:03] [morning-review]   📄 Public-APIs-Pandas-数据分析API调研.md (超过 7 天)
[2026-04-26 12:10:03] [morning-review]   📄 视频脚本-蒸汽眼罩-种草版-20260401.md (超过 7 天)
[2026-04-26 12:10:03] [morning-review]   📄 品牌过往爆款.md (超过 7 天)
[2026-04-26 12:10:03] [morning-review]   📄 路径规划-1688小红书闲鱼.md (超过 7 天)
[2026-04-26 12:10:03] [morning-review]   📄 闲鱼上架清单-2026-04-09.md (超过 7 天)
[2026-04-26 12:10:03] [morning-review]   📄 2026-04-15-系统状态检查.md (超过 7 天)
[2026-04-26 12:10:03] [morning-review]   📄 Public-APIs-Plotly-数据可视化API调研.md (超过 7 天)
[2026-04-26 12:10:03] [morning-review]   📄 Public-APIs-VADER-情感分析API调研.md (超过 7 天)
[2026-04-26 12:10:03] [morning-review]   📄 xiaohongshu-ops-商贸优化方案.md (超过 7 天)
[2026-04-26 12:10:03] [morning-review]   📄 oil-gold-geopolitics-upgrade.md (超过 7 天)
[2026-04-26 12:10:03] [morning-review] ✅ 无重复文件
[2026-04-26 12:10:03] [morning-review] ✅ 知识库结构化整理完成
[2026-04-26 12:10:03] [morning-review] 📋 开始索引同步更新...
[2026-04-26 12:10:03] [morning-review] 📊 文件统计: intel/90 memory/36 logs/6 total/132
[2026-04-26 12:10:03] [morning-review] ✅ 索引文件已更新
[2026-04-26 12:10:03] [morning-review] ✅ 索引同步更新完成
[2026-04-26 12:10:03] [morning-review] ✅ Git 已提交
[2026-04-26 12:10:07] [morning-review] ✅ 已推送到 xiaomijiao remote main
[2026-04-26 12:10:07] [morning-review] 🔄 更新 QMD 向量索引...
[2026-04-26 12:10:10] [morning-review] ✅ QMD 更新完成
[2026-04-26 12:10:10] [morning-review] ===== 午间运营回顾完成 =====
[2026-04-26 13:10:01] [error-stats] 📊 今日错误: 1
[2026-04-26 14:10:01] [error-stats] 📊 今日错误: 1
[2026-04-26 15:10:01] [error-stats] 📊 今日错误: 1
[2026-04-26 16:10:01] [error-stats] 📊 今日错误: 1
[2026-04-26 17:10:02] [error-stats] 📊 今日错误: 1
[2026-04-26 18:10:01] [error-stats] 📊 今日错误: 1
[2026-04-26 19:10:01] [error-stats] 📊 今日错误: 1
[2026-04-26 20:10:01] [error-stats] 📊 今日错误: 1
[2026-04-26 21:00:01] [ai-summary] ===== 每晚AI学习总结开始（21:00）=====
[2026-04-26 21:00:01] [ai-summary] ✅ 学习总结模板已创建: /root/.openclaw/workspace/memory/ai学习-2026-04-26.md
[2026-04-26 21:00:01] [ai-summary] ✅ 学习总结已提交
[2026-04-26 21:00:01] [ai-summary] ===== 每晚AI学习总结完成 =====
[2026-04-26 21:10:01] [error-stats] 📊 今日错误: 1
[2026-04-26 22:10:01] [error-stats] 📊 今日错误: 1
[2026-04-26 23:10:01] [error-stats] 📊 今日错误: 1
[2026-04-26 23:30:01] [daily-review] ===== 每日运营回顾开始（23:30）=====
[2026-04-26 23:30:01] [daily-review] 📅 今日记忆文件: 43行
[2026-04-26 23:30:01] [daily-review] 提取多通道聊天记录（2026-04-26）...
[2026-04-27 02:00:01] [qmd-update] 🔄 更新 QMD 向量索引...
[2026-04-27 02:00:04] [qmd-update] ✅ QMD 更新完成
[2026-04-27 02:10:01] [cleanup] 清理旧日志...
[2026-04-27 02:10:01] [cleanup] ✅ 清理完成
[2026-04-27 09:00:01] [hotspot-collect] ===== 开始采集百度热搜 =====
[2026-04-27 09:00:02] [hotspot-collect] ✅ 热点采集完成
[2026-04-27 12:10:01] [morning-review] ===== 午间运营回顾开始（12:10）=====
[2026-04-27 12:10:01] [morning-review] 📝 创建今日记忆文件模板...
[2026-04-27 12:10:01] [morning-review] ✅ 记忆模板已创建
[2026-04-27 12:10:01] [morning-review] 提取多通道聊天记录（2026-04-27）...
[2026-04-27 21:00:01] [ai-summary] ===== 每晚AI学习总结开始（21:00）=====
[2026-04-27 21:00:01] [ai-summary] ✅ 学习总结模板已创建: /root/.openclaw/workspace/memory/ai学习-2026-04-27.md
[2026-04-27 21:00:01] [ai-summary] ✅ 学习总结已提交
[2026-04-27 21:00:01] [ai-summary] ===== 每晚AI学习总结完成 =====
[2026-04-27 23:30:01] [daily-review] ===== 每日运营回顾开始（23:30）=====
[2026-04-27 23:30:01] [daily-review] 📅 今日记忆文件: 43行
[2026-04-27 23:30:01] [daily-review] 提取多通道聊天记录（2026-04-27）...
[2026-04-28 02:00:01] [qmd-update] 🔄 更新 QMD 向量索引...
[2026-04-28 02:00:04] [qmd-update] ✅ QMD 更新完成
[2026-04-28 02:10:01] [cleanup] 清理旧日志...
[2026-04-28 02:10:01] [cleanup] ✅ 清理完成
[2026-04-28 09:00:01] [hotspot-collect] ===== 开始采集百度热搜 =====
[2026-04-28 09:00:02] [hotspot-collect] ✅ 热点采集完成
[2026-04-28 11:13:49] [qmd-update] 🔄 更新 QMD 向量索引...
[2026-04-28 11:13:52] [qmd-update] ✅ QMD 更新完成
[2026-04-28 12:10:01] [morning-review] ===== 午间运营回顾开始（12:10）=====
[2026-04-28 12:10:01] [morning-review] 📅 今日记忆文件: 110行
[2026-04-28 12:10:01] [morning-review] 提取多通道聊天记录（2026-04-28）...
[2026-04-28 12:10:04] [morning-review] - 消息数：184
[2026-04-28 12:10:04] [morning-review] [0;32m[SUCCESS][0m 对话记录已保存：/root/.openclaw/workspace/agents/xiaomijiao/memory/chat-2026-04-28.md
[2026-04-28 12:10:04] [morning-review] 消息数： 221
[2026-04-28 12:10:04] [morning-review] [0;32m[SUCCESS][0m 多通道对话提取完成！🎉
[2026-04-28 12:10:04] [morning-review] 📊 变更统计: intel/0 memory/0 config/0
[2026-04-28 12:10:04] [morning-review]   📄 agents/xiaomijiao/logs/cron.log
[2026-04-28 12:10:04] [morning-review]   📄 logs/model-guard.log
[2026-04-28 12:10:04] [morning-review]   📄 logs/qmd-update.log
[2026-04-28 12:10:04] [morning-review]   📄 logs/xiaomijiao-cron.log
[2026-04-28 12:10:04] [morning-review] 📋 待办进度: ✅6 完成 / ⏳8 待做
[2026-04-28 12:10:04] [morning-review] 📚 开始知识库结构化整理...
[2026-04-28 12:10:04] [morning-review] 📊 intel/ 目录文件数: 91
[2026-04-28 12:10:04] [morning-review] ⚠️ 发现 80 个超过 7 天未更新的文件
[2026-04-28 12:10:04] [morning-review]   📄 工具与技能清单.md (超过 7 天)
[2026-04-28 12:10:04] [morning-review]   📄 商贸数据复盘_20260414.md (超过 7 天)
[2026-04-28 12:10:04] [morning-review]   📄 首篇笔记内容-2026-04-09.md (超过 7 天)
[2026-04-28 12:10:04] [morning-review]   📄 石油黄金相关性分析技能方案.md (超过 7 天)
[2026-04-28 12:10:04] [morning-review]   📄 私聊话术设计-2026-04-09.md (超过 7 天)
[2026-04-28 12:10:04] [morning-review]   📄 每日晚间回顾报告-2026-04-02.md (超过 7 天)
[2026-04-28 12:10:04] [morning-review]   📄 Public-APIs-RAKE-关键词提取API调研.md (超过 7 天)
[2026-04-28 12:10:04] [morning-review]   📄 URL-Shortener-短链接生成API-链接优化工具.md (超过 7 天)
[2026-04-28 12:10:04] [morning-review]   📄 每日晚间回顾报告-2026-03-27.md (超过 7 天)
[2026-04-28 12:10:04] [morning-review]   📄 视频脚本-蒸汽眼罩-20260401.md (超过 7 天)
[2026-04-28 12:10:04] [morning-review]   📄 2026-04-15-午间回顾.md (超过 7 天)
[2026-04-28 12:10:04] [morning-review]   📄 商贸模式状态更新.md (超过 7 天)
[2026-04-28 12:10:04] [morning-review]   📄 NumPy-数值计算库-基础工具.md (超过 7 天)
[2026-04-28 12:10:04] [morning-review]   📄 小米椒出海方案.md (超过 7 天)
[2026-04-28 12:10:04] [morning-review]   📄 QR-Code-二维码生成API-推广工具.md (超过 7 天)
[2026-04-28 12:10:04] [morning-review]   📄 Public-APIs-Poof-背景移除API调研.md (超过 7 天)
[2026-04-28 12:10:04] [morning-review]   📄 今日回顾_2026-04-09.md (超过 7 天)
[2026-04-28 12:10:04] [morning-review]   📄 Public-APIs-APITubeNews-热点采集API调研.md (超过 7 天)
[2026-04-28 12:10:04] [morning-review]   📄 Public-APIs-新媒体运营资源-最终版.md (超过 7 天)
[2026-04-28 12:10:04] [morning-review]   📄 1688供应商筛选标准.md (超过 7 天)
[2026-04-28 12:10:04] [morning-review]   📄 Text-Summarization-文本摘要API-内容提炼工具.md (超过 7 天)
[2026-04-28 12:10:04] [morning-review]   📄 Public-APIs-新媒体运营资源.md (超过 7 天)
[2026-04-28 12:10:04] [morning-review]   📄 OpenClaw-3.22安全加固指南.md (超过 7 天)
[2026-04-28 12:10:04] [morning-review]   📄 xiaohongshu-ops-完整优化方案.md (超过 7 天)
[2026-04-28 12:10:04] [morning-review]   📄 数据复盘.md (超过 7 天)
[2026-04-28 12:10:04] [morning-review]   📄 Public-APIs-ShotOG-封面生成API调研.md (超过 7 天)
[2026-04-28 12:10:04] [morning-review]   📄 Public-APIs-Meteoblue-天气选题API调研.md (超过 7 天)
[2026-04-28 12:10:04] [morning-review]   📄 商贸模式使用说明.md (超过 7 天)
[2026-04-28 12:10:04] [morning-review]   📄 2026-04-19-午间回顾.md (超过 7 天)
[2026-04-28 12:10:04] [morning-review]   📄 每周运营规划.md (超过 7 天)
[2026-04-28 12:10:04] [morning-review]   📄 商贸系统化落地方案.md (超过 7 天)
[2026-04-28 12:10:04] [morning-review]   📄 MoviePy-视频处理库-视频编辑工具.md (超过 7 天)
[2026-04-28 12:10:04] [morning-review]   📄 内容初稿-蒸汽眼罩-20260401.md (超过 7 天)
[2026-04-28 12:10:04] [morning-review]   📄 2026-04-20-午间回顾.md (超过 7 天)
[2026-04-28 12:10:04] [morning-review]   📄 Public-APIs-ImageCompressor-图片压缩API调研.md (超过 7 天)
[2026-04-28 12:10:04] [morning-review]   📄 小米椒商贸定价与成本计算方案.md (超过 7 天)
[2026-04-28 12:10:04] [morning-review]   📄 1688-供应商对比报告.md (超过 7 天)
[2026-04-28 12:10:04] [morning-review]   📄 明日选题预研.md (超过 7 天)
[2026-04-28 12:10:04] [morning-review]   📄 索引.md (超过 7 天)
[2026-04-28 12:10:04] [morning-review]   📄 商贸模式常用操作.md (超过 7 天)
[2026-04-28 12:10:04] [morning-review]   📄 淘宝API验证计划.md (超过 7 天)
[2026-04-28 12:10:04] [morning-review]   📄 模型切换方案-百炼主线-v2.md (超过 7 天)
[2026-04-28 12:10:04] [morning-review]   📄 推荐工作-闲鱼一件代发.md (超过 7 天)
[2026-04-28 12:10:04] [morning-review]   📄 百炼模型配置方案.md (超过 7 天)
[2026-04-28 12:10:04] [morning-review]   📄 每日午间回顾报告-2026-03-30.md (超过 7 天)
[2026-04-28 12:10:04] [morning-review]   📄 深度回顾报告-2026-04-01.md (超过 7 天)
[2026-04-28 12:10:04] [morning-review]   📄 Public-APIs-新媒体运营资源-v2.0.md (超过 7 天)
[2026-04-28 12:10:04] [morning-review]   📄 P1-助眠好物框架.md (超过 7 天)
[2026-04-28 12:10:04] [morning-review]   📄 Requests-HTTP请求库-API调用工具.md (超过 7 天)
[2026-04-28 12:10:04] [morning-review]   📄 模型切换方案-百炼主线.md (超过 7 天)
[2026-04-28 12:10:04] [morning-review]   📄 平台规则更新.md (超过 7 天)
[2026-04-28 12:10:04] [morning-review]   📄 小米椒客户开发实战方案.md (超过 7 天)
[2026-04-28 12:10:04] [morning-review]   📄 每日晚间回顾报告-2026-04-03.md (超过 7 天)
[2026-04-28 12:10:04] [morning-review]   📄 小红书选题清单-2026-04-09.md (超过 7 天)
[2026-04-28 12:10:04] [morning-review]   📄 小米椒商贸出海定制方案.md (超过 7 天)
[2026-04-28 12:10:04] [morning-review]   📄 Qwen3.6-Plus免费使用指南.md (超过 7 天)
[2026-04-28 12:10:04] [morning-review]   📄 Public-APIs-ImageCompressor集成说明.md (超过 7 天)
[2026-04-28 12:10:04] [morning-review]   📄 FFmpeg-视频处理工具-命令行视频编辑器.md (超过 7 天)
[2026-04-28 12:10:04] [morning-review]   📄 xiaohongshu-ops-商贸优化-P1P2方案.md (超过 7 天)
[2026-04-28 12:10:04] [morning-review]   📄 内容初稿-2026-04-01.md (超过 7 天)
[2026-04-28 12:10:04] [morning-review]   📄 BeautifulSoup-HTML解析库-网页抓取工具.md (超过 7 天)
[2026-04-28 12:10:04] [morning-review]   📄 结构化整理报告-2026-04-11.md (超过 7 天)
[2026-04-28 12:10:04] [morning-review]   📄 内容初稿.md (超过 7 天)
[2026-04-28 12:10:04] [morning-review]   📄 每日晚间回顾报告-2026-04-01.md (超过 7 天)
[2026-04-28 12:10:04] [morning-review]   📄 知识库索引.md (超过 7 天)
[2026-04-28 12:10:04] [morning-review]   📄 选品调研.md (超过 7 天)
[2026-04-28 12:10:04] [morning-review]   📄 每日晚间回顾报告-2026-03-30.md (超过 7 天)
[2026-04-28 12:10:04] [morning-review]   📄 每日午间回顾报告-2026-04-01.md (超过 7 天)
[2026-04-28 12:10:04] [morning-review]   📄 每日晚间回顾报告-2026-04-04.md (超过 7 天)
[2026-04-28 12:10:04] [morning-review]   📄 OpenClaw自主进化指南.md (超过 7 天)
[2026-04-28 12:10:04] [morning-review]   📄 Public-APIs-Pandas-数据分析API调研.md (超过 7 天)
[2026-04-28 12:10:04] [morning-review]   📄 视频脚本-蒸汽眼罩-种草版-20260401.md (超过 7 天)
[2026-04-28 12:10:04] [morning-review]   📄 品牌过往爆款.md (超过 7 天)
[2026-04-28 12:10:04] [morning-review]   📄 路径规划-1688小红书闲鱼.md (超过 7 天)
[2026-04-28 12:10:04] [morning-review]   📄 闲鱼上架清单-2026-04-09.md (超过 7 天)
[2026-04-28 12:10:04] [morning-review]   📄 2026-04-15-系统状态检查.md (超过 7 天)
[2026-04-28 12:10:04] [morning-review]   📄 Public-APIs-Plotly-数据可视化API调研.md (超过 7 天)
[2026-04-28 12:10:04] [morning-review]   📄 Public-APIs-VADER-情感分析API调研.md (超过 7 天)
[2026-04-28 12:10:04] [morning-review]   📄 xiaohongshu-ops-商贸优化方案.md (超过 7 天)
[2026-04-28 12:10:04] [morning-review]   📄 oil-gold-geopolitics-upgrade.md (超过 7 天)
[2026-04-28 12:10:04] [morning-review] ✅ 无重复文件
[2026-04-28 12:10:04] [morning-review] ✅ 知识库结构化整理完成
[2026-04-28 12:10:04] [morning-review] 📋 开始索引同步更新...
[2026-04-28 12:10:04] [morning-review] 📊 文件统计: intel/91 memory/40 logs/6 total/137
[2026-04-28 12:10:04] [morning-review] ✅ 索引文件已更新
[2026-04-28 12:10:04] [morning-review] ✅ 索引同步更新完成
[2026-04-28 12:10:04] [morning-review] ✅ Git 已提交
[2026-04-28 12:10:07] [morning-review] ✅ 已推送到 xiaomijiao remote main
[2026-04-28 12:10:07] [morning-review] 🔄 更新 QMD 向量索引...
[2026-04-28 12:10:08] [morning-review] ✅ QMD 更新完成
[2026-04-28 12:10:08] [morning-review] ===== 午间运营回顾完成 =====
[2026-04-28 13:10:01] [error-stats] 📊 今日错误: 1
[2026-04-28 14:10:01] [error-stats] 📊 今日错误: 1
[2026-04-28 15:10:01] [error-stats] 📊 今日错误: 1
[2026-04-28 16:10:01] [error-stats] 📊 今日错误: 1
[2026-04-28 17:10:01] [error-stats] 📊 今日错误: 1
[2026-04-28 18:10:02] [error-stats] 📊 今日错误: 1
[2026-04-28 19:10:02] [error-stats] 📊 今日错误: 1
[2026-04-28 20:10:01] [error-stats] 📊 今日错误: 1
[2026-04-28 21:00:01] [ai-summary] ===== 每晚AI学习总结开始（21:00）=====
[2026-04-28 21:00:01] [ai-summary] ✅ 学习总结模板已创建: /root/.openclaw/workspace/memory/ai学习-2026-04-28.md
[2026-04-28 21:00:01] [ai-summary] ✅ 学习总结已提交
[2026-04-28 21:00:01] [ai-summary] ===== 每晚AI学习总结完成 =====
[2026-04-28 21:10:01] [error-stats] 📊 今日错误: 1
[2026-04-28 22:10:01] [error-stats] 📊 今日错误: 1
[2026-04-28 23:10:01] [error-stats] 📊 今日错误: 1
[2026-04-28 23:30:01] [daily-review] ===== 每日运营回顾开始（23:30）=====
[2026-04-28 23:30:01] [daily-review] 📅 今日记忆文件: 212行
[2026-04-28 23:30:01] [daily-review] 提取多通道聊天记录（2026-04-28）...
[2026-04-29 02:00:01] [qmd-update] 🔄 更新 QMD 向量索引...
[2026-04-29 02:00:03] [qmd-update] ✅ QMD 更新完成
[2026-04-29 02:10:01] [cleanup] 清理旧日志...
[2026-04-29 02:10:01] [cleanup] ✅ 清理完成
[2026-04-29 09:00:01] [hotspot-collect] ===== 开始采集百度热搜 =====
[2026-04-29 09:00:02] [hotspot-collect] ✅ 热点采集完成
[2026-04-29 12:10:01] [morning-review] ===== 午间运营回顾开始（12:10）=====
[2026-04-29 12:10:01] [morning-review] 📝 创建今日记忆文件模板...
[2026-04-29 12:10:01] [morning-review] ✅ 记忆模板已创建
[2026-04-29 12:10:01] [morning-review] 提取多通道聊天记录（2026-04-29）...
[2026-04-29 12:10:04] [morning-review] - 消息数：212
[2026-04-29 12:10:04] [morning-review] [0;32m[SUCCESS][0m 对话记录已保存：/root/.openclaw/workspace/agents/xiaomijiao/memory/chat-2026-04-29.md
[2026-04-29 12:10:04] [morning-review] 消息数： 225
[2026-04-29 12:10:04] [morning-review] [0;32m[SUCCESS][0m 多通道对话提取完成！🎉
[2026-04-29 12:10:04] [morning-review] 📊 变更统计: intel/0 memory/0 config/2
[2026-04-29 12:10:04] [morning-review]   📄 MEMORY.md
[2026-04-29 12:10:04] [morning-review]   📄 agents/xiaomijiao/logs/cron.log
[2026-04-29 12:10:04] [morning-review]   📄 logs/model-guard.log
[2026-04-29 12:10:04] [morning-review]   📄 logs/oil-gold.log
[2026-04-29 12:10:04] [morning-review]   📄 logs/xiaomijiao-cron.log
[2026-04-29 12:10:04] [morning-review]   📄 skills/oil-gold-correlation/cache/geopolitics_cache.json
[2026-04-29 12:10:04] [morning-review] 📋 待办进度: ✅6 完成 / ⏳8 待做
[2026-04-29 12:10:04] [morning-review] 📚 开始知识库结构化整理...
[2026-04-29 12:10:04] [morning-review] 📊 intel/ 目录文件数: 92
[2026-04-29 12:10:04] [morning-review] ⚠️ 发现 81 个超过 7 天未更新的文件
[2026-04-29 12:10:04] [morning-review]   📄 工具与技能清单.md (超过 7 天)
[2026-04-29 12:10:04] [morning-review]   📄 商贸数据复盘_20260414.md (超过 7 天)
[2026-04-29 12:10:04] [morning-review]   📄 首篇笔记内容-2026-04-09.md (超过 7 天)
[2026-04-29 12:10:04] [morning-review]   📄 石油黄金相关性分析技能方案.md (超过 7 天)
[2026-04-29 12:10:04] [morning-review]   📄 私聊话术设计-2026-04-09.md (超过 7 天)
[2026-04-29 12:10:04] [morning-review]   📄 Public-APIs-RAKE-关键词提取API调研.md (超过 7 天)
[2026-04-29 12:10:04] [morning-review]   📄 URL-Shortener-短链接生成API-链接优化工具.md (超过 7 天)
[2026-04-29 12:10:04] [morning-review]   📄 2026-04-15-午间回顾.md (超过 7 天)
[2026-04-29 12:10:04] [morning-review]   📄 商贸模式状态更新.md (超过 7 天)
[2026-04-29 12:10:04] [morning-review]   📄 NumPy-数值计算库-基础工具.md (超过 7 天)
[2026-04-29 12:10:04] [morning-review]   📄 小米椒出海方案.md (超过 7 天)
[2026-04-29 12:10:04] [morning-review]   📄 QR-Code-二维码生成API-推广工具.md (超过 7 天)
[2026-04-29 12:10:04] [morning-review]   📄 Public-APIs-Poof-背景移除API调研.md (超过 7 天)
[2026-04-29 12:10:04] [morning-review]   📄 今日回顾_2026-04-09.md (超过 7 天)
[2026-04-29 12:10:04] [morning-review]   📄 Public-APIs-APITubeNews-热点采集API调研.md (超过 7 天)
[2026-04-29 12:10:04] [morning-review]   📄 Public-APIs-新媒体运营资源-最终版.md (超过 7 天)
[2026-04-29 12:10:04] [morning-review]   📄 1688供应商筛选标准.md (超过 7 天)
[2026-04-29 12:10:04] [morning-review]   📄 Text-Summarization-文本摘要API-内容提炼工具.md (超过 7 天)
[2026-04-29 12:10:04] [morning-review]   📄 Public-APIs-新媒体运营资源.md (超过 7 天)
[2026-04-29 12:10:04] [morning-review]   📄 OpenClaw-3.22安全加固指南.md (超过 7 天)
[2026-04-29 12:10:04] [morning-review]   📄 xiaohongshu-ops-完整优化方案.md (超过 7 天)
[2026-04-29 12:10:04] [morning-review]   📄 数据复盘.md (超过 7 天)
[2026-04-29 12:10:04] [morning-review]   📄 Public-APIs-ShotOG-封面生成API调研.md (超过 7 天)
[2026-04-29 12:10:04] [morning-review]   📄 Public-APIs-Meteoblue-天气选题API调研.md (超过 7 天)
[2026-04-29 12:10:04] [morning-review]   📄 商贸模式使用说明.md (超过 7 天)
[2026-04-29 12:10:04] [morning-review]   📄 2026-04-19-午间回顾.md (超过 7 天)
[2026-04-29 12:10:04] [morning-review]   📄 每周运营规划.md (超过 7 天)
[2026-04-29 12:10:04] [morning-review]   📄 商贸系统化落地方案.md (超过 7 天)
[2026-04-29 12:10:04] [morning-review]   📄 MoviePy-视频处理库-视频编辑工具.md (超过 7 天)
[2026-04-29 12:10:04] [morning-review]   📄 2026-04-20-午间回顾.md (超过 7 天)
[2026-04-29 12:10:04] [morning-review]   📄 Public-APIs-ImageCompressor-图片压缩API调研.md (超过 7 天)
[2026-04-29 12:10:04] [morning-review]   📄 小米椒商贸定价与成本计算方案.md (超过 7 天)
[2026-04-29 12:10:04] [morning-review]   📄 1688-供应商对比报告.md (超过 7 天)
[2026-04-29 12:10:04] [morning-review]   📄 明日选题预研.md (超过 7 天)
[2026-04-29 12:10:04] [morning-review]   📄 索引.md (超过 7 天)
[2026-04-29 12:10:04] [morning-review]   📄 商贸模式常用操作.md (超过 7 天)
[2026-04-29 12:10:04] [morning-review]   📄 淘宝API验证计划.md (超过 7 天)
[2026-04-29 12:10:04] [morning-review]   📄 模型切换方案-百炼主线-v2.md (超过 7 天)
[2026-04-29 12:10:04] [morning-review]   📄 推荐工作-闲鱼一件代发.md (超过 7 天)
[2026-04-29 12:10:04] [morning-review]   📄 百炼模型配置方案.md (超过 7 天)
[2026-04-29 12:10:04] [morning-review]   📄 Public-APIs-新媒体运营资源-v2.0.md (超过 7 天)
[2026-04-29 12:10:04] [morning-review]   📄 P1-助眠好物框架.md (超过 7 天)
[2026-04-29 12:10:04] [morning-review]   📄 Requests-HTTP请求库-API调用工具.md (超过 7 天)
[2026-04-29 12:10:04] [morning-review]   📄 模型切换方案-百炼主线.md (超过 7 天)
[2026-04-29 12:10:04] [morning-review]   📄 平台规则更新.md (超过 7 天)
[2026-04-29 12:10:04] [morning-review]   📄 小米椒客户开发实战方案.md (超过 7 天)
[2026-04-29 12:10:04] [morning-review]   📄 小红书选题清单-2026-04-09.md (超过 7 天)
[2026-04-29 12:10:04] [morning-review]   📄 小米椒商贸出海定制方案.md (超过 7 天)
[2026-04-29 12:10:04] [morning-review]   📄 Qwen3.6-Plus免费使用指南.md (超过 7 天)
[2026-04-29 12:10:04] [morning-review]   📄 Public-APIs-ImageCompressor集成说明.md (超过 7 天)
[2026-04-29 12:10:04] [morning-review]   📄 FFmpeg-视频处理工具-命令行视频编辑器.md (超过 7 天)
[2026-04-29 12:10:04] [morning-review]   📄 xiaohongshu-ops-商贸优化-P1P2方案.md (超过 7 天)
[2026-04-29 12:10:04] [morning-review]   📄 BeautifulSoup-HTML解析库-网页抓取工具.md (超过 7 天)
[2026-04-29 12:10:04] [morning-review]   📄 结构化整理报告-2026-04-11.md (超过 7 天)
[2026-04-29 12:10:04] [morning-review]   📄 内容初稿.md (超过 7 天)
[2026-04-29 12:10:04] [morning-review]   📄 知识库索引.md (超过 7 天)
[2026-04-29 12:10:04] [morning-review]   📄 选品调研.md (超过 7 天)
[2026-04-29 12:10:04] [morning-review]   📄 OpenClaw自主进化指南.md (超过 7 天)
[2026-04-29 12:10:04] [morning-review]   📄 每日晚间回顾报告-2026-04-02.md (超过 7 天)
[2026-04-29 12:10:04] [morning-review]   📄 每日晚间回顾报告-2026-03-27.md (超过 7 天)
[2026-04-29 12:10:04] [morning-review]   📄 视频脚本-蒸汽眼罩-20260401.md (超过 7 天)
[2026-04-29 12:10:04] [morning-review]   📄 内容初稿-蒸汽眼罩-20260401.md (超过 7 天)
[2026-04-29 12:10:04] [morning-review]   📄 每日午间回顾报告-2026-03-30.md (超过 7 天)
[2026-04-29 12:10:04] [morning-review]   📄 深度回顾报告-2026-04-01.md (超过 7 天)
[2026-04-29 12:10:04] [morning-review]   📄 每日晚间回顾报告-2026-04-03.md (超过 7 天)
[2026-04-29 12:10:04] [morning-review]   📄 内容初稿-2026-04-01.md (超过 7 天)
[2026-04-29 12:10:04] [morning-review]   📄 每日晚间回顾报告-2026-04-01.md (超过 7 天)
[2026-04-29 12:10:04] [morning-review]   📄 每日晚间回顾报告-2026-03-30.md (超过 7 天)
[2026-04-29 12:10:04] [morning-review]   📄 每日午间回顾报告-2026-04-01.md (超过 7 天)
[2026-04-29 12:10:04] [morning-review]   📄 每日晚间回顾报告-2026-04-04.md (超过 7 天)
[2026-04-29 12:10:04] [morning-review]   📄 视频脚本-蒸汽眼罩-种草版-20260401.md (超过 7 天)
[2026-04-29 12:10:04] [morning-review]   📄 每日午间回顾报告-2026-04-21.md (超过 7 天)
[2026-04-29 12:10:04] [morning-review]   📄 Public-APIs-Pandas-数据分析API调研.md (超过 7 天)
[2026-04-29 12:10:04] [morning-review]   📄 品牌过往爆款.md (超过 7 天)
[2026-04-29 12:10:04] [morning-review]   📄 路径规划-1688小红书闲鱼.md (超过 7 天)
[2026-04-29 12:10:04] [morning-review]   📄 闲鱼上架清单-2026-04-09.md (超过 7 天)
[2026-04-29 12:10:04] [morning-review]   📄 2026-04-15-系统状态检查.md (超过 7 天)
[2026-04-29 12:10:04] [morning-review]   📄 Public-APIs-Plotly-数据可视化API调研.md (超过 7 天)
[2026-04-29 12:10:04] [morning-review]   📄 Public-APIs-VADER-情感分析API调研.md (超过 7 天)
[2026-04-29 12:10:04] [morning-review]   📄 xiaohongshu-ops-商贸优化方案.md (超过 7 天)
[2026-04-29 12:10:04] [morning-review]   📄 oil-gold-geopolitics-upgrade.md (超过 7 天)
[2026-04-29 12:10:04] [morning-review] ✅ 无重复文件
[2026-04-29 12:10:04] [morning-review] ✅ 知识库结构化整理完成
[2026-04-29 12:10:04] [morning-review] 📋 开始索引同步更新...
[2026-04-29 12:10:04] [morning-review] 📊 文件统计: intel/92 memory/42 logs/6 total/140
[2026-04-29 12:10:04] [morning-review] ✅ 索引文件已更新
[2026-04-29 12:10:04] [morning-review] ✅ 索引同步更新完成
[2026-04-29 12:10:05] [morning-review] ✅ Git 已提交
[2026-04-29 12:10:08] [morning-review] ✅ 已推送到 xiaomijiao remote main
[2026-04-29 12:10:08] [morning-review] 🔄 更新 QMD 向量索引...
[2026-04-29 12:10:12] [morning-review] ✅ QMD 更新完成
[2026-04-29 12:10:12] [morning-review] ===== 午间运营回顾完成 =====
[2026-04-29 21:00:01] [ai-summary] ===== 每晚AI学习总结开始（21:00）=====
[2026-04-29 21:00:01] [ai-summary] ✅ 学习总结模板已创建: /root/.openclaw/workspace/memory/ai学习-2026-04-29.md
[2026-04-29 21:00:01] [ai-summary] ✅ 学习总结已提交
[2026-04-29 21:00:01] [ai-summary] ===== 每晚AI学习总结完成 =====
[2026-04-29 23:30:01] [daily-review] ===== 每日运营回顾开始（23:30）=====
[2026-04-29 23:30:02] [daily-review] 📅 今日记忆文件: 43行
[2026-04-29 23:30:02] [daily-review] 提取多通道聊天记录（2026-04-29）...
[2026-04-29 23:30:05] [daily-review] - 消息数：314
[2026-04-29 23:30:05] [daily-review] [0;32m[SUCCESS][0m 对话记录已保存：/root/.openclaw/workspace/agents/xiaomijiao/memory/chat-2026-04-29.md
[2026-04-29 23:30:05] [daily-review] 消息数： 342
[2026-04-29 23:30:05] [daily-review] [0;32m[SUCCESS][0m 多通道对话提取完成！🎉
[2026-04-29 23:30:05] [daily-review] 📊 变更统计: intel/0 memory/0 config/3
[2026-04-29 23:30:05] [daily-review]   📄 agents/xiaomijiao/logs/cron.log
[2026-04-29 23:30:05] [daily-review]   📄 agents/xiaomijiao/memory/chat-2026-04-29.md
[2026-04-29 23:30:05] [daily-review]   📄 knowledge-base/README.md
[2026-04-29 23:30:05] [daily-review]   📄 logs/git.log
[2026-04-29 23:30:05] [daily-review]   📄 logs/model-guard.log
[2026-04-29 23:30:05] [daily-review]   📄 logs/oil-gold.log
[2026-04-29 23:30:05] [daily-review]   📄 logs/xiaomijiao-cron.log
[2026-04-29 23:30:05] [daily-review]   📄 skills/oil-gold-correlation/cache/geopolitics_cache.json
[2026-04-29 23:30:05] [daily-review] 📋 待办进度: ✅6 完成 / ⏳8 待做
[2026-04-29 23:30:05] [daily-review] 📚 开始知识库结构化整理...
[2026-04-29 23:30:05] [daily-review] 📊 intel/ 目录文件数: 92
[2026-04-29 23:30:05] [daily-review] ⚠️ 发现 81 个超过 7 天未更新的文件
[2026-04-29 23:30:05] [daily-review]   📄 工具与技能清单.md (超过 7 天)
[2026-04-29 23:30:05] [daily-review]   📄 商贸数据复盘_20260414.md (超过 7 天)
[2026-04-29 23:30:05] [daily-review]   📄 首篇笔记内容-2026-04-09.md (超过 7 天)
[2026-04-29 23:30:05] [daily-review]   📄 石油黄金相关性分析技能方案.md (超过 7 天)
[2026-04-29 23:30:05] [daily-review]   📄 私聊话术设计-2026-04-09.md (超过 7 天)
[2026-04-29 23:30:05] [daily-review]   📄 Public-APIs-RAKE-关键词提取API调研.md (超过 7 天)
[2026-04-29 23:30:05] [daily-review]   📄 URL-Shortener-短链接生成API-链接优化工具.md (超过 7 天)
[2026-04-29 23:30:05] [daily-review]   📄 2026-04-15-午间回顾.md (超过 7 天)
[2026-04-29 23:30:05] [daily-review]   📄 商贸模式状态更新.md (超过 7 天)
[2026-04-29 23:30:05] [daily-review]   📄 NumPy-数值计算库-基础工具.md (超过 7 天)
[2026-04-29 23:30:05] [daily-review]   📄 小米椒出海方案.md (超过 7 天)
[2026-04-29 23:30:05] [daily-review]   📄 QR-Code-二维码生成API-推广工具.md (超过 7 天)
[2026-04-29 23:30:05] [daily-review]   📄 Public-APIs-Poof-背景移除API调研.md (超过 7 天)
[2026-04-29 23:30:05] [daily-review]   📄 今日回顾_2026-04-09.md (超过 7 天)
[2026-04-29 23:30:05] [daily-review]   📄 Public-APIs-APITubeNews-热点采集API调研.md (超过 7 天)
[2026-04-29 23:30:05] [daily-review]   📄 Public-APIs-新媒体运营资源-最终版.md (超过 7 天)
[2026-04-29 23:30:05] [daily-review]   📄 1688供应商筛选标准.md (超过 7 天)
[2026-04-29 23:30:05] [daily-review]   📄 Text-Summarization-文本摘要API-内容提炼工具.md (超过 7 天)
[2026-04-29 23:30:05] [daily-review]   📄 Public-APIs-新媒体运营资源.md (超过 7 天)
[2026-04-29 23:30:05] [daily-review]   📄 OpenClaw-3.22安全加固指南.md (超过 7 天)
[2026-04-29 23:30:05] [daily-review]   📄 xiaohongshu-ops-完整优化方案.md (超过 7 天)
[2026-04-29 23:30:05] [daily-review]   📄 数据复盘.md (超过 7 天)
[2026-04-29 23:30:05] [daily-review]   📄 Public-APIs-ShotOG-封面生成API调研.md (超过 7 天)
[2026-04-29 23:30:05] [daily-review]   📄 Public-APIs-Meteoblue-天气选题API调研.md (超过 7 天)
[2026-04-29 23:30:05] [daily-review]   📄 商贸模式使用说明.md (超过 7 天)
[2026-04-29 23:30:05] [daily-review]   📄 2026-04-19-午间回顾.md (超过 7 天)
[2026-04-29 23:30:05] [daily-review]   📄 每周运营规划.md (超过 7 天)
[2026-04-29 23:30:05] [daily-review]   📄 商贸系统化落地方案.md (超过 7 天)
[2026-04-29 23:30:05] [daily-review]   📄 MoviePy-视频处理库-视频编辑工具.md (超过 7 天)
[2026-04-29 23:30:05] [daily-review]   📄 2026-04-20-午间回顾.md (超过 7 天)
[2026-04-29 23:30:05] [daily-review]   📄 Public-APIs-ImageCompressor-图片压缩API调研.md (超过 7 天)
[2026-04-29 23:30:05] [daily-review]   📄 小米椒商贸定价与成本计算方案.md (超过 7 天)
[2026-04-29 23:30:05] [daily-review]   📄 1688-供应商对比报告.md (超过 7 天)
[2026-04-29 23:30:05] [daily-review]   📄 明日选题预研.md (超过 7 天)
[2026-04-29 23:30:05] [daily-review]   📄 索引.md (超过 7 天)
[2026-04-29 23:30:05] [daily-review]   📄 商贸模式常用操作.md (超过 7 天)
[2026-04-29 23:30:05] [daily-review]   📄 淘宝API验证计划.md (超过 7 天)
[2026-04-29 23:30:05] [daily-review]   📄 模型切换方案-百炼主线-v2.md (超过 7 天)
[2026-04-29 23:30:05] [daily-review]   📄 推荐工作-闲鱼一件代发.md (超过 7 天)
[2026-04-29 23:30:05] [daily-review]   📄 百炼模型配置方案.md (超过 7 天)
[2026-04-29 23:30:05] [daily-review]   📄 Public-APIs-新媒体运营资源-v2.0.md (超过 7 天)
[2026-04-29 23:30:05] [daily-review]   📄 P1-助眠好物框架.md (超过 7 天)
[2026-04-29 23:30:05] [daily-review]   📄 Requests-HTTP请求库-API调用工具.md (超过 7 天)
[2026-04-29 23:30:05] [daily-review]   📄 模型切换方案-百炼主线.md (超过 7 天)
[2026-04-29 23:30:05] [daily-review]   📄 平台规则更新.md (超过 7 天)
[2026-04-29 23:30:05] [daily-review]   📄 小米椒客户开发实战方案.md (超过 7 天)
[2026-04-29 23:30:05] [daily-review]   📄 小红书选题清单-2026-04-09.md (超过 7 天)
[2026-04-29 23:30:05] [daily-review]   📄 小米椒商贸出海定制方案.md (超过 7 天)
[2026-04-29 23:30:05] [daily-review]   📄 Qwen3.6-Plus免费使用指南.md (超过 7 天)
[2026-04-29 23:30:05] [daily-review]   📄 Public-APIs-ImageCompressor集成说明.md (超过 7 天)
[2026-04-29 23:30:05] [daily-review]   📄 FFmpeg-视频处理工具-命令行视频编辑器.md (超过 7 天)
[2026-04-29 23:30:05] [daily-review]   📄 xiaohongshu-ops-商贸优化-P1P2方案.md (超过 7 天)
[2026-04-29 23:30:05] [daily-review]   📄 BeautifulSoup-HTML解析库-网页抓取工具.md (超过 7 天)
[2026-04-29 23:30:05] [daily-review]   📄 结构化整理报告-2026-04-11.md (超过 7 天)
[2026-04-29 23:30:05] [daily-review]   📄 内容初稿.md (超过 7 天)
[2026-04-29 23:30:05] [daily-review]   📄 知识库索引.md (超过 7 天)
[2026-04-29 23:30:05] [daily-review]   📄 选品调研.md (超过 7 天)
[2026-04-29 23:30:05] [daily-review]   📄 OpenClaw自主进化指南.md (超过 7 天)
[2026-04-29 23:30:05] [daily-review]   📄 每日晚间回顾报告-2026-04-02.md (超过 7 天)
[2026-04-29 23:30:05] [daily-review]   📄 每日晚间回顾报告-2026-03-27.md (超过 7 天)
[2026-04-29 23:30:05] [daily-review]   📄 视频脚本-蒸汽眼罩-20260401.md (超过 7 天)
[2026-04-29 23:30:05] [daily-review]   📄 内容初稿-蒸汽眼罩-20260401.md (超过 7 天)
[2026-04-29 23:30:05] [daily-review]   📄 每日午间回顾报告-2026-03-30.md (超过 7 天)
[2026-04-29 23:30:05] [daily-review]   📄 深度回顾报告-2026-04-01.md (超过 7 天)
[2026-04-29 23:30:05] [daily-review]   📄 每日晚间回顾报告-2026-04-03.md (超过 7 天)
[2026-04-29 23:30:05] [daily-review]   📄 内容初稿-2026-04-01.md (超过 7 天)
[2026-04-29 23:30:05] [daily-review]   📄 每日晚间回顾报告-2026-04-01.md (超过 7 天)
[2026-04-29 23:30:05] [daily-review]   📄 每日晚间回顾报告-2026-03-30.md (超过 7 天)
[2026-04-29 23:30:05] [daily-review]   📄 每日午间回顾报告-2026-04-01.md (超过 7 天)
[2026-04-29 23:30:06] [daily-review]   📄 每日晚间回顾报告-2026-04-04.md (超过 7 天)
[2026-04-29 23:30:06] [daily-review]   📄 视频脚本-蒸汽眼罩-种草版-20260401.md (超过 7 天)
[2026-04-29 23:30:06] [daily-review]   📄 每日午间回顾报告-2026-04-21.md (超过 7 天)
[2026-04-29 23:30:06] [daily-review]   📄 Public-APIs-Pandas-数据分析API调研.md (超过 7 天)
[2026-04-29 23:30:06] [daily-review]   📄 品牌过往爆款.md (超过 7 天)
[2026-04-29 23:30:06] [daily-review]   📄 路径规划-1688小红书闲鱼.md (超过 7 天)
[2026-04-29 23:30:06] [daily-review]   📄 闲鱼上架清单-2026-04-09.md (超过 7 天)
[2026-04-29 23:30:06] [daily-review]   📄 2026-04-15-系统状态检查.md (超过 7 天)
[2026-04-29 23:30:06] [daily-review]   📄 Public-APIs-Plotly-数据可视化API调研.md (超过 7 天)
[2026-04-29 23:30:06] [daily-review]   📄 Public-APIs-VADER-情感分析API调研.md (超过 7 天)
[2026-04-29 23:30:06] [daily-review]   📄 xiaohongshu-ops-商贸优化方案.md (超过 7 天)
[2026-04-29 23:30:06] [daily-review]   📄 oil-gold-geopolitics-upgrade.md (超过 7 天)
[2026-04-29 23:30:06] [daily-review] ✅ 无重复文件
[2026-04-29 23:30:06] [daily-review] ✅ 知识库结构化整理完成
[2026-04-29 23:30:06] [daily-review] 📋 开始索引同步更新...
[2026-04-29 23:30:06] [daily-review] 📊 文件统计: intel/92 memory/43 logs/6 total/141
[2026-04-29 23:30:06] [daily-review] ✅ 索引文件已更新
[2026-04-29 23:30:06] [daily-review] ✅ 索引同步更新完成
[2026-04-29 23:30:06] [daily-review] 🧠 开始记忆同步更新...
[2026-04-29 23:30:06] [daily-review] 📅 今日记忆: 43行
[2026-04-29 23:30:06] [daily-review] ✅ MEMORY.md 今天已更新
[2026-04-29 23:30:06] [daily-review] ✅ 记忆同步更新完成
[2026-04-29 23:30:06] [daily-review] 🔧 开始 Git 库整理...
[2026-04-29 23:30:06] [daily-review] ⚠️ 发现 2 个未跟踪文件
[2026-04-29 23:30:06] [daily-review]   📄 knowledge-base/reviews/commerce-analytics-20260429-weekly.md
[2026-04-29 23:30:06] [daily-review]   📄 knowledge-base/reviews/commerce-analytics-20260429.md
[2026-04-29 23:30:06] [daily-review] ⚠️ 发现 8 个未暂存变更
[2026-04-29 23:30:06] [daily-review] 📊 最近 5 次提交:
[2026-04-29 23:30:06] [daily-review]   6bd98a56 docs: AI学习总结 - 2026-04-29
[2026-04-29 23:30:06] [daily-review]   eac12279 chore: 配置文件全面修复
[2026-04-29 23:30:06] [daily-review]   efbf9245 docs(xiaomijiao): 午间回顾 - 2026-04-29
[2026-04-29 23:30:06] [daily-review]   0a4ce8b7 docs(xiaomijiao): 午间回顾 - 2026-04-29
[2026-04-29 23:30:06] [daily-review]   2b72d3a6 🔧 修复：错误统计排除免责声明 + oil-gold超时保护防僵尸进程
[2026-04-29 23:30:06] [daily-review] ✅ Git 库整理完成
[2026-04-29 23:30:06] [daily-review] 🔍 开始查漏补缺...
[2026-04-29 23:30:06] [daily-review] 📋 待办事项: 8 项待处理
[2026-04-29 23:30:06] [daily-review] 🔴 P0 任务: 6 项未完成
[2026-04-29 23:30:06] [daily-review] ⚠️ 发现 32 个超过 3 天未更新的记忆文件
[2026-04-29 23:30:06] [daily-review] ✅ 查漏补缺完成
[2026-04-29 23:30:06] [daily-review] ✅ Git 已提交
[2026-04-29 23:30:10] [daily-review] ✅ 已推送到 xiaomijiao remote main
[2026-04-29 23:30:10] [daily-review] 🔄 更新 QMD 向量索引...
[2026-04-29 23:30:13] [daily-review] ✅ QMD 更新完成
[2026-04-29 23:30:13] [daily-review] ===== 每日运营回顾完成 =====
[2026-04-30 02:00:01] [qmd-update] 🔄 更新 QMD 向量索引...
[2026-04-30 02:00:04] [qmd-update] ✅ QMD 更新完成
[2026-04-30 02:10:01] [cleanup] 清理旧日志...
[2026-04-30 02:10:01] [cleanup] ✅ 清理完成
[2026-04-30 09:00:01] [hotspot-collect] ===== 开始采集百度热搜 =====
[2026-04-30 09:00:02] [hotspot-collect] ✅ 热点采集完成
[2026-04-30 12:10:01] [morning-review] ===== 午间运营回顾开始（12:10）=====
[2026-04-30 12:10:01] [morning-review] 📝 创建今日记忆文件模板...
[2026-04-30 12:10:01] [morning-review] ✅ 记忆模板已创建
[2026-04-30 12:10:01] [morning-review] 提取多通道聊天记录（2026-04-30）...
[2026-04-30 12:10:04] [morning-review] - 消息数：85
[2026-04-30 12:10:04] [morning-review] [0;32m[SUCCESS][0m 对话记录已保存：/root/.openclaw/workspace/agents/xiaomijiao/memory/chat-2026-04-30.md
[2026-04-30 12:10:04] [morning-review] 消息数： 92
[2026-04-30 12:10:04] [morning-review] [0;32m[SUCCESS][0m 多通道对话提取完成！🎉
[2026-04-30 12:10:04] [morning-review] 📊 变更统计: intel/3 memory/1 config/5
[2026-04-30 12:10:04] [morning-review]   📄 agents/xiaomijiao/logs/cron.log
[2026-04-30 12:10:04] [morning-review]   📄 "intel/347203255347202271351200211351242230.md"
[2026-04-30 12:10:04] [morning-review]   📄 "intel/350277220350220245345276205345212236.md"
[2026-04-30 12:10:04] [morning-review]   📄 "intel/351200211351242230347201265346204237.md"
[2026-04-30 12:10:04] [morning-review]   📄 logs/hotspot.log
[2026-04-30 12:10:04] [morning-review]   📄 logs/model-guard.log
[2026-04-30 12:10:04] [morning-review]   📄 logs/oil-gold.log
[2026-04-30 12:10:04] [morning-review]   📄 logs/qmd-update.log
[2026-04-30 12:10:04] [morning-review]   📄 logs/xiaomijiao-cron.log
[2026-04-30 12:10:04] [morning-review]   📄 "memory/344273212346227245.md"
[2026-04-30 12:10:04] [morning-review]   📄 skills/oil-gold-correlation/cache/geopolitics_cache.json
[2026-04-30 12:10:04] [morning-review] 📋 待办进度: ✅6 完成 / ⏳8 待做
[2026-04-30 12:10:04] [morning-review] 📚 开始知识库结构化整理...
[2026-04-30 12:10:04] [morning-review] 📊 intel/ 目录文件数: 93
[2026-04-30 12:10:04] [morning-review] ⚠️ 发现 82 个超过 7 天未更新的文件
[2026-04-30 12:10:04] [morning-review]   📄 工具与技能清单.md (超过 7 天)
[2026-04-30 12:10:04] [morning-review]   📄 商贸数据复盘_20260414.md (超过 7 天)
[2026-04-30 12:10:04] [morning-review]   📄 首篇笔记内容-2026-04-09.md (超过 7 天)
[2026-04-30 12:10:04] [morning-review]   📄 石油黄金相关性分析技能方案.md (超过 7 天)
[2026-04-30 12:10:04] [morning-review]   📄 私聊话术设计-2026-04-09.md (超过 7 天)
[2026-04-30 12:10:04] [morning-review]   📄 Public-APIs-RAKE-关键词提取API调研.md (超过 7 天)
[2026-04-30 12:10:04] [morning-review]   📄 URL-Shortener-短链接生成API-链接优化工具.md (超过 7 天)
[2026-04-30 12:10:04] [morning-review]   📄 2026-04-15-午间回顾.md (超过 7 天)
[2026-04-30 12:10:04] [morning-review]   📄 商贸模式状态更新.md (超过 7 天)
[2026-04-30 12:10:04] [morning-review]   📄 NumPy-数值计算库-基础工具.md (超过 7 天)
[2026-04-30 12:10:04] [morning-review]   📄 小米椒出海方案.md (超过 7 天)
[2026-04-30 12:10:04] [morning-review]   📄 QR-Code-二维码生成API-推广工具.md (超过 7 天)
[2026-04-30 12:10:04] [morning-review]   📄 Public-APIs-Poof-背景移除API调研.md (超过 7 天)
[2026-04-30 12:10:04] [morning-review]   📄 今日回顾_2026-04-09.md (超过 7 天)
[2026-04-30 12:10:04] [morning-review]   📄 Public-APIs-APITubeNews-热点采集API调研.md (超过 7 天)
[2026-04-30 12:10:04] [morning-review]   📄 Public-APIs-新媒体运营资源-最终版.md (超过 7 天)
[2026-04-30 12:10:04] [morning-review]   📄 1688供应商筛选标准.md (超过 7 天)
[2026-04-30 12:10:04] [morning-review]   📄 Text-Summarization-文本摘要API-内容提炼工具.md (超过 7 天)
[2026-04-30 12:10:04] [morning-review]   📄 Public-APIs-新媒体运营资源.md (超过 7 天)
[2026-04-30 12:10:04] [morning-review]   📄 OpenClaw-3.22安全加固指南.md (超过 7 天)
[2026-04-30 12:10:04] [morning-review]   📄 xiaohongshu-ops-完整优化方案.md (超过 7 天)
[2026-04-30 12:10:04] [morning-review]   📄 数据复盘.md (超过 7 天)
[2026-04-30 12:10:04] [morning-review]   📄 Public-APIs-ShotOG-封面生成API调研.md (超过 7 天)
[2026-04-30 12:10:04] [morning-review]   📄 Public-APIs-Meteoblue-天气选题API调研.md (超过 7 天)
[2026-04-30 12:10:04] [morning-review]   📄 商贸模式使用说明.md (超过 7 天)
[2026-04-30 12:10:04] [morning-review]   📄 2026-04-19-午间回顾.md (超过 7 天)
[2026-04-30 12:10:04] [morning-review]   📄 每周运营规划.md (超过 7 天)
[2026-04-30 12:10:04] [morning-review]   📄 商贸系统化落地方案.md (超过 7 天)
[2026-04-30 12:10:04] [morning-review]   📄 MoviePy-视频处理库-视频编辑工具.md (超过 7 天)
[2026-04-30 12:10:04] [morning-review]   📄 2026-04-20-午间回顾.md (超过 7 天)
[2026-04-30 12:10:04] [morning-review]   📄 Public-APIs-ImageCompressor-图片压缩API调研.md (超过 7 天)
[2026-04-30 12:10:04] [morning-review]   📄 小米椒商贸定价与成本计算方案.md (超过 7 天)
[2026-04-30 12:10:04] [morning-review]   📄 1688-供应商对比报告.md (超过 7 天)
[2026-04-30 12:10:04] [morning-review]   📄 明日选题预研.md (超过 7 天)
[2026-04-30 12:10:04] [morning-review]   📄 索引.md (超过 7 天)
[2026-04-30 12:10:04] [morning-review]   📄 商贸模式常用操作.md (超过 7 天)
[2026-04-30 12:10:04] [morning-review]   📄 淘宝API验证计划.md (超过 7 天)
[2026-04-30 12:10:04] [morning-review]   📄 模型切换方案-百炼主线-v2.md (超过 7 天)
[2026-04-30 12:10:04] [morning-review]   📄 推荐工作-闲鱼一件代发.md (超过 7 天)
[2026-04-30 12:10:04] [morning-review]   📄 百炼模型配置方案.md (超过 7 天)
[2026-04-30 12:10:05] [morning-review]   📄 Public-APIs-新媒体运营资源-v2.0.md (超过 7 天)
[2026-04-30 12:10:05] [morning-review]   📄 P1-助眠好物框架.md (超过 7 天)
[2026-04-30 12:10:05] [morning-review]   📄 Requests-HTTP请求库-API调用工具.md (超过 7 天)
[2026-04-30 12:10:05] [morning-review]   📄 模型切换方案-百炼主线.md (超过 7 天)
[2026-04-30 12:10:05] [morning-review]   📄 平台规则更新.md (超过 7 天)
[2026-04-30 12:10:05] [morning-review]   📄 小米椒客户开发实战方案.md (超过 7 天)
[2026-04-30 12:10:05] [morning-review]   📄 小红书选题清单-2026-04-09.md (超过 7 天)
[2026-04-30 12:10:05] [morning-review]   📄 小米椒商贸出海定制方案.md (超过 7 天)
[2026-04-30 12:10:05] [morning-review]   📄 Qwen3.6-Plus免费使用指南.md (超过 7 天)
[2026-04-30 12:10:05] [morning-review]   📄 Public-APIs-ImageCompressor集成说明.md (超过 7 天)
[2026-04-30 12:10:05] [morning-review]   📄 FFmpeg-视频处理工具-命令行视频编辑器.md (超过 7 天)
[2026-04-30 12:10:05] [morning-review]   📄 xiaohongshu-ops-商贸优化-P1P2方案.md (超过 7 天)
[2026-04-30 12:10:05] [morning-review]   📄 BeautifulSoup-HTML解析库-网页抓取工具.md (超过 7 天)
[2026-04-30 12:10:05] [morning-review]   📄 结构化整理报告-2026-04-11.md (超过 7 天)
[2026-04-30 12:10:05] [morning-review]   📄 内容初稿.md (超过 7 天)
[2026-04-30 12:10:05] [morning-review]   📄 2026-04-22-午间回顾.md (超过 7 天)
[2026-04-30 12:10:05] [morning-review]   📄 知识库索引.md (超过 7 天)
[2026-04-30 12:10:05] [morning-review]   📄 选品调研.md (超过 7 天)
[2026-04-30 12:10:05] [morning-review]   📄 OpenClaw自主进化指南.md (超过 7 天)
[2026-04-30 12:10:05] [morning-review]   📄 每日晚间回顾报告-2026-04-02.md (超过 7 天)
[2026-04-30 12:10:05] [morning-review]   📄 每日晚间回顾报告-2026-03-27.md (超过 7 天)
[2026-04-30 12:10:05] [morning-review]   📄 视频脚本-蒸汽眼罩-20260401.md (超过 7 天)
[2026-04-30 12:10:05] [morning-review]   📄 内容初稿-蒸汽眼罩-20260401.md (超过 7 天)
[2026-04-30 12:10:05] [morning-review]   📄 每日午间回顾报告-2026-03-30.md (超过 7 天)
[2026-04-30 12:10:05] [morning-review]   📄 深度回顾报告-2026-04-01.md (超过 7 天)
[2026-04-30 12:10:05] [morning-review]   📄 每日晚间回顾报告-2026-04-03.md (超过 7 天)
[2026-04-30 12:10:05] [morning-review]   📄 内容初稿-2026-04-01.md (超过 7 天)
[2026-04-30 12:10:05] [morning-review]   📄 每日晚间回顾报告-2026-04-01.md (超过 7 天)
[2026-04-30 12:10:05] [morning-review]   📄 每日晚间回顾报告-2026-03-30.md (超过 7 天)
[2026-04-30 12:10:05] [morning-review]   📄 每日午间回顾报告-2026-04-01.md (超过 7 天)
[2026-04-30 12:10:05] [morning-review]   📄 每日晚间回顾报告-2026-04-04.md (超过 7 天)
[2026-04-30 12:10:05] [morning-review]   📄 视频脚本-蒸汽眼罩-种草版-20260401.md (超过 7 天)
[2026-04-30 12:10:05] [morning-review]   📄 每日午间回顾报告-2026-04-21.md (超过 7 天)
[2026-04-30 12:10:05] [morning-review]   📄 Public-APIs-Pandas-数据分析API调研.md (超过 7 天)
[2026-04-30 12:10:05] [morning-review]   📄 品牌过往爆款.md (超过 7 天)
[2026-04-30 12:10:05] [morning-review]   📄 路径规划-1688小红书闲鱼.md (超过 7 天)
[2026-04-30 12:10:05] [morning-review]   📄 闲鱼上架清单-2026-04-09.md (超过 7 天)
[2026-04-30 12:10:05] [morning-review]   📄 2026-04-15-系统状态检查.md (超过 7 天)
[2026-04-30 12:10:05] [morning-review]   📄 Public-APIs-Plotly-数据可视化API调研.md (超过 7 天)
[2026-04-30 12:10:05] [morning-review]   📄 Public-APIs-VADER-情感分析API调研.md (超过 7 天)
[2026-04-30 12:10:05] [morning-review]   📄 xiaohongshu-ops-商贸优化方案.md (超过 7 天)
[2026-04-30 12:10:05] [morning-review]   📄 oil-gold-geopolitics-upgrade.md (超过 7 天)
[2026-04-30 12:10:05] [morning-review] ✅ 无重复文件
[2026-04-30 12:10:05] [morning-review] ✅ 知识库结构化整理完成
[2026-04-30 12:10:05] [morning-review] 📋 开始索引同步更新...
[2026-04-30 12:10:05] [morning-review] 📊 文件统计: intel/93 memory/44 logs/6 total/143
[2026-04-30 12:10:05] [morning-review] ✅ 索引文件已更新
[2026-04-30 12:10:05] [morning-review] ✅ 索引同步更新完成
[2026-04-30 12:10:05] [morning-review] ✅ Git 已提交
[2026-04-30 12:10:08] [morning-review] ✅ 已推送到 xiaomijiao remote main
[2026-04-30 12:10:08] [morning-review] 🔄 更新 QMD 向量索引...
[2026-04-30 12:10:11] [morning-review] ✅ QMD 更新完成
[2026-04-30 12:10:11] [morning-review] ===== 午间运营回顾完成 =====
[2026-04-30 21:00:01] [ai-summary] ===== 每晚AI学习总结开始（21:00）=====
[2026-04-30 21:00:01] [ai-summary] ✅ 学习总结模板已创建: /root/.openclaw/workspace/memory/ai学习-2026-04-30.md
[2026-04-30 21:00:01] [ai-summary] ✅ 学习总结已提交
[2026-04-30 21:00:01] [ai-summary] ===== 每晚AI学习总结完成 =====
[2026-04-30 23:30:01] [daily-review] ===== 每日运营回顾开始（23:30）=====
[2026-04-30 23:30:02] [daily-review] 📅 今日记忆文件: 43行
[2026-04-30 23:30:02] [daily-review] 提取多通道聊天记录（2026-04-30）...
[2026-05-01 02:00:01] [qmd-update] 🔄 更新 QMD 向量索引...
[2026-05-01 02:00:02] [qmd-update] ✅ QMD 更新完成
[2026-05-01 02:10:01] [cleanup] 清理旧日志...
[2026-05-01 02:10:01] [cleanup] ✅ 清理完成
[2026-05-01 09:00:01] [hotspot-collect] ===== 开始采集百度热搜 =====
[2026-05-01 09:00:02] [hotspot-collect] ✅ 热点采集完成
[2026-05-01 12:10:01] [morning-review] ===== 午间运营回顾开始（12:10）=====
[2026-05-01 12:10:01] [morning-review] 📝 创建今日记忆文件模板...
[2026-05-01 12:10:01] [morning-review] ✅ 记忆模板已创建
[2026-05-01 12:10:01] [morning-review] 提取多通道聊天记录（2026-05-01）...
[2026-05-01 18:10:01] [weekly-report] ===== 每周运营总结开始 =====
[2026-05-01 18:10:01] [weekly-report] ✅ 周报已生成: /root/.openclaw/workspace/memory/weekly-2026-05-01.md
[2026-05-01 18:10:02] [weekly-report] ✅ Git 已提交
[2026-05-01 18:10:04] [weekly-report] ✅ 已推送到 xiaomijiao remote main
[2026-05-01 18:10:04] [weekly-report] 🔄 更新 QMD 向量索引...
[2026-05-01 18:10:07] [weekly-report] ✅ QMD 更新完成
[2026-05-01 18:10:07] [weekly-report] ===== 每周运营总结完成 =====
[2026-05-01 21:00:01] [ai-summary] ===== 每晚AI学习总结开始（21:00）=====
[2026-05-01 21:00:01] [ai-summary] ✅ 学习总结模板已创建: /root/.openclaw/workspace/memory/ai学习-2026-05-01.md
[2026-05-01 21:00:01] [ai-summary] ✅ 学习总结已提交
[2026-05-01 21:00:01] [ai-summary] ===== 每晚AI学习总结完成 =====
[2026-05-01 23:30:01] [daily-review] ===== 每日运营回顾开始（23:30）=====
[2026-05-01 23:30:01] [daily-review] 📅 今日记忆文件: 56行
[2026-05-01 23:30:01] [daily-review] 提取多通道聊天记录（2026-05-01）...
[2026-05-02 02:00:01] [qmd-update] 🔄 更新 QMD 向量索引...
[2026-05-02 02:00:03] [qmd-update] ✅ QMD 更新完成
[2026-05-02 02:10:01] [cleanup] 清理旧日志...
[2026-05-02 02:10:01] [cleanup] ✅ 清理完成
[2026-05-02 09:00:01] [hotspot-collect] ===== 开始采集百度热搜 =====
[2026-05-02 09:00:01] [hotspot-collect] ✅ 热点采集完成
[2026-05-02 12:10:01] [morning-review] ===== 午间运营回顾开始（12:10）=====
[2026-05-02 12:10:01] [morning-review] 📝 创建今日记忆文件模板...
[2026-05-02 12:10:01] [morning-review] ✅ 记忆模板已创建
[2026-05-02 12:10:01] [morning-review] 提取多通道聊天记录（2026-05-02）...
[2026-05-02 21:00:02] [ai-summary] ===== 每晚AI学习总结开始（21:00）=====
[2026-05-02 21:00:02] [ai-summary] ✅ 学习总结模板已创建: /root/.openclaw/workspace/memory/ai学习-2026-05-02.md
[2026-05-02 21:00:02] [ai-summary] ✅ 学习总结已提交
[2026-05-02 21:00:02] [ai-summary] ===== 每晚AI学习总结完成 =====
[2026-05-02 23:30:01] [daily-review] ===== 每日运营回顾开始（23:30）=====
[2026-05-02 23:30:01] [daily-review] 📅 今日记忆文件: 43行
[2026-05-02 23:30:01] [daily-review] 提取多通道聊天记录（2026-05-02）...
[2026-05-02 23:30:07] [daily-review] - 消息数：455
[2026-05-02 23:30:07] [daily-review] [0;32m[SUCCESS][0m 对话记录已保存：/root/.openclaw/workspace/agents/xiaomijiao/memory/chat-2026-05-02.md
[2026-05-02 23:30:07] [daily-review] 消息数： 479
[2026-05-02 23:30:07] [daily-review] [0;32m[SUCCESS][0m 多通道对话提取完成！🎉
[2026-05-02 23:30:08] [daily-review] 📊 变更统计: intel/3 memory/1 config/6
[2026-05-02 23:30:08] [daily-review]   📄 agents/xiaomijiao/logs/cron.log
[2026-05-02 23:30:08] [daily-review]   📄 "intel/347203255347202271351200211351242230.md"
[2026-05-02 23:30:08] [daily-review]   📄 "intel/350277220350220245345276205345212236.md"
[2026-05-02 23:30:08] [daily-review]   📄 "intel/351200211351242230347201265346204237.md"
[2026-05-02 23:30:08] [daily-review]   📄 logs/git.log
[2026-05-02 23:30:08] [daily-review]   📄 logs/hotspot.log
[2026-05-02 23:30:08] [daily-review]   📄 logs/model-guard.log
[2026-05-02 23:30:08] [daily-review]   📄 logs/oil-gold.log
[2026-05-02 23:30:08] [daily-review]   📄 logs/qmd-update.log
[2026-05-02 23:30:08] [daily-review]   📄 logs/xiaomijiao-cron.log
[2026-05-02 23:30:08] [daily-review]   📄 "memory/344273212346227245.md"
[2026-05-02 23:30:08] [daily-review]   📄 self-improving/heartbeat-state.md
[2026-05-02 23:30:08] [daily-review]   📄 skills/oil-gold-correlation/cache/geopolitics_cache.json
[2026-05-02 23:30:08] [daily-review] 📋 待办进度: ✅6 完成 / ⏳8 待做
[2026-05-02 23:30:08] [daily-review] 📚 开始知识库结构化整理...
[2026-05-02 23:30:08] [daily-review] 📊 intel/ 目录文件数: 95
[2026-05-02 23:30:08] [daily-review] ⚠️ 发现 86 个超过 7 天未更新的文件
[2026-05-02 23:30:08] [daily-review]   📄 工具与技能清单.md (超过 7 天)
[2026-05-02 23:30:08] [daily-review]   📄 商贸数据复盘_20260414.md (超过 7 天)
[2026-05-02 23:30:08] [daily-review]   📄 首篇笔记内容-2026-04-09.md (超过 7 天)
[2026-05-02 23:30:08] [daily-review]   📄 石油黄金相关性分析技能方案.md (超过 7 天)
[2026-05-02 23:30:08] [daily-review]   📄 私聊话术设计-2026-04-09.md (超过 7 天)
[2026-05-02 23:30:08] [daily-review]   📄 Public-APIs-RAKE-关键词提取API调研.md (超过 7 天)
[2026-05-02 23:30:08] [daily-review]   📄 2026-04-23-午间回顾.md (超过 7 天)
[2026-05-02 23:30:08] [daily-review]   📄 URL-Shortener-短链接生成API-链接优化工具.md (超过 7 天)
[2026-05-02 23:30:08] [daily-review]   📄 2026-04-15-午间回顾.md (超过 7 天)
[2026-05-02 23:30:08] [daily-review]   📄 商贸模式状态更新.md (超过 7 天)
[2026-05-02 23:30:08] [daily-review]   📄 NumPy-数值计算库-基础工具.md (超过 7 天)
[2026-05-02 23:30:08] [daily-review]   📄 小米椒出海方案.md (超过 7 天)
[2026-05-02 23:30:08] [daily-review]   📄 QR-Code-二维码生成API-推广工具.md (超过 7 天)
[2026-05-02 23:30:08] [daily-review]   📄 Public-APIs-Poof-背景移除API调研.md (超过 7 天)
[2026-05-02 23:30:08] [daily-review]   📄 今日回顾_2026-04-09.md (超过 7 天)
[2026-05-02 23:30:08] [daily-review]   📄 Public-APIs-APITubeNews-热点采集API调研.md (超过 7 天)
[2026-05-02 23:30:08] [daily-review]   📄 1688供应商筛选标准.md (超过 7 天)
[2026-05-02 23:30:08] [daily-review]   📄 Text-Summarization-文本摘要API-内容提炼工具.md (超过 7 天)
[2026-05-02 23:30:08] [daily-review]   📄 Public-APIs-新媒体运营资源.md (超过 7 天)
[2026-05-02 23:30:08] [daily-review]   📄 OpenClaw-3.22安全加固指南.md (超过 7 天)
[2026-05-02 23:30:08] [daily-review]   📄 xiaohongshu-ops-完整优化方案.md (超过 7 天)
[2026-05-02 23:30:08] [daily-review]   📄 数据复盘.md (超过 7 天)
[2026-05-02 23:30:08] [daily-review]   📄 Public-APIs-ShotOG-封面生成API调研.md (超过 7 天)
[2026-05-02 23:30:08] [daily-review]   📄 Public-APIs-Meteoblue-天气选题API调研.md (超过 7 天)
[2026-05-02 23:30:08] [daily-review]   📄 商贸模式使用说明.md (超过 7 天)
[2026-05-02 23:30:08] [daily-review]   📄 2026-04-19-午间回顾.md (超过 7 天)
[2026-05-02 23:30:08] [daily-review]   📄 每周运营规划.md (超过 7 天)
[2026-05-02 23:30:08] [daily-review]   📄 商贸系统化落地方案.md (超过 7 天)
[2026-05-02 23:30:08] [daily-review]   📄 MoviePy-视频处理库-视频编辑工具.md (超过 7 天)
[2026-05-02 23:30:08] [daily-review]   📄 2026-04-20-午间回顾.md (超过 7 天)
[2026-05-02 23:30:08] [daily-review]   📄 Public-APIs-ImageCompressor-图片压缩API调研.md (超过 7 天)
[2026-05-02 23:30:08] [daily-review]   📄 小米椒商贸定价与成本计算方案.md (超过 7 天)
[2026-05-02 23:30:08] [daily-review]   📄 1688-供应商对比报告.md (超过 7 天)
[2026-05-02 23:30:08] [daily-review]   📄 明日选题预研.md (超过 7 天)
[2026-05-02 23:30:08] [daily-review]   📄 索引.md (超过 7 天)
[2026-05-02 23:30:08] [daily-review]   📄 商贸模式常用操作.md (超过 7 天)
[2026-05-02 23:30:08] [daily-review]   📄 淘宝API验证计划.md (超过 7 天)
[2026-05-02 23:30:08] [daily-review]   📄 模型切换方案-百炼主线-v2.md (超过 7 天)
[2026-05-02 23:30:08] [daily-review]   📄 推荐工作-闲鱼一件代发.md (超过 7 天)
[2026-05-02 23:30:08] [daily-review]   📄 百炼模型配置方案.md (超过 7 天)
[2026-05-02 23:30:08] [daily-review]   📄 P1-助眠好物框架.md (超过 7 天)
[2026-05-02 23:30:08] [daily-review]   📄 Requests-HTTP请求库-API调用工具.md (超过 7 天)
[2026-05-02 23:30:08] [daily-review]   📄 模型切换方案-百炼主线.md (超过 7 天)
[2026-05-02 23:30:08] [daily-review]   📄 平台规则更新.md (超过 7 天)
[2026-05-02 23:30:08] [daily-review]   📄 小米椒客户开发实战方案.md (超过 7 天)
[2026-05-02 23:30:08] [daily-review]   📄 小红书选题清单-2026-04-09.md (超过 7 天)
[2026-05-02 23:30:08] [daily-review]   📄 小米椒商贸出海定制方案.md (超过 7 天)
[2026-05-02 23:30:08] [daily-review]   📄 Qwen3.6-Plus免费使用指南.md (超过 7 天)
[2026-05-02 23:30:08] [daily-review]   📄 公众号转型思路.md (超过 7 天)
[2026-05-02 23:30:08] [daily-review]   📄 Public-APIs-ImageCompressor集成说明.md (超过 7 天)
[2026-05-02 23:30:08] [daily-review]   📄 FFmpeg-视频处理工具-命令行视频编辑器.md (超过 7 天)
[2026-05-02 23:30:08] [daily-review]   📄 xiaohongshu-ops-商贸优化-P1P2方案.md (超过 7 天)
[2026-05-02 23:30:08] [daily-review]   📄 商贸数据复盘_20260424.md (超过 7 天)
[2026-05-02 23:30:08] [daily-review]   📄 BeautifulSoup-HTML解析库-网页抓取工具.md (超过 7 天)
[2026-05-02 23:30:08] [daily-review]   📄 结构化整理报告-2026-04-11.md (超过 7 天)
[2026-05-02 23:30:08] [daily-review]   📄 内容初稿.md (超过 7 天)
[2026-05-02 23:30:08] [daily-review]   📄 2026-04-22-午间回顾.md (超过 7 天)
[2026-05-02 23:30:08] [daily-review]   📄 2026-04-24-午间回顾.md (超过 7 天)
[2026-05-02 23:30:08] [daily-review]   📄 知识库索引.md (超过 7 天)
[2026-05-02 23:30:08] [daily-review]   📄 选品调研.md (超过 7 天)
[2026-05-02 23:30:08] [daily-review]   📄 OpenClaw自主进化指南.md (超过 7 天)
[2026-05-02 23:30:08] [daily-review]   📄 每日晚间回顾报告-2026-04-02.md (超过 7 天)
[2026-05-02 23:30:08] [daily-review]   📄 每日晚间回顾报告-2026-03-27.md (超过 7 天)
[2026-05-02 23:30:08] [daily-review]   📄 视频脚本-蒸汽眼罩-20260401.md (超过 7 天)
[2026-05-02 23:30:08] [daily-review]   📄 Public-APIs-新媒体运营资源-最终版.md (超过 7 天)
[2026-05-02 23:30:08] [daily-review]   📄 内容初稿-蒸汽眼罩-20260401.md (超过 7 天)
[2026-05-02 23:30:08] [daily-review]   📄 每日午间回顾报告-2026-03-30.md (超过 7 天)
[2026-05-02 23:30:08] [daily-review]   📄 深度回顾报告-2026-04-01.md (超过 7 天)
[2026-05-02 23:30:08] [daily-review]   📄 Public-APIs-新媒体运营资源-v2.0.md (超过 7 天)
[2026-05-02 23:30:08] [daily-review]   📄 每日晚间回顾报告-2026-04-03.md (超过 7 天)
[2026-05-02 23:30:08] [daily-review]   📄 内容初稿-2026-04-01.md (超过 7 天)
[2026-05-02 23:30:08] [daily-review]   📄 每日晚间回顾报告-2026-04-01.md (超过 7 天)
[2026-05-02 23:30:08] [daily-review]   📄 每日晚间回顾报告-2026-03-30.md (超过 7 天)
[2026-05-02 23:30:08] [daily-review]   📄 每日午间回顾报告-2026-04-01.md (超过 7 天)
[2026-05-02 23:30:08] [daily-review]   📄 每日晚间回顾报告-2026-04-04.md (超过 7 天)
[2026-05-02 23:30:08] [daily-review]   📄 视频脚本-蒸汽眼罩-种草版-20260401.md (超过 7 天)
[2026-05-02 23:30:08] [daily-review]   📄 每日午间回顾报告-2026-04-21.md (超过 7 天)
[2026-05-02 23:30:08] [daily-review]   📄 Public-APIs-Pandas-数据分析API调研.md (超过 7 天)
[2026-05-02 23:30:08] [daily-review]   📄 品牌过往爆款.md (超过 7 天)
[2026-05-02 23:30:08] [daily-review]   📄 路径规划-1688小红书闲鱼.md (超过 7 天)
[2026-05-02 23:30:08] [daily-review]   📄 闲鱼上架清单-2026-04-09.md (超过 7 天)
[2026-05-02 23:30:08] [daily-review]   📄 2026-04-15-系统状态检查.md (超过 7 天)
[2026-05-02 23:30:08] [daily-review]   📄 Public-APIs-Plotly-数据可视化API调研.md (超过 7 天)
[2026-05-02 23:30:08] [daily-review]   📄 Public-APIs-VADER-情感分析API调研.md (超过 7 天)
[2026-05-02 23:30:08] [daily-review]   📄 xiaohongshu-ops-商贸优化方案.md (超过 7 天)
[2026-05-02 23:30:08] [daily-review]   📄 oil-gold-geopolitics-upgrade.md (超过 7 天)
[2026-05-02 23:30:08] [daily-review] ✅ 无重复文件
[2026-05-02 23:30:08] [daily-review] ✅ 知识库结构化整理完成
[2026-05-02 23:30:08] [daily-review] 📋 开始索引同步更新...
[2026-05-02 23:30:08] [daily-review] 📊 文件统计: intel/95 memory/50 logs/6 total/151
[2026-05-02 23:30:08] [daily-review] ✅ 索引文件已更新
[2026-05-02 23:30:08] [daily-review] ✅ 索引同步更新完成
[2026-05-02 23:30:08] [daily-review] 🧠 开始记忆同步更新...
[2026-05-02 23:30:08] [daily-review] 📅 今日记忆: 43行
[2026-05-02 23:30:08] [daily-review] ✅ MEMORY.md 今天已更新
[2026-05-02 23:30:08] [daily-review] ✅ 记忆同步更新完成
[2026-05-02 23:30:08] [daily-review] 🔧 开始 Git 库整理...
[2026-05-02 23:30:08] [daily-review] ⚠️ 发现 5 个未跟踪文件
[2026-05-02 23:30:08] [daily-review]   📄 agents/xiaomijiao/memory/chat-2026-05-02.md
[2026-05-02 23:30:08] [daily-review]   📄 "intel/2026-05-02-345215210351227264345233236351241276.md"
[2026-05-02 23:30:08] [daily-review]   📄 knowledge-base/topics/2026-05-02-qq-notify.txt
[2026-05-02 23:30:08] [daily-review]   📄 knowledge-base/topics/2026-05-02-xhs-topics.md
[2026-05-02 23:30:08] [daily-review]   📄 memory/2026-05-02.md
[2026-05-02 23:30:08] [daily-review] ⚠️ 发现 13 个未暂存变更
[2026-05-02 23:30:08] [daily-review] 📊 最近 5 次提交:
[2026-05-02 23:30:08] [daily-review]   b2e64a7e docs: AI学习总结 - 2026-05-02
[2026-05-02 23:30:08] [daily-review]   be4172d6 docs(xiaomijiao): 晚间回顾报告 - 2026-05-01
[2026-05-02 23:30:08] [daily-review]   0afdff0e docs(xiaomijiao): 晚间回顾 - 2026-05-01
[2026-05-02 23:30:08] [daily-review]   74317ead docs: AI学习总结 - 2026-05-01
[2026-05-02 23:30:08] [daily-review]   90b304ca docs(xiaomijiao): 周报 - 2026-04-24 ~ 2026-05-01
[2026-05-02 23:30:08] [daily-review] ✅ Git 库整理完成
[2026-05-02 23:30:08] [daily-review] 🔍 开始查漏补缺...
[2026-05-02 23:30:08] [daily-review] 📋 待办事项: 8 项待处理
[2026-05-02 23:30:08] [daily-review] 🔴 P0 任务: 6 项未完成
[2026-05-02 23:30:08] [daily-review] ⚠️ 发现 39 个超过 3 天未更新的记忆文件
[2026-05-02 23:30:08] [daily-review] ✅ 查漏补缺完成
[2026-05-07 12:00:01] [morning-review] ===== 午间运营回顾开始（12:00）=====
[2026-05-07 12:00:01] [morning-review] ===== 午间运营回顾开始（12:00）=====
[2026-05-07 12:00:01] [morning-review] 📝 创建今日记忆文件模板...
[2026-05-07 12:00:01] [morning-review] 📝 创建今日记忆文件模板...
[2026-05-07 12:00:01] [morning-review] ✅ 记忆模板已创建
[2026-05-07 12:00:01] [morning-review] ✅ 记忆模板已创建
[2026-05-07 12:00:01] [morning-review] 提取多通道聊天记录（2026-05-07）...
[2026-05-07 12:00:01] [morning-review] 提取多通道聊天记录（2026-05-07）...
[2026-05-07 12:00:03] [morning-review] - 消息数：188
[2026-05-07 12:00:03] [morning-review] - 消息数：188
[2026-05-07 12:00:03] [morning-review] [0;32m[SUCCESS][0m 对话记录已保存：/root/.openclaw/workspace/agents/xiaomijiao/memory/chat-2026-05-07.md
[2026-05-07 12:00:03] [morning-review] [0;32m[SUCCESS][0m 对话记录已保存：/root/.openclaw/workspace/agents/xiaomijiao/memory/chat-2026-05-07.md
[2026-05-07 12:00:03] [morning-review] 消息数： 226
[2026-05-07 12:00:03] [morning-review] 消息数： 226
[2026-05-07 12:00:03] [morning-review] [0;32m[SUCCESS][0m 多通道对话提取完成！🎉
[2026-05-07 12:00:03] [morning-review] [0;32m[SUCCESS][0m 多通道对话提取完成！🎉
[2026-05-07 12:00:03] [morning-review] 📊 变更统计: intel/2 memory/2 config/7
[2026-05-07 12:00:03] [morning-review] 📊 变更统计: intel/2 memory/2 config/7
[2026-05-07 12:00:03] [morning-review]   📄 HEARTBEAT.md
[2026-05-07 12:00:03] [morning-review]   📄 HEARTBEAT.md
[2026-05-07 12:00:03] [morning-review]   📄 "intel/346225260346215256345244215347233230.md"
[2026-05-07 12:00:03] [morning-review]   📄 "intel/346225260346215256345244215347233230.md"
[2026-05-07 12:00:03] [morning-review]   📄 "intel/347203255347202271351200211351242230.md"
[2026-05-07 12:00:03] [morning-review]   📄 "intel/347203255347202271351200211351242230.md"
[2026-05-07 12:00:03] [morning-review]   📄 logs/daily-review.log
[2026-05-07 12:00:03] [morning-review]   📄 logs/daily-review.log
[2026-05-07 12:00:03] [morning-review]   📄 logs/hotspot.log
[2026-05-07 12:00:03] [morning-review]   📄 logs/hotspot.log
[2026-05-07 12:00:03] [morning-review]   📄 logs/oil-gold-cron.log
[2026-05-07 12:00:03] [morning-review]   📄 logs/oil-gold-cron.log
[2026-05-07 12:00:03] [morning-review]   📄 logs/report_2026-05-06.txt
[2026-05-07 12:00:03] [morning-review]   📄 logs/report_2026-05-06.txt
[2026-05-07 12:00:03] [morning-review]   📄 logs/send-report.log
[2026-05-07 12:00:03] [morning-review]   📄 logs/send-report.log
[2026-05-07 12:00:03] [morning-review]   📄 logs/xiaomijiao-cron.log
[2026-05-07 12:00:03] [morning-review]   📄 logs/xiaomijiao-cron.log
[2026-05-07 12:00:03] [morning-review]   📄 memory/.dreams/events.jsonl
[2026-05-07 12:00:03] [morning-review]   📄 memory/.dreams/events.jsonl
[2026-05-07 12:00:03] [morning-review]   📄 memory/.dreams/short-term-recall.json
[2026-05-07 12:00:03] [morning-review]   📄 memory/.dreams/short-term-recall.json
[2026-05-07 12:00:03] [morning-review]   📄 node_modules/.package-lock.json
[2026-05-07 12:00:03] [morning-review]   📄 node_modules/.package-lock.json
[2026-05-07 12:00:03] [morning-review]   📄 package-lock.json
[2026-05-07 12:00:03] [morning-review]   📄 package-lock.json
[2026-05-07 12:00:03] [morning-review]   📄 scripts/oil-gold-cron.sh
[2026-05-07 12:00:03] [morning-review]   📄 scripts/oil-gold-cron.sh
[2026-05-07 12:00:03] [morning-review]   📄 skills/oil-gold-correlation/cache/geopolitics_cache.json
[2026-05-07 12:00:03] [morning-review]   📄 skills/oil-gold-correlation/cache/geopolitics_cache.json
[2026-05-07 12:00:03] [morning-review]   📄 skills/wechat-mp-publisher/scripts/wechat-mp-login.js
[2026-05-07 12:00:03] [morning-review]   📄 skills/wechat-mp-publisher/scripts/wechat-mp-login.js
[2026-05-07 12:00:03] [morning-review]   📄 skills/wechat-mp-publisher/scripts/wechat-mp-publish.js
[2026-05-07 12:00:03] [morning-review]   📄 skills/wechat-mp-publisher/scripts/wechat-mp-publish.js
[2026-05-07 12:00:03] [morning-review] 📋 待办进度: ✅6 完成 / ⏳8 待做
[2026-05-07 12:00:03] [morning-review] 📋 待办进度: ✅6 完成 / ⏳8 待做
[2026-05-07 12:00:03] [morning-review] 📚 开始知识库结构化整理...
[2026-05-07 12:00:03] [morning-review] 📚 开始知识库结构化整理...
[2026-05-07 12:00:03] [morning-review] 📊 intel/ 目录文件数: 101
[2026-05-07 12:00:03] [morning-review] 📊 intel/ 目录文件数: 101
[2026-05-07 12:00:03] [morning-review] ✅ 所有文件更新正常
[2026-05-07 12:00:03] [morning-review] ✅ 所有文件更新正常
[2026-05-07 12:00:03] [morning-review] ✅ 无重复文件
[2026-05-07 12:00:03] [morning-review] ✅ 无重复文件
[2026-05-07 12:00:03] [morning-review] ✅ 知识库结构化整理完成
[2026-05-07 12:00:03] [morning-review] ✅ 知识库结构化整理完成
[2026-05-07 12:00:03] [morning-review] 📋 开始索引同步更新...
[2026-05-07 12:00:03] [morning-review] 📋 开始索引同步更新...
[2026-05-07 12:00:03] [morning-review] 📊 文件统计: intel/101 memory/53 logs/13 total/167
[2026-05-07 12:00:03] [morning-review] 📊 文件统计: intel/101 memory/53 logs/13 total/167
[2026-05-07 12:00:03] [morning-review] ✅ 索引文件已更新
[2026-05-07 12:00:03] [morning-review] ✅ 索引文件已更新
[2026-05-07 12:00:03] [morning-review] ✅ 索引同步更新完成
[2026-05-07 12:00:03] [morning-review] ✅ 索引同步更新完成
[2026-05-07 12:00:03] [morning-review] ✅ Git 已提交
[2026-05-07 12:00:03] [morning-review] ✅ Git 已提交
[2026-05-07 12:00:03] [morning-review] ⚠️ 推送失败（网络？），下次重试
[2026-05-07 12:00:03] [morning-review] ⚠️ 推送失败（网络？），下次重试
[2026-05-07 12:00:03] [morning-review] 🔄 更新 QMD 向量索引...
[2026-05-07 12:00:03] [morning-review] 🔄 更新 QMD 向量索引...
[2026-05-07 12:00:03] [morning-review] ⚠️ qmd 未找到，跳过
[2026-05-07 12:00:03] [morning-review] ⚠️ qmd 未找到，跳过
[2026-05-07 12:00:03] [morning-review] ===== 午间运营回顾完成 =====
[2026-05-07 12:00:03] [morning-review] ===== 午间运营回顾完成 =====
[2026-05-08 12:00:01] [morning-review] ===== 午间运营回顾开始（12:00）=====
[2026-05-08 12:00:01] [morning-review] ===== 午间运营回顾开始（12:00）=====
[2026-05-08 12:00:01] [morning-review] 📝 创建今日记忆文件模板...
[2026-05-08 12:00:01] [morning-review] 📝 创建今日记忆文件模板...
[2026-05-08 12:00:01] [morning-review] ✅ 记忆模板已创建
[2026-05-08 12:00:01] [morning-review] ✅ 记忆模板已创建
[2026-05-08 12:00:01] [morning-review] 提取多通道聊天记录（2026-05-08）...
[2026-05-08 12:00:01] [morning-review] 提取多通道聊天记录（2026-05-08）...
[2026-05-08 12:00:02] [morning-review] - 消息数：91
[2026-05-08 12:00:02] [morning-review] - 消息数：91
[2026-05-08 12:00:02] [morning-review] [0;32m[SUCCESS][0m 对话记录已保存：/root/.openclaw/workspace/agents/xiaomijiao/memory/chat-2026-05-08.md
[2026-05-08 12:00:02] [morning-review] [0;32m[SUCCESS][0m 对话记录已保存：/root/.openclaw/workspace/agents/xiaomijiao/memory/chat-2026-05-08.md
[2026-05-08 12:00:02] [morning-review] 消息数： 147
[2026-05-08 12:00:02] [morning-review] 消息数： 147
[2026-05-08 12:00:02] [morning-review] [0;32m[SUCCESS][0m 多通道对话提取完成！🎉
[2026-05-08 12:00:02] [morning-review] [0;32m[SUCCESS][0m 多通道对话提取完成！🎉
[2026-05-08 12:00:02] [morning-review] 📊 变更统计: intel/1 memory/2 config/4
[2026-05-08 12:00:02] [morning-review] 📊 变更统计: intel/1 memory/2 config/4
[2026-05-08 12:00:02] [morning-review]   📄 "intel/347203255347202271351200211351242230.md"
[2026-05-08 12:00:02] [morning-review]   📄 "intel/347203255347202271351200211351242230.md"
[2026-05-08 12:00:02] [morning-review]   📄 logs/hotspot.log
[2026-05-08 12:00:02] [morning-review]   📄 logs/hotspot.log
[2026-05-08 12:00:02] [morning-review]   📄 logs/oil-gold-cron.log
[2026-05-08 12:00:02] [morning-review]   📄 logs/oil-gold-cron.log
[2026-05-08 12:00:02] [morning-review]   📄 logs/xiaomijiao-cron.log
[2026-05-08 12:00:02] [morning-review]   📄 logs/xiaomijiao-cron.log
[2026-05-08 12:00:02] [morning-review]   📄 memory/.dreams/events.jsonl
[2026-05-08 12:00:02] [morning-review]   📄 memory/.dreams/events.jsonl
[2026-05-08 12:00:02] [morning-review]   📄 memory/.dreams/short-term-recall.json
[2026-05-08 12:00:02] [morning-review]   📄 memory/.dreams/short-term-recall.json
[2026-05-08 12:00:02] [morning-review]   📄 skills/oil-gold-correlation/cache/geopolitics_cache.json
[2026-05-08 12:00:02] [morning-review]   📄 skills/oil-gold-correlation/cache/geopolitics_cache.json
[2026-05-08 12:00:02] [morning-review]   📄 skills/self-improving/heartbeat-state.md
[2026-05-08 12:00:02] [morning-review]   📄 skills/self-improving/heartbeat-state.md
[2026-05-08 12:00:02] [morning-review] 📋 待办进度: ✅6 完成 / ⏳8 待做
[2026-05-08 12:00:02] [morning-review] 📋 待办进度: ✅6 完成 / ⏳8 待做
[2026-05-08 12:00:02] [morning-review] 📚 开始知识库结构化整理...
[2026-05-08 12:00:02] [morning-review] 📚 开始知识库结构化整理...
[2026-05-08 12:00:02] [morning-review] 📊 intel/ 目录文件数: 109
[2026-05-08 12:00:02] [morning-review] 📊 intel/ 目录文件数: 109
[2026-05-08 12:00:02] [morning-review] ✅ 所有文件更新正常
[2026-05-08 12:00:02] [morning-review] ✅ 所有文件更新正常
[2026-05-08 12:00:03] [morning-review] ✅ 无重复文件
[2026-05-08 12:00:03] [morning-review] ✅ 无重复文件
[2026-05-08 12:00:03] [morning-review] ✅ 知识库结构化整理完成
[2026-05-08 12:00:03] [morning-review] ✅ 知识库结构化整理完成
[2026-05-08 12:00:03] [morning-review] 📋 开始索引同步更新...
[2026-05-08 12:00:03] [morning-review] 📋 开始索引同步更新...
[2026-05-08 12:00:03] [morning-review] 📊 文件统计: intel/109 memory/54 logs/13 total/176
[2026-05-08 12:00:03] [morning-review] 📊 文件统计: intel/109 memory/54 logs/13 total/176
[2026-05-08 12:00:03] [morning-review] ✅ 索引文件已更新
[2026-05-08 12:00:03] [morning-review] ✅ 索引文件已更新
[2026-05-08 12:00:03] [morning-review] ✅ 索引同步更新完成
[2026-05-08 12:00:03] [morning-review] ✅ 索引同步更新完成
[2026-05-08 12:00:03] [morning-review] ✅ Git 已提交
[2026-05-08 12:00:03] [morning-review] ✅ Git 已提交
[2026-05-08 12:00:03] [morning-review] ⚠️ 推送失败（网络？），下次重试
[2026-05-08 12:00:03] [morning-review] ⚠️ 推送失败（网络？），下次重试
[2026-05-08 12:00:03] [morning-review] 🔄 更新 QMD 向量索引...
[2026-05-08 12:00:03] [morning-review] 🔄 更新 QMD 向量索引...
[2026-05-08 12:00:03] [morning-review] ⚠️ qmd 未找到，跳过
[2026-05-08 12:00:03] [morning-review] ⚠️ qmd 未找到，跳过
[2026-05-08 12:00:03] [morning-review] ===== 午间运营回顾完成 =====
[2026-05-08 12:00:03] [morning-review] ===== 午间运营回顾完成 =====
[2026-05-09 10:21:29] [daily-review] ===== 每日运营回顾开始（10:21）=====
[2026-05-09 10:21:29] [daily-review] 📝 创建今日记忆文件模板...
[2026-05-09 10:21:29] [daily-review] ✅ 记忆模板已创建
[2026-05-09 10:21:29] [daily-review] 提取多通道聊天记录（2026-05-09）...
[2026-05-09 10:21:32] [daily-review] - 消息数：37
[2026-05-09 10:21:32] [daily-review] [0;32m[SUCCESS][0m 对话记录已保存：/root/.openclaw/workspace/agents/xiaomijiao/memory/chat-2026-05-09.md
[2026-05-09 10:21:32] [daily-review] 消息数： 37
[2026-05-09 10:21:32] [daily-review] [0;32m[SUCCESS][0m 多通道对话提取完成！🎉
[2026-05-09 10:21:32] [daily-review] 📊 变更统计: intel/2 memory/3 config/6
[2026-05-09 10:21:33] [daily-review]   📄 "intel/346225260346215256345244215347233230.md"
[2026-05-09 10:21:33] [daily-review]   📄 "intel/347203255347202271351200211351242230.md"
[2026-05-09 10:21:33] [daily-review]   📄 logs/hotspot.log
[2026-05-09 10:21:33] [daily-review]   📄 logs/xiaomijiao-cron.log
[2026-05-09 10:21:33] [daily-review]   📄 memory/.dreams/events.jsonl
[2026-05-09 10:21:33] [daily-review]   📄 memory/.dreams/short-term-recall.json
[2026-05-09 10:21:33] [daily-review]   📄 memory/2026-05-08.md
[2026-05-09 10:21:33] [daily-review]   📄 skills/self-improving/heartbeat-state.md
[2026-05-09 10:21:33] [daily-review]   📄 skills/wechat-mp-publisher/config/draft-config.json
[2026-05-09 10:21:33] [daily-review]   📄 skills/wechat-mp-publisher/output/yoga-shoulder-cover.png
[2026-05-09 10:21:33] [daily-review] 📋 待办进度: ✅6 完成 / ⏳8 待做
[2026-05-09 10:21:33] [daily-review] 📚 开始知识库结构化整理...
[2026-05-09 10:21:33] [daily-review] 📊 intel/ 目录文件数: 109
[2026-05-09 10:21:33] [daily-review] ✅ 所有文件更新正常
[2026-05-09 10:21:33] [daily-review] ✅ 无重复文件
[2026-05-09 10:21:33] [daily-review] ✅ 知识库结构化整理完成
[2026-05-09 10:21:33] [daily-review] 📋 开始索引同步更新...
[2026-05-09 10:21:33] [daily-review] 📊 文件统计: intel/109 memory/55 logs/16 total/180
[2026-05-09 10:21:33] [daily-review] ✅ 索引文件已更新
[2026-05-09 10:21:33] [daily-review] ✅ 索引同步更新完成
[2026-05-09 10:21:33] [daily-review] 🧠 开始记忆同步更新...
[2026-05-09 10:21:33] [daily-review] 📅 今日记忆: 43行
[2026-05-09 10:21:33] [daily-review] ⚠️ MEMORY.md 今天未更新
[2026-05-09 10:21:33] [daily-review] ✅ 记忆同步更新完成
[2026-05-09 10:21:33] [daily-review] 🔧 开始 Git 库整理...
[2026-05-09 10:21:33] [daily-review] ⚠️ 发现 26 个未跟踪文件
[2026-05-09 10:21:33] [daily-review]   📄 agents/xiaomijiao/memory/chat-2026-05-09.md
[2026-05-09 10:21:33] [daily-review]   📄 content/xiaohongshu-neck-massager-optimized.md
[2026-05-09 10:21:33] [daily-review]   📄 content/yoga-shoulder-guide-optimized.html
[2026-05-09 10:21:33] [daily-review]   📄 content/yoga-shoulder-guide-optimized.txt
[2026-05-09 10:21:33] [daily-review]   📄 logs/oil-gold-evening-2026-05-08.log
[2026-05-09 10:21:33] [daily-review]   📄 logs/oil-gold-morning-2026-05-09.log
[2026-05-09 10:21:33] [daily-review]   📄 logs/oil-gold-us-market-2026-05-08.log
[2026-05-09 10:21:33] [daily-review]   📄 memory/2026-05-09.md
[2026-05-09 10:21:33] [daily-review]   📄 skills/wechat-mp-publisher/config/draft-config-github-v2.0.1.json
[2026-05-09 10:21:33] [daily-review]   📄 skills/wechat-mp-publisher/config/draft-config.json.bak
[2026-05-09 10:21:33] [daily-review]   📄 skills/wechat-mp-publisher/config/draft-config.json.temp
[2026-05-09 10:21:33] [daily-review]   📄 skills/wechat-mp-publisher/output/health-diet-correct-cover.png
[2026-05-09 10:21:33] [daily-review]   📄 skills/wechat-mp-publisher/output/health-diet-final-cover.png
[2026-05-09 10:21:33] [daily-review]   📄 skills/wechat-mp-publisher/output/health-diet-unified-cover.png
[2026-05-09 10:21:33] [daily-review]   📄 skills/wechat-mp-publisher/output/yoga-body-correct-cover.png
[2026-05-09 10:21:33] [daily-review]   📄 skills/wechat-mp-publisher/output/yoga-body-final-cover.png
[2026-05-09 10:21:33] [daily-review]   📄 skills/wechat-mp-publisher/output/yoga-body-unified-cover.png
[2026-05-09 10:21:33] [daily-review]   📄 skills/wechat-mp-publisher/output/yoga-shoulder-correct-cover.png
[2026-05-09 10:21:33] [daily-review]   📄 skills/wechat-mp-publisher/output/yoga-shoulder-final-cover.png
[2026-05-09 10:21:33] [daily-review]   📄 skills/wechat-mp-publisher/output/yoga-shoulder-optimized-cover.png
[2026-05-09 10:21:33] [daily-review]   📄 skills/wechat-mp-publisher/output/yoga-shoulder-unified-cover.png
[2026-05-09 10:21:33] [daily-review]   📄 skills/wechat-mp-publisher/scripts/wechat-draft-github-v2.0.1.js
[2026-05-09 10:21:33] [daily-review]   📄 skills/wechat-mp-publisher/scripts/wechat-draft.js
[2026-05-09 10:21:33] [daily-review]   📄 tools/exam-demo.py
[2026-05-09 10:21:33] [daily-review]   📄 tools/exam-filter-cli.py
[2026-05-09 10:21:33] [daily-review]   📄 tools/exam-position-filter.py
[2026-05-09 10:21:33] [daily-review] ⚠️ 发现 10 个未暂存变更
[2026-05-09 10:21:33] [daily-review] 📊 最近 5 次提交:
[2026-05-09 10:21:33] [daily-review]   a82033fe feat: 公众号草稿脚本优化与瑜伽教程内容
[2026-05-09 10:21:33] [daily-review]   7d130972 docs(xiaomijiao): 午间回顾 - 2026-05-08
[2026-05-09 10:21:33] [daily-review]   099980ab fix: 修复石油黄金定时任务配置
[2026-05-09 10:21:33] [daily-review]   a6b1ed4c feat: 部署公众号草稿脚本v1.6.0
[2026-05-09 10:21:33] [daily-review]   ebd8eced fix: 修复石油黄金QQ Bot推送命令格式
[2026-05-09 10:21:33] [daily-review] ✅ Git 库整理完成
[2026-05-09 10:21:33] [daily-review] 🔍 开始查漏补缺...
[2026-05-09 10:21:33] [daily-review] 📋 待办事项: 8 项待处理
[2026-05-09 10:21:33] [daily-review] 🔴 P0 任务: 6 项未完成
[2026-05-09 10:21:33] [daily-review] ✅ 记忆文件更新正常
[2026-05-09 10:21:33] [daily-review] ✅ 查漏补缺完成
[2026-05-09 10:21:33] [daily-review] ✅ Git 已提交
[2026-05-09 10:21:33] [daily-review] ⚠️ 推送失败（网络？），下次重试
[2026-05-09 10:21:33] [daily-review] 🔄 更新 QMD 向量索引...
[2026-05-09 10:21:33] [daily-review] ⚠️ qmd 未找到，跳过
[2026-05-09 10:21:33] [daily-review] ===== 每日运营回顾完成 =====
[2026-05-09 10:22:45] [morning-review] ===== 午间运营回顾开始（10:22）=====
[2026-05-09 10:22:45] [morning-review] 📅 今日记忆文件: 43行
[2026-05-09 10:22:45] [morning-review] 提取多通道聊天记录（2026-05-09）...
[2026-05-09 10:22:46] [morning-review] - 消息数：39
[2026-05-09 10:22:46] [morning-review] [0;32m[SUCCESS][0m 对话记录已保存：/root/.openclaw/workspace/agents/xiaomijiao/memory/chat-2026-05-09.md
[2026-05-09 10:22:46] [morning-review] 消息数： 39
[2026-05-09 10:22:46] [morning-review] [0;32m[SUCCESS][0m 多通道对话提取完成！🎉
[2026-05-09 10:22:46] [morning-review] 📊 变更统计: intel/0 memory/0 config/1
[2026-05-09 10:22:46] [morning-review]   📄 agents/xiaomijiao/memory/chat-2026-05-09.md
[2026-05-09 10:22:46] [morning-review]   📄 logs/git.log
[2026-05-09 10:22:46] [morning-review]   📄 logs/xiaomijiao-cron.log
[2026-05-09 10:22:46] [morning-review] 📋 待办进度: ✅6 完成 / ⏳8 待做
[2026-05-09 10:22:46] [morning-review] 📚 开始知识库结构化整理...
[2026-05-09 10:22:46] [morning-review] 📊 intel/ 目录文件数: 109
[2026-05-09 10:22:46] [morning-review] ✅ 所有文件更新正常
[2026-05-09 10:22:46] [morning-review] ✅ 无重复文件
[2026-05-09 10:22:46] [morning-review] ✅ 知识库结构化整理完成
[2026-05-09 10:22:46] [morning-review] 📋 开始索引同步更新...
[2026-05-09 10:22:46] [morning-review] 📊 文件统计: intel/109 memory/55 logs/16 total/180
[2026-05-09 10:22:46] [morning-review] ✅ 索引文件已更新
[2026-05-09 10:22:46] [morning-review] ✅ 索引同步更新完成
[2026-05-09 10:22:46] [morning-review] ✅ Git 已提交
[2026-05-09 10:22:47] [morning-review] ⚠️ 推送失败（网络？），下次重试
[2026-05-09 10:22:47] [morning-review] 🔄 更新 QMD 向量索引...
[2026-05-09 10:22:47] [morning-review] ⚠️ qmd 未找到，跳过
[2026-05-09 10:22:47] [morning-review] ===== 午间运营回顾完成 =====
[2026-05-09 12:00:02] [morning-review] ===== 午间运营回顾开始（12:00）=====
[2026-05-09 12:00:02] [morning-review] ===== 午间运营回顾开始（12:00）=====
[2026-05-09 12:00:02] [morning-review] 📅 今日记忆文件: 43行
[2026-05-09 12:00:02] [morning-review] 📅 今日记忆文件: 43行
[2026-05-09 12:00:02] [morning-review] 提取多通道聊天记录（2026-05-09）...
[2026-05-09 12:00:02] [morning-review] 提取多通道聊天记录（2026-05-09）...
[2026-05-09 12:00:04] [morning-review] - 消息数：59
[2026-05-09 12:00:04] [morning-review] - 消息数：59
[2026-05-09 12:00:04] [morning-review] [0;32m[SUCCESS][0m 对话记录已保存：/root/.openclaw/workspace/agents/xiaomijiao/memory/chat-2026-05-09.md
[2026-05-09 12:00:04] [morning-review] [0;32m[SUCCESS][0m 对话记录已保存：/root/.openclaw/workspace/agents/xiaomijiao/memory/chat-2026-05-09.md
[2026-05-09 12:00:04] [morning-review] 消息数： 67
[2026-05-09 12:00:04] [morning-review] 消息数： 67
[2026-05-09 12:00:04] [morning-review] [0;32m[SUCCESS][0m 多通道对话提取完成！🎉
[2026-05-09 12:00:04] [morning-review] [0;32m[SUCCESS][0m 多通道对话提取完成！🎉
[2026-05-09 12:00:04] [morning-review] 📊 变更统计: intel/0 memory/0 config/2
[2026-05-09 12:00:04] [morning-review] 📊 变更统计: intel/0 memory/0 config/2
[2026-05-09 12:00:04] [morning-review]   📄 agents/xiaomijiao/memory/chat-2026-05-09.md
[2026-05-09 12:00:04] [morning-review]   📄 agents/xiaomijiao/memory/chat-2026-05-09.md
[2026-05-09 12:00:04] [morning-review]   📄 logs/git.log
[2026-05-09 12:00:04] [morning-review]   📄 logs/git.log
[2026-05-09 12:00:04] [morning-review]   📄 logs/xiaomijiao-cron.log
[2026-05-09 12:00:04] [morning-review]   📄 logs/xiaomijiao-cron.log
[2026-05-09 12:00:04] [morning-review]   📄 scripts/oil-gold-tasks.sh
[2026-05-09 12:00:04] [morning-review]   📄 scripts/oil-gold-tasks.sh
[2026-05-09 12:00:04] [morning-review]   📄 skills/self-improving/heartbeat-state.md
[2026-05-09 12:00:04] [morning-review]   📄 skills/self-improving/heartbeat-state.md
[2026-05-09 12:00:04] [morning-review] 📋 待办进度: ✅6 完成 / ⏳8 待做
[2026-05-09 12:00:04] [morning-review] 📋 待办进度: ✅6 完成 / ⏳8 待做
[2026-05-09 12:00:04] [morning-review] 📚 开始知识库结构化整理...
[2026-05-09 12:00:04] [morning-review] 📚 开始知识库结构化整理...
[2026-05-09 12:00:04] [morning-review] 📊 intel/ 目录文件数: 109
[2026-05-09 12:00:04] [morning-review] 📊 intel/ 目录文件数: 109
[2026-05-09 12:00:04] [morning-review] ✅ 所有文件更新正常
[2026-05-09 12:00:04] [morning-review] ✅ 所有文件更新正常
[2026-05-09 12:00:04] [morning-review] ✅ 无重复文件
[2026-05-09 12:00:04] [morning-review] ✅ 无重复文件
[2026-05-09 12:00:04] [morning-review] ✅ 知识库结构化整理完成
[2026-05-09 12:00:04] [morning-review] ✅ 知识库结构化整理完成
[2026-05-09 12:00:04] [morning-review] 📋 开始索引同步更新...
[2026-05-09 12:00:04] [morning-review] 📋 开始索引同步更新...
[2026-05-09 12:00:04] [morning-review] 📊 文件统计: intel/109 memory/55 logs/17 total/181
[2026-05-09 12:00:04] [morning-review] 📊 文件统计: intel/109 memory/55 logs/17 total/181
[2026-05-09 12:00:04] [morning-review] ✅ 索引文件已更新
[2026-05-09 12:00:04] [morning-review] ✅ 索引文件已更新
[2026-05-09 12:00:04] [morning-review] ✅ 索引同步更新完成
[2026-05-09 12:00:04] [morning-review] ✅ 索引同步更新完成
[2026-05-09 12:00:04] [morning-review] ✅ Git 已提交
[2026-05-09 12:00:04] [morning-review] ✅ Git 已提交
[2026-05-09 12:00:04] [morning-review] ⚠️ 推送失败（网络？），下次重试
[2026-05-09 12:00:04] [morning-review] ⚠️ 推送失败（网络？），下次重试
[2026-05-09 12:00:04] [morning-review] 🔄 更新 QMD 向量索引...
[2026-05-09 12:00:04] [morning-review] 🔄 更新 QMD 向量索引...
[2026-05-09 12:00:04] [morning-review] ⚠️ qmd 未找到，跳过
[2026-05-09 12:00:04] [morning-review] ⚠️ qmd 未找到，跳过
[2026-05-09 12:00:04] [morning-review] ===== 午间运营回顾完成 =====
[2026-05-09 12:00:04] [morning-review] ===== 午间运营回顾完成 =====
[2026-05-09 23:50:01] [daily-review] ===== 每日运营回顾开始（23:50）=====
[2026-05-09 23:50:01] [daily-review] ===== 每日运营回顾开始（23:50）=====
[2026-05-09 23:50:01] [daily-review] 📅 今日记忆文件: 45行
[2026-05-09 23:50:01] [daily-review] 📅 今日记忆文件: 45行
[2026-05-09 23:50:01] [daily-review] 提取多通道聊天记录（2026-05-09）...
[2026-05-09 23:50:01] [daily-review] 提取多通道聊天记录（2026-05-09）...
[2026-05-09 23:50:05] [daily-review] - 消息数：378
[2026-05-09 23:50:05] [daily-review] - 消息数：378
[2026-05-09 23:50:05] [daily-review] [0;32m[SUCCESS][0m 对话记录已保存：/root/.openclaw/workspace/agents/xiaomijiao/memory/chat-2026-05-09.md
[2026-05-09 23:50:05] [daily-review] [0;32m[SUCCESS][0m 对话记录已保存：/root/.openclaw/workspace/agents/xiaomijiao/memory/chat-2026-05-09.md
[2026-05-09 23:50:05] [daily-review] 消息数： 574
[2026-05-09 23:50:05] [daily-review] 消息数： 574
[2026-05-09 23:50:05] [daily-review] [0;32m[SUCCESS][0m 多通道对话提取完成！🎉
[2026-05-09 23:50:05] [daily-review] [0;32m[SUCCESS][0m 多通道对话提取完成！🎉
[2026-05-09 23:50:05] [daily-review] 📊 变更统计: intel/8 memory/3 config/15
[2026-05-09 23:50:05] [daily-review] 📊 变更统计: intel/8 memory/3 config/15
[2026-05-09 23:50:05] [daily-review]   📄 agents/xiaomijiao/memory/chat-2026-05-09.md
[2026-05-09 23:50:05] [daily-review]   📄 agents/xiaomijiao/memory/chat-2026-05-09.md
[2026-05-09 23:50:05] [daily-review]   📄 intel/archive/oil-gold-geopolitics-upgrade.txt
[2026-05-09 23:50:05] [daily-review]   📄 intel/archive/oil-gold-geopolitics-upgrade.txt
[2026-05-09 23:50:05] [daily-review]   📄 intel/archive/oil-gold-skill-diagnosis.txt
[2026-05-09 23:50:05] [daily-review]   📄 intel/archive/oil-gold-skill-diagnosis.txt
[2026-05-09 23:50:05] [daily-review]   📄 intel/archive/oil-gold-skill-fixes.txt
[2026-05-09 23:50:05] [daily-review]   📄 intel/archive/oil-gold-skill-fixes.txt
[2026-05-09 23:50:05] [daily-review]   📄 intel/archive/oil-gold-v1.5.5-bug-feedback.txt
[2026-05-09 23:50:05] [daily-review]   📄 intel/archive/oil-gold-v1.5.5-bug-feedback.txt
[2026-05-09 23:50:05] [daily-review]   📄 intel/oil-gold-geopolitics-upgrade.md
[2026-05-09 23:50:05] [daily-review]   📄 intel/oil-gold-geopolitics-upgrade.md
[2026-05-09 23:50:05] [daily-review]   📄 "intel/345205254344274227345217267346226207347253240346270205345215225.md"
[2026-05-09 23:50:05] [daily-review]   📄 "intel/345205254344274227345217267346226207347253240346270205345215225.md"
[2026-05-09 23:50:05] [daily-review]   📄 "intel/346225260346215256345244215347233230.md"
[2026-05-09 23:50:05] [daily-review]   📄 "intel/346225260346215256345244215347233230.md"
[2026-05-09 23:50:05] [daily-review]   📄 "intel/347203255347202271351200211351242230.md"
[2026-05-09 23:50:05] [daily-review]   📄 "intel/347203255347202271351200211351242230.md"
[2026-05-09 23:50:05] [daily-review]   📄 logs/git.log
[2026-05-09 23:50:05] [daily-review]   📄 logs/git.log
[2026-05-09 23:50:05] [daily-review]   📄 logs/oil-gold-afternoon-2026-05-09.log
[2026-05-09 23:50:05] [daily-review]   📄 logs/oil-gold-afternoon-2026-05-09.log
[2026-05-09 23:50:05] [daily-review]   📄 logs/oil-gold-cron.log
[2026-05-09 23:50:05] [daily-review]   📄 logs/oil-gold-cron.log
[2026-05-09 23:50:05] [daily-review]   📄 logs/oil-gold-evening-2026-05-08.log
[2026-05-09 23:50:05] [daily-review]   📄 logs/oil-gold-evening-2026-05-08.log
[2026-05-09 23:50:05] [daily-review]   📄 logs/oil-gold-morning-2026-05-09.log
[2026-05-09 23:50:05] [daily-review]   📄 logs/oil-gold-morning-2026-05-09.log
[2026-05-09 23:50:05] [daily-review]   📄 logs/oil-gold-push.log
[2026-05-09 23:50:05] [daily-review]   📄 logs/oil-gold-push.log
[2026-05-09 23:50:05] [daily-review]   📄 logs/oil-gold-us-market-2026-05-08.log
[2026-05-09 23:50:05] [daily-review]   📄 logs/oil-gold-us-market-2026-05-08.log
[2026-05-09 23:50:05] [daily-review]   📄 logs/oil-gold.log
[2026-05-09 23:50:05] [daily-review]   📄 logs/oil-gold.log
[2026-05-09 23:50:05] [daily-review]   📄 logs/wechat-publish.log
[2026-05-09 23:50:05] [daily-review]   📄 logs/wechat-publish.log
[2026-05-09 23:50:05] [daily-review]   📄 logs/xiaomijiao-cron.log
[2026-05-09 23:50:05] [daily-review]   📄 logs/xiaomijiao-cron.log
[2026-05-09 23:50:05] [daily-review]   📄 memory/.dreams/events.jsonl
[2026-05-09 23:50:05] [daily-review]   📄 memory/.dreams/events.jsonl
[2026-05-09 23:50:05] [daily-review]   📄 memory/.dreams/short-term-recall.json
[2026-05-09 23:50:05] [daily-review]   📄 memory/.dreams/short-term-recall.json
[2026-05-09 23:50:05] [daily-review]   📄 memory/2026-05-09.md
[2026-05-09 23:50:05] [daily-review]   📄 memory/2026-05-09.md
[2026-05-09 23:50:05] [daily-review]   📄 oil-gold-silver-investment-report-2026-05-08-standard.md
[2026-05-09 23:50:05] [daily-review]   📄 oil-gold-silver-investment-report-2026-05-08-standard.md
[2026-05-09 23:50:05] [daily-review]   📄 oil-gold-silver-investment-report-2026-05-08.md
[2026-05-09 23:50:05] [daily-review]   📄 oil-gold-silver-investment-report-2026-05-08.md
[2026-05-09 23:50:05] [daily-review]   📄 oil-gold-standard-report-2026-05-08.md
[2026-05-09 23:50:05] [daily-review]   📄 oil-gold-standard-report-2026-05-08.md
[2026-05-09 23:50:05] [daily-review]   📄 scripts/oil-gold-cron.sh
[2026-05-09 23:50:05] [daily-review]   📄 scripts/oil-gold-cron.sh
[2026-05-09 23:50:05] [daily-review]   📄 scripts/oil-gold-tasks.sh
[2026-05-09 23:50:05] [daily-review]   📄 scripts/oil-gold-tasks.sh
[2026-05-09 23:50:05] [daily-review]   📄 scripts/oil-gold-us-adapter.sh
[2026-05-09 23:50:05] [daily-review]   📄 scripts/oil-gold-us-adapter.sh
[2026-05-09 23:50:05] [daily-review]   📄 scripts/send-oil-gold-report.sh
[2026-05-09 23:50:05] [daily-review]   📄 scripts/send-oil-gold-report.sh
[2026-05-09 23:50:05] [daily-review]   📄 skills/oil-gold-correlation/.gitignore
[2026-05-09 23:50:05] [daily-review]   📄 skills/oil-gold-correlation/.gitignore
[2026-05-09 23:50:05] [daily-review]   📄 skills/oil-gold-correlation/SKILL.md
[2026-05-09 23:50:05] [daily-review]   📄 skills/oil-gold-correlation/SKILL.md
[2026-05-09 23:50:05] [daily-review]   📄 skills/oil-gold-correlation/cache/geopolitics_cache.json
[2026-05-09 23:50:05] [daily-review]   📄 skills/oil-gold-correlation/cache/geopolitics_cache.json
[2026-05-09 23:50:05] [daily-review]   📄 skills/oil-gold-correlation/config/push-config.yaml
[2026-05-09 23:50:05] [daily-review]   📄 skills/oil-gold-correlation/config/push-config.yaml
[2026-05-09 23:50:05] [daily-review]   📄 skills/oil-gold-correlation/oil-gold-us-adapter.sh
[2026-05-09 23:50:05] [daily-review]   📄 skills/oil-gold-correlation/oil-gold-us-adapter.sh
[2026-05-09 23:50:05] [daily-review]   📄 skills/oil-gold-correlation/output_part1.txt
[2026-05-09 23:50:05] [daily-review]   📄 skills/oil-gold-correlation/output_part1.txt
[2026-05-09 23:50:05] [daily-review]   📄 skills/oil-gold-correlation/output_part2.txt
[2026-05-09 23:50:05] [daily-review]   📄 skills/oil-gold-correlation/output_part2.txt
[2026-05-09 23:50:05] [daily-review]   📄 skills/oil-gold-correlation/package.json
[2026-05-09 23:50:05] [daily-review]   📄 skills/oil-gold-correlation/package.json
[2026-05-09 23:50:05] [daily-review]   📄 skills/oil-gold-correlation/push-scheme-v2.md
[2026-05-09 23:50:05] [daily-review]   📄 skills/oil-gold-correlation/push-scheme-v2.md
[2026-05-09 23:50:05] [daily-review]   📄 skills/oil-gold-correlation/requirements.txt
[2026-05-09 23:50:05] [daily-review]   📄 skills/oil-gold-correlation/requirements.txt
[2026-05-09 23:50:05] [daily-review]   📄 skills/oil-gold-correlation/scripts/advisor.py
[2026-05-09 23:50:05] [daily-review]   📄 skills/oil-gold-correlation/scripts/advisor.py
[2026-05-09 23:50:05] [daily-review]   📄 skills/oil-gold-correlation/scripts/analysis.py
[2026-05-09 23:50:05] [daily-review]   📄 skills/oil-gold-correlation/scripts/analysis.py
[2026-05-09 23:50:05] [daily-review]   📄 skills/oil-gold-correlation/scripts/config.py
[2026-05-09 23:50:05] [daily-review]   📄 skills/oil-gold-correlation/scripts/config.py
[2026-05-09 23:50:05] [daily-review]   📄 skills/oil-gold-correlation/scripts/fetch_alpha_vantage.py
[2026-05-09 23:50:05] [daily-review]   📄 skills/oil-gold-correlation/scripts/fetch_alpha_vantage.py
[2026-05-09 23:50:05] [daily-review]   📄 skills/oil-gold-correlation/scripts/fetch_data.py
[2026-05-09 23:50:05] [daily-review]   📄 skills/oil-gold-correlation/scripts/fetch_data.py
[2026-05-09 23:50:05] [daily-review]   📄 skills/oil-gold-correlation/scripts/fetch_fred.py
[2026-05-09 23:50:05] [daily-review]   📄 skills/oil-gold-correlation/scripts/fetch_fred.py
[2026-05-09 23:50:05] [daily-review]   📄 skills/oil-gold-correlation/scripts/fetch_twelve_data.py
[2026-05-09 23:50:05] [daily-review]   📄 skills/oil-gold-correlation/scripts/fetch_twelve_data.py
[2026-05-09 23:50:05] [daily-review]   📄 skills/oil-gold-correlation/scripts/geopolitics.py
[2026-05-09 23:50:05] [daily-review]   📄 skills/oil-gold-correlation/scripts/geopolitics.py
[2026-05-09 23:50:05] [daily-review]   📄 skills/oil-gold-correlation/scripts/multi_source.py
[2026-05-09 23:50:05] [daily-review]   📄 skills/oil-gold-correlation/scripts/multi_source.py
[2026-05-09 23:50:05] [daily-review]   📄 skills/oil-gold-correlation/scripts/opportunity_scanner.py
[2026-05-09 23:50:05] [daily-review]   📄 skills/oil-gold-correlation/scripts/opportunity_scanner.py
[2026-05-09 23:50:05] [daily-review]   📄 skills/oil-gold-correlation/scripts/report.py
[2026-05-09 23:50:05] [daily-review]   📄 skills/oil-gold-correlation/scripts/report.py
[2026-05-09 23:50:05] [daily-review]   📄 skills/oil-gold-correlation/scripts/report_card.py
[2026-05-09 23:50:05] [daily-review]   📄 skills/oil-gold-correlation/scripts/report_card.py
[2026-05-09 23:50:05] [daily-review]   📄 skills/oil-gold-correlation/scripts/report_text.py
[2026-05-09 23:50:05] [daily-review]   📄 skills/oil-gold-correlation/scripts/report_text.py
[2026-05-09 23:50:05] [daily-review]   📄 skills/oil-gold-correlation/scripts/report_text_brief.py
[2026-05-09 23:50:05] [daily-review]   📄 skills/oil-gold-correlation/scripts/report_text_brief.py
[2026-05-09 23:50:05] [daily-review]   📄 skills/oil-gold-correlation/scripts/report_text_v2.0_draft.py
[2026-05-09 23:50:05] [daily-review]   📄 skills/oil-gold-correlation/scripts/report_text_v2.0_draft.py
[2026-05-09 23:50:05] [daily-review]   📄 skills/oil-gold-correlation/scripts/test_report.py
[2026-05-09 23:50:05] [daily-review]   📄 skills/oil-gold-correlation/scripts/test_report.py
[2026-05-09 23:50:06] [daily-review]   📄 skills/oil-gold-correlation/scripts/visualize.py
[2026-05-09 23:50:06] [daily-review]   📄 skills/oil-gold-correlation/scripts/visualize.py
[2026-05-09 23:50:06] [daily-review]   📄 skills/self-improving/heartbeat-state.md
[2026-05-09 23:50:06] [daily-review]   📄 skills/self-improving/heartbeat-state.md
[2026-05-09 23:50:06] [daily-review] 📋 待办进度: ✅6 完成 / ⏳8 待做
[2026-05-09 23:50:06] [daily-review] 📋 待办进度: ✅6 完成 / ⏳8 待做
[2026-05-09 23:50:06] [daily-review] 📚 开始知识库结构化整理...
[2026-05-09 23:50:06] [daily-review] 📚 开始知识库结构化整理...
[2026-05-09 23:50:06] [daily-review] 📊 intel/ 目录文件数: 108
[2026-05-09 23:50:06] [daily-review] 📊 intel/ 目录文件数: 108
[2026-05-09 23:50:06] [daily-review] ✅ 所有文件更新正常
[2026-05-09 23:50:06] [daily-review] ✅ 所有文件更新正常
[2026-05-09 23:50:06] [daily-review] ✅ 无重复文件
[2026-05-09 23:50:06] [daily-review] ✅ 无重复文件
[2026-05-09 23:50:06] [daily-review] ✅ 知识库结构化整理完成
[2026-05-09 23:50:06] [daily-review] ✅ 知识库结构化整理完成
[2026-05-09 23:50:06] [daily-review] 📋 开始索引同步更新...
[2026-05-09 23:50:06] [daily-review] 📋 开始索引同步更新...
[2026-05-09 23:50:06] [daily-review] 📊 文件统计: intel/108 memory/55 logs/10 total/173
[2026-05-09 23:50:06] [daily-review] 📊 文件统计: intel/108 memory/55 logs/10 total/173
[2026-05-09 23:50:06] [daily-review] ✅ 索引文件已更新
[2026-05-09 23:50:06] [daily-review] ✅ 索引文件已更新
[2026-05-09 23:50:06] [daily-review] ✅ 索引同步更新完成
[2026-05-09 23:50:06] [daily-review] ✅ 索引同步更新完成
[2026-05-09 23:50:06] [daily-review] 🧠 开始记忆同步更新...
[2026-05-09 23:50:06] [daily-review] 🧠 开始记忆同步更新...
[2026-05-09 23:50:06] [daily-review] 📅 今日记忆: 45行
[2026-05-09 23:50:06] [daily-review] 📅 今日记忆: 45行
[2026-05-09 23:50:06] [daily-review] ⚠️ MEMORY.md 今天未更新
[2026-05-09 23:50:06] [daily-review] ⚠️ MEMORY.md 今天未更新
[2026-05-09 23:50:06] [daily-review] ✅ 记忆同步更新完成
[2026-05-09 23:50:06] [daily-review] ✅ 记忆同步更新完成
[2026-05-09 23:50:06] [daily-review] 🔧 开始 Git 库整理...
[2026-05-09 23:50:06] [daily-review] 🔧 开始 Git 库整理...
[2026-05-09 23:50:06] [daily-review] ⚠️ 发现 6 个未跟踪文件
[2026-05-09 23:50:06] [daily-review] ⚠️ 发现 6 个未跟踪文件
[2026-05-09 23:50:06] [daily-review]   📄 drafts/office-yoga-5min-draft.html
[2026-05-09 23:50:06] [daily-review]   📄 drafts/office-yoga-5min-draft.html
[2026-05-09 23:50:06] [daily-review]   📄 drafts/office-yoga-complete-guide-draft.html
[2026-05-09 23:50:06] [daily-review]   📄 drafts/office-yoga-complete-guide-draft.html
[2026-05-09 23:50:06] [daily-review]   📄 drafts/yoga-stress-relief-draft.html
[2026-05-09 23:50:06] [daily-review]   📄 drafts/yoga-stress-relief-draft.html
[2026-05-09 23:50:06] [daily-review]   📄 skills/wechat-mp-publisher/scripts/publish-office-yoga-guide.js
[2026-05-09 23:50:06] [daily-review]   📄 skills/wechat-mp-publisher/scripts/publish-office-yoga-guide.js
[2026-05-09 23:50:06] [daily-review]   📄 templates/office-yoga-complete-guide.html
[2026-05-09 23:50:06] [daily-review]   📄 templates/office-yoga-complete-guide.html
[2026-05-09 23:50:06] [daily-review]   📄 templates/xiaohongshu-style-template.html
[2026-05-09 23:50:06] [daily-review]   📄 templates/xiaohongshu-style-template.html
[2026-05-09 23:50:06] [daily-review] ⚠️ 发现 57 个未暂存变更
[2026-05-09 23:50:06] [daily-review] ⚠️ 发现 57 个未暂存变更
[2026-05-09 23:50:06] [daily-review] 📊 最近 5 次提交:
[2026-05-09 23:50:06] [daily-review] 📊 最近 5 次提交:
[2026-05-09 23:50:06] [daily-review]   d7c0d350 docs(xiaomijiao): 午间回顾 - 2026-05-09
[2026-05-09 23:50:06] [daily-review]   d7c0d350 docs(xiaomijiao): 午间回顾 - 2026-05-09
[2026-05-09 23:50:06] [daily-review]   87f07f85 docs(xiaomijiao): 午间回顾 - 2026-05-09
[2026-05-09 23:50:06] [daily-review]   87f07f85 docs(xiaomijiao): 午间回顾 - 2026-05-09
[2026-05-09 23:50:06] [daily-review]   6ee029b9 docs(xiaomijiao): 每日回顾 - 2026-05-09
[2026-05-09 23:50:06] [daily-review]   6ee029b9 docs(xiaomijiao): 每日回顾 - 2026-05-09
[2026-05-09 23:50:06] [daily-review]   a82033fe feat: 公众号草稿脚本优化与瑜伽教程内容
[2026-05-09 23:50:06] [daily-review]   a82033fe feat: 公众号草稿脚本优化与瑜伽教程内容
[2026-05-09 23:50:06] [daily-review]   7d130972 docs(xiaomijiao): 午间回顾 - 2026-05-08
[2026-05-09 23:50:06] [daily-review]   7d130972 docs(xiaomijiao): 午间回顾 - 2026-05-08
[2026-05-09 23:50:06] [daily-review] ✅ Git 库整理完成
[2026-05-09 23:50:06] [daily-review] ✅ Git 库整理完成
[2026-05-09 23:50:06] [daily-review] 🔍 开始查漏补缺...
[2026-05-09 23:50:06] [daily-review] 🔍 开始查漏补缺...
[2026-05-09 23:50:06] [daily-review] 📋 待办事项: 8 项待处理
[2026-05-09 23:50:06] [daily-review] 📋 待办事项: 8 项待处理
[2026-05-09 23:50:06] [daily-review] 🔴 P0 任务: 6 项未完成
[2026-05-09 23:50:06] [daily-review] 🔴 P0 任务: 6 项未完成
[2026-05-09 23:50:06] [daily-review] ✅ 记忆文件更新正常
[2026-05-09 23:50:06] [daily-review] ✅ 记忆文件更新正常
[2026-05-09 23:50:06] [daily-review] ✅ 查漏补缺完成
[2026-05-09 23:50:06] [daily-review] ✅ 查漏补缺完成
[2026-05-09 23:50:06] [daily-review] ✅ Git 已提交
[2026-05-09 23:50:06] [daily-review] ✅ Git 已提交
[2026-05-09 23:50:06] [daily-review] ⚠️ 推送失败（网络？），下次重试
[2026-05-09 23:50:06] [daily-review] ⚠️ 推送失败（网络？），下次重试
[2026-05-09 23:50:06] [daily-review] 🔄 更新 QMD 向量索引...
[2026-05-09 23:50:06] [daily-review] 🔄 更新 QMD 向量索引...
[2026-05-09 23:50:06] [daily-review] ⚠️ qmd 未找到，跳过
[2026-05-09 23:50:06] [daily-review] ⚠️ qmd 未找到，跳过
[2026-05-09 23:50:06] [daily-review] ===== 每日运营回顾完成 =====
[2026-05-09 23:50:06] [daily-review] ===== 每日运营回顾完成 =====
[2026-05-10 12:00:01] [morning-review] ===== 午间运营回顾开始（12:00）=====
[2026-05-10 12:00:01] [morning-review] ===== 午间运营回顾开始（12:00）=====
[2026-05-10 12:00:01] [morning-review] 📝 创建今日记忆文件模板...
[2026-05-10 12:00:01] [morning-review] 📝 创建今日记忆文件模板...
[2026-05-10 12:00:01] [morning-review] ✅ 记忆模板已创建
[2026-05-10 12:00:01] [morning-review] ✅ 记忆模板已创建
[2026-05-10 12:00:01] [morning-review] 提取多通道聊天记录（2026-05-10）...
[2026-05-10 12:00:01] [morning-review] 提取多通道聊天记录（2026-05-10）...
[2026-05-10 12:00:03] [morning-review] - 消息数：90
[2026-05-10 12:00:03] [morning-review] - 消息数：90
[2026-05-10 12:00:03] [morning-review] [0;32m[SUCCESS][0m 对话记录已保存：/root/.openclaw/workspace/agents/xiaomijiao/memory/chat-2026-05-10.md
[2026-05-10 12:00:03] [morning-review] [0;32m[SUCCESS][0m 对话记录已保存：/root/.openclaw/workspace/agents/xiaomijiao/memory/chat-2026-05-10.md
[2026-05-10 12:00:03] [morning-review] 消息数： 90
[2026-05-10 12:00:03] [morning-review] 消息数： 90
[2026-05-10 12:00:03] [morning-review] [0;32m[SUCCESS][0m 多通道对话提取完成！🎉
[2026-05-10 12:00:03] [morning-review] [0;32m[SUCCESS][0m 多通道对话提取完成！🎉
[2026-05-10 12:00:03] [morning-review] 📊 变更统计: intel/1 memory/0 config/2
[2026-05-10 12:00:03] [morning-review] 📊 变更统计: intel/1 memory/0 config/2
[2026-05-10 12:00:03] [morning-review]   📄 "intel/347203255347202271351200211351242230.md"
[2026-05-10 12:00:03] [morning-review]   📄 "intel/347203255347202271351200211351242230.md"
[2026-05-10 12:00:03] [morning-review]   📄 logs/git.log
[2026-05-10 12:00:03] [morning-review]   📄 logs/git.log
[2026-05-10 12:00:03] [morning-review]   📄 logs/hotspot.log
[2026-05-10 12:00:03] [morning-review]   📄 logs/hotspot.log
[2026-05-10 12:00:03] [morning-review]   📄 logs/xiaomijiao-cron.log
[2026-05-10 12:00:03] [morning-review]   📄 logs/xiaomijiao-cron.log
[2026-05-10 12:00:03] [morning-review]   📄 skills/self-improving/heartbeat-state.md
[2026-05-10 12:00:03] [morning-review]   📄 skills/self-improving/heartbeat-state.md
[2026-05-10 12:00:03] [morning-review] 📋 待办进度: ✅6 完成 / ⏳8 待做
[2026-05-10 12:00:03] [morning-review] 📋 待办进度: ✅6 完成 / ⏳8 待做
[2026-05-10 12:00:03] [morning-review] 📚 开始知识库结构化整理...
[2026-05-10 12:00:03] [morning-review] 📚 开始知识库结构化整理...
[2026-05-10 12:00:03] [morning-review] 📊 intel/ 目录文件数: 108
[2026-05-10 12:00:03] [morning-review] 📊 intel/ 目录文件数: 108
[2026-05-10 12:00:04] [morning-review] ✅ 所有文件更新正常
[2026-05-10 12:00:04] [morning-review] ✅ 所有文件更新正常
[2026-05-10 12:00:04] [morning-review] ✅ 无重复文件
[2026-05-10 12:00:04] [morning-review] ✅ 无重复文件
[2026-05-10 12:00:04] [morning-review] ✅ 知识库结构化整理完成
[2026-05-10 12:00:04] [morning-review] ✅ 知识库结构化整理完成
[2026-05-10 12:00:04] [morning-review] 📋 开始索引同步更新...
[2026-05-10 12:00:04] [morning-review] 📋 开始索引同步更新...
[2026-05-10 12:00:04] [morning-review] 📊 文件统计: intel/108 memory/56 logs/10 total/174
[2026-05-10 12:00:04] [morning-review] 📊 文件统计: intel/108 memory/56 logs/10 total/174
[2026-05-10 12:00:04] [morning-review] ✅ 索引文件已更新
[2026-05-10 12:00:04] [morning-review] ✅ 索引文件已更新
[2026-05-10 12:00:04] [morning-review] ✅ 索引同步更新完成
[2026-05-10 12:00:04] [morning-review] ✅ 索引同步更新完成
[2026-05-10 12:00:04] [morning-review] ✅ Git 已提交
[2026-05-10 12:00:04] [morning-review] ✅ Git 已提交
[2026-05-10 12:00:04] [morning-review] ⚠️ 推送失败（网络？），下次重试
[2026-05-10 12:00:04] [morning-review] ⚠️ 推送失败（网络？），下次重试
[2026-05-10 12:00:04] [morning-review] 🔄 更新 QMD 向量索引...
[2026-05-10 12:00:04] [morning-review] 🔄 更新 QMD 向量索引...
[2026-05-10 12:00:04] [morning-review] ⚠️ qmd 未找到，跳过
[2026-05-10 12:00:04] [morning-review] ⚠️ qmd 未找到，跳过
[2026-05-10 12:00:04] [morning-review] ===== 午间运营回顾完成 =====
[2026-05-10 12:00:04] [morning-review] ===== 午间运营回顾完成 =====
[2026-05-10 23:50:01] [daily-review] ===== 每日运营回顾开始（23:50）=====
[2026-05-10 23:50:01] [daily-review] ===== 每日运营回顾开始（23:50）=====
[2026-05-10 23:50:01] [daily-review] 📅 今日记忆文件: 43行
[2026-05-10 23:50:01] [daily-review] 📅 今日记忆文件: 43行
[2026-05-10 23:50:01] [daily-review] 提取多通道聊天记录（2026-05-10）...
[2026-05-10 23:50:01] [daily-review] 提取多通道聊天记录（2026-05-10）...
[2026-05-10 23:50:04] [daily-review] - 消息数：176
[2026-05-10 23:50:04] [daily-review] - 消息数：176
[2026-05-10 23:50:04] [daily-review] [0;32m[SUCCESS][0m 对话记录已保存：/root/.openclaw/workspace/agents/xiaomijiao/memory/chat-2026-05-10.md
[2026-05-10 23:50:04] [daily-review] [0;32m[SUCCESS][0m 对话记录已保存：/root/.openclaw/workspace/agents/xiaomijiao/memory/chat-2026-05-10.md
[2026-05-10 23:50:04] [daily-review] 消息数： 176
[2026-05-10 23:50:04] [daily-review] 消息数： 176
[2026-05-10 23:50:04] [daily-review] [0;32m[SUCCESS][0m 多通道对话提取完成！🎉
[2026-05-10 23:50:04] [daily-review] [0;32m[SUCCESS][0m 多通道对话提取完成！🎉
[2026-05-10 23:50:04] [daily-review] 📊 变更统计: intel/2 memory/0 config/4
[2026-05-10 23:50:04] [daily-review] 📊 变更统计: intel/2 memory/0 config/4
[2026-05-10 23:50:04] [daily-review]   📄 agents/xiaomijiao/memory/chat-2026-05-10.md
[2026-05-10 23:50:04] [daily-review]   📄 agents/xiaomijiao/memory/chat-2026-05-10.md
[2026-05-10 23:50:04] [daily-review]   📄 "intel/346225260346215256345244215347233230.md"
[2026-05-10 23:50:04] [daily-review]   📄 "intel/346225260346215256345244215347233230.md"
[2026-05-10 23:50:04] [daily-review]   📄 "intel/346257217345221250350277220350220245350247204345210222.md"
[2026-05-10 23:50:04] [daily-review]   📄 "intel/346257217345221250350277220350220245350247204345210222.md"
[2026-05-10 23:50:04] [daily-review]   📄 logs/git.log
[2026-05-10 23:50:04] [daily-review]   📄 logs/git.log
[2026-05-10 23:50:04] [daily-review]   📄 logs/xiaomijiao-cron.log
[2026-05-10 23:50:04] [daily-review]   📄 logs/xiaomijiao-cron.log
[2026-05-10 23:50:04] [daily-review]   📄 skills/self-improving/heartbeat-state.md
[2026-05-10 23:50:04] [daily-review]   📄 skills/self-improving/heartbeat-state.md
[2026-05-10 23:50:04] [daily-review] 📋 待办进度: ✅6 完成 / ⏳8 待做
[2026-05-10 23:50:04] [daily-review] 📋 待办进度: ✅6 完成 / ⏳8 待做
[2026-05-10 23:50:04] [daily-review] 📚 开始知识库结构化整理...
[2026-05-10 23:50:04] [daily-review] 📚 开始知识库结构化整理...
[2026-05-10 23:50:04] [daily-review] 📊 intel/ 目录文件数: 108
[2026-05-10 23:50:04] [daily-review] 📊 intel/ 目录文件数: 108
[2026-05-10 23:50:04] [daily-review] ✅ 所有文件更新正常
[2026-05-10 23:50:04] [daily-review] ✅ 所有文件更新正常
[2026-05-10 23:50:04] [daily-review] ✅ 无重复文件
[2026-05-10 23:50:04] [daily-review] ✅ 无重复文件
[2026-05-10 23:50:04] [daily-review] ✅ 知识库结构化整理完成
[2026-05-10 23:50:04] [daily-review] ✅ 知识库结构化整理完成
[2026-05-10 23:50:04] [daily-review] 📋 开始索引同步更新...
[2026-05-10 23:50:04] [daily-review] 📋 开始索引同步更新...
[2026-05-10 23:50:04] [daily-review] 📊 文件统计: intel/108 memory/56 logs/12 total/176
[2026-05-10 23:50:04] [daily-review] 📊 文件统计: intel/108 memory/56 logs/12 total/176
[2026-05-10 23:50:04] [daily-review] ✅ 索引文件已更新
[2026-05-10 23:50:04] [daily-review] ✅ 索引文件已更新
[2026-05-10 23:50:04] [daily-review] ✅ 索引同步更新完成
[2026-05-10 23:50:04] [daily-review] ✅ 索引同步更新完成
[2026-05-10 23:50:04] [daily-review] 🧠 开始记忆同步更新...
[2026-05-10 23:50:04] [daily-review] 🧠 开始记忆同步更新...
[2026-05-10 23:50:04] [daily-review] 📅 今日记忆: 43行
[2026-05-10 23:50:04] [daily-review] 📅 今日记忆: 43行
[2026-05-10 23:50:04] [daily-review] ⚠️ MEMORY.md 今天未更新
[2026-05-10 23:50:04] [daily-review] ⚠️ MEMORY.md 今天未更新
[2026-05-10 23:50:04] [daily-review] ✅ 记忆同步更新完成
[2026-05-10 23:50:04] [daily-review] ✅ 记忆同步更新完成
[2026-05-10 23:50:04] [daily-review] 🔧 开始 Git 库整理...
[2026-05-10 23:50:04] [daily-review] 🔧 开始 Git 库整理...
[2026-05-10 23:50:04] [daily-review] ⚠️ 发现 3 个未跟踪文件
[2026-05-10 23:50:04] [daily-review] ⚠️ 发现 3 个未跟踪文件
[2026-05-10 23:50:04] [daily-review]   📄 logs/oil-gold-manual.log
[2026-05-10 23:50:04] [daily-review]   📄 logs/oil-gold-manual.log
[2026-05-10 23:50:04] [daily-review]   📄 logs/weekly.log
[2026-05-10 23:50:04] [daily-review]   📄 logs/weekly.log
[2026-05-10 23:50:04] [daily-review]   📄 scripts/oil-gold-cron.sh
[2026-05-10 23:50:04] [daily-review]   📄 scripts/oil-gold-cron.sh
[2026-05-10 23:50:04] [daily-review] ⚠️ 发现 6 个未暂存变更
[2026-05-10 23:50:04] [daily-review] ⚠️ 发现 6 个未暂存变更
[2026-05-10 23:50:04] [daily-review] 📊 最近 5 次提交:
[2026-05-10 23:50:04] [daily-review] 📊 最近 5 次提交:
[2026-05-10 23:50:04] [daily-review]   c94c15e1 docs(xiaomijiao): 午间回顾 - 2026-05-10
[2026-05-10 23:50:04] [daily-review]   c94c15e1 docs(xiaomijiao): 午间回顾 - 2026-05-10
[2026-05-10 23:50:04] [daily-review]   b010f76f docs(xiaomijiao): 每日回顾 - 2026-05-09
[2026-05-10 23:50:04] [daily-review]   b010f76f docs(xiaomijiao): 每日回顾 - 2026-05-09
[2026-05-10 23:50:04] [daily-review]   d7c0d350 docs(xiaomijiao): 午间回顾 - 2026-05-09
[2026-05-10 23:50:04] [daily-review]   d7c0d350 docs(xiaomijiao): 午间回顾 - 2026-05-09
[2026-05-10 23:50:04] [daily-review]   87f07f85 docs(xiaomijiao): 午间回顾 - 2026-05-09
[2026-05-10 23:50:04] [daily-review]   87f07f85 docs(xiaomijiao): 午间回顾 - 2026-05-09
[2026-05-10 23:50:04] [daily-review]   6ee029b9 docs(xiaomijiao): 每日回顾 - 2026-05-09
[2026-05-10 23:50:04] [daily-review]   6ee029b9 docs(xiaomijiao): 每日回顾 - 2026-05-09
[2026-05-10 23:50:04] [daily-review] ✅ Git 库整理完成
[2026-05-10 23:50:04] [daily-review] ✅ Git 库整理完成
[2026-05-10 23:50:04] [daily-review] 🔍 开始查漏补缺...
[2026-05-10 23:50:04] [daily-review] 🔍 开始查漏补缺...
[2026-05-10 23:50:04] [daily-review] 📋 待办事项: 8 项待处理
[2026-05-10 23:50:04] [daily-review] 📋 待办事项: 8 项待处理
[2026-05-10 23:50:04] [daily-review] 🔴 P0 任务: 6 项未完成
[2026-05-10 23:50:04] [daily-review] 🔴 P0 任务: 6 项未完成
[2026-05-10 23:50:04] [daily-review] ✅ 记忆文件更新正常
[2026-05-10 23:50:04] [daily-review] ✅ 记忆文件更新正常
[2026-05-10 23:50:04] [daily-review] ✅ 查漏补缺完成
[2026-05-10 23:50:04] [daily-review] ✅ 查漏补缺完成
[2026-05-10 23:50:05] [daily-review] ✅ Git 已提交
[2026-05-10 23:50:05] [daily-review] ✅ Git 已提交
[2026-05-10 23:50:05] [daily-review] ⚠️ 推送失败（网络？），下次重试
[2026-05-10 23:50:05] [daily-review] ⚠️ 推送失败（网络？），下次重试
[2026-05-10 23:50:05] [daily-review] 🔄 更新 QMD 向量索引...
[2026-05-10 23:50:05] [daily-review] 🔄 更新 QMD 向量索引...
[2026-05-10 23:50:05] [daily-review] ⚠️ qmd 未找到，跳过
[2026-05-10 23:50:05] [daily-review] ⚠️ qmd 未找到，跳过
[2026-05-10 23:50:05] [daily-review] ===== 每日运营回顾完成 =====
[2026-05-10 23:50:05] [daily-review] ===== 每日运营回顾完成 =====
[2026-05-11 12:00:01] [morning-review] ===== 午间运营回顾开始（12:00）=====
[2026-05-11 12:00:01] [morning-review] ===== 午间运营回顾开始（12:00）=====
[2026-05-11 12:00:01] [morning-review] 📝 创建今日记忆文件模板...
[2026-05-11 12:00:01] [morning-review] 📝 创建今日记忆文件模板...
[2026-05-11 12:00:01] [morning-review] ✅ 记忆模板已创建
[2026-05-11 12:00:01] [morning-review] ✅ 记忆模板已创建
[2026-05-11 12:00:01] [morning-review] 提取多通道聊天记录（2026-05-11）...
[2026-05-11 12:00:01] [morning-review] 提取多通道聊天记录（2026-05-11）...
[2026-05-11 12:00:03] [morning-review] - 消息数：48
[2026-05-11 12:00:03] [morning-review] - 消息数：48
[2026-05-11 12:00:03] [morning-review] [0;32m[SUCCESS][0m 对话记录已保存：/root/.openclaw/workspace/agents/xiaomijiao/memory/chat-2026-05-11.md
[2026-05-11 12:00:03] [morning-review] [0;32m[SUCCESS][0m 对话记录已保存：/root/.openclaw/workspace/agents/xiaomijiao/memory/chat-2026-05-11.md
[2026-05-11 12:00:03] [morning-review] 消息数： 48
[2026-05-11 12:00:03] [morning-review] 消息数： 48
[2026-05-11 12:00:03] [morning-review] [0;32m[SUCCESS][0m 多通道对话提取完成！🎉
[2026-05-11 12:00:03] [morning-review] [0;32m[SUCCESS][0m 多通道对话提取完成！🎉
[2026-05-11 12:00:04] [morning-review] 📊 变更统计: intel/2 memory/0 config/3
[2026-05-11 12:00:04] [morning-review] 📊 变更统计: intel/2 memory/0 config/3
[2026-05-11 12:00:04] [morning-review]   📄 "intel/345271263345217260350247204345210231346233264346226260.md"
[2026-05-11 12:00:04] [morning-review]   📄 "intel/345271263345217260350247204345210231346233264346226260.md"
[2026-05-11 12:00:04] [morning-review]   📄 "intel/347203255347202271351200211351242230.md"
[2026-05-11 12:00:04] [morning-review]   📄 "intel/347203255347202271351200211351242230.md"
[2026-05-11 12:00:04] [morning-review]   📄 logs/git.log
[2026-05-11 12:00:04] [morning-review]   📄 logs/git.log
[2026-05-11 12:00:04] [morning-review]   📄 logs/hotspot.log
[2026-05-11 12:00:04] [morning-review]   📄 logs/hotspot.log
[2026-05-11 12:00:04] [morning-review]   📄 logs/oil-gold-manual.log
[2026-05-11 12:00:04] [morning-review]   📄 logs/oil-gold-manual.log
[2026-05-11 12:00:04] [morning-review]   📄 logs/xiaomijiao-cron.log
[2026-05-11 12:00:04] [morning-review]   📄 logs/xiaomijiao-cron.log
[2026-05-11 12:00:04] [morning-review]   📄 skills/self-improving/heartbeat-state.md
[2026-05-11 12:00:04] [morning-review]   📄 skills/self-improving/heartbeat-state.md
[2026-05-11 12:00:04] [morning-review] 📋 待办进度: ✅6 完成 / ⏳8 待做
[2026-05-11 12:00:04] [morning-review] 📋 待办进度: ✅6 完成 / ⏳8 待做
[2026-05-11 12:00:04] [morning-review] 📚 开始知识库结构化整理...
[2026-05-11 12:00:04] [morning-review] 📚 开始知识库结构化整理...
[2026-05-11 12:00:04] [morning-review] 📊 intel/ 目录文件数: 108
[2026-05-11 12:00:04] [morning-review] 📊 intel/ 目录文件数: 108
[2026-05-11 12:00:04] [morning-review] ✅ 所有文件更新正常
[2026-05-11 12:00:04] [morning-review] ✅ 所有文件更新正常
[2026-05-11 12:00:04] [morning-review] ✅ 无重复文件
[2026-05-11 12:00:04] [morning-review] ✅ 无重复文件
[2026-05-11 12:00:04] [morning-review] ✅ 知识库结构化整理完成
[2026-05-11 12:00:04] [morning-review] ✅ 知识库结构化整理完成
[2026-05-11 12:00:04] [morning-review] 📋 开始索引同步更新...
[2026-05-11 12:00:04] [morning-review] 📋 开始索引同步更新...
[2026-05-11 12:00:04] [morning-review] 📊 文件统计: intel/108 memory/57 logs/13 total/178
[2026-05-11 12:00:04] [morning-review] 📊 文件统计: intel/108 memory/57 logs/13 total/178
[2026-05-11 12:00:04] [morning-review] ✅ 索引文件已更新
[2026-05-11 12:00:04] [morning-review] ✅ 索引文件已更新
[2026-05-11 12:00:04] [morning-review] ✅ 索引同步更新完成
[2026-05-11 12:00:04] [morning-review] ✅ 索引同步更新完成
[2026-05-11 12:00:04] [morning-review] ✅ Git 已提交
[2026-05-11 12:00:04] [morning-review] ✅ Git 已提交
[2026-05-11 12:00:04] [morning-review] ⚠️ 推送失败（网络？），下次重试
[2026-05-11 12:00:04] [morning-review] ⚠️ 推送失败（网络？），下次重试
[2026-05-11 12:00:04] [morning-review] 🔄 更新 QMD 向量索引...
[2026-05-11 12:00:04] [morning-review] 🔄 更新 QMD 向量索引...
[2026-05-11 12:00:04] [morning-review] ⚠️ qmd 未找到，跳过
[2026-05-11 12:00:04] [morning-review] ⚠️ qmd 未找到，跳过
[2026-05-11 12:00:04] [morning-review] ===== 午间运营回顾完成 =====
[2026-05-11 12:00:04] [morning-review] ===== 午间运营回顾完成 =====
[2026-05-11 23:50:01] [daily-review] ===== 每日运营回顾开始（23:50）=====
[2026-05-11 23:50:01] [daily-review] ===== 每日运营回顾开始（23:50）=====
[2026-05-11 23:50:01] [daily-review] 📅 今日记忆文件: 61行
[2026-05-11 23:50:01] [daily-review] 📅 今日记忆文件: 61行
[2026-05-11 23:50:01] [daily-review] 提取多通道聊天记录（2026-05-11）...
[2026-05-11 23:50:01] [daily-review] 提取多通道聊天记录（2026-05-11）...
[2026-05-11 23:50:04] [daily-review] - 消息数：143
[2026-05-11 23:50:04] [daily-review] - 消息数：143
[2026-05-11 23:50:04] [daily-review] [0;32m[SUCCESS][0m 对话记录已保存：/root/.openclaw/workspace/agents/xiaomijiao/memory/chat-2026-05-11.md
[2026-05-11 23:50:04] [daily-review] [0;32m[SUCCESS][0m 对话记录已保存：/root/.openclaw/workspace/agents/xiaomijiao/memory/chat-2026-05-11.md
[2026-05-11 23:50:04] [daily-review] 消息数： 143
[2026-05-11 23:50:04] [daily-review] 消息数： 143
[2026-05-11 23:50:04] [daily-review] [0;32m[SUCCESS][0m 多通道对话提取完成！🎉
[2026-05-11 23:50:04] [daily-review] [0;32m[SUCCESS][0m 多通道对话提取完成！🎉
[2026-05-11 23:50:04] [daily-review] 📊 变更统计: intel/1 memory/0 config/3
[2026-05-11 23:50:04] [daily-review] 📊 变更统计: intel/1 memory/0 config/3
[2026-05-11 23:50:04] [daily-review]   📄 agents/xiaomijiao/memory/chat-2026-05-11.md
[2026-05-11 23:50:04] [daily-review]   📄 agents/xiaomijiao/memory/chat-2026-05-11.md
[2026-05-11 23:50:04] [daily-review]   📄 "intel/346225260346215256345244215347233230.md"
[2026-05-11 23:50:04] [daily-review]   📄 "intel/346225260346215256345244215347233230.md"
[2026-05-11 23:50:04] [daily-review]   📄 logs/oil-gold-manual.log
[2026-05-11 23:50:04] [daily-review]   📄 logs/oil-gold-manual.log
[2026-05-11 23:50:04] [daily-review]   📄 logs/xiaomijiao-cron.log
[2026-05-11 23:50:04] [daily-review]   📄 logs/xiaomijiao-cron.log
[2026-05-11 23:50:04] [daily-review]   📄 skills/self-improving/heartbeat-state.md
[2026-05-11 23:50:04] [daily-review]   📄 skills/self-improving/heartbeat-state.md
[2026-05-11 23:50:04] [daily-review] 📋 待办进度: ✅6 完成 / ⏳8 待做
[2026-05-11 23:50:04] [daily-review] 📋 待办进度: ✅6 完成 / ⏳8 待做
[2026-05-11 23:50:04] [daily-review] 📚 开始知识库结构化整理...
[2026-05-11 23:50:04] [daily-review] 📚 开始知识库结构化整理...
[2026-05-11 23:50:04] [daily-review] 📊 intel/ 目录文件数: 108
[2026-05-11 23:50:04] [daily-review] 📊 intel/ 目录文件数: 108
[2026-05-11 23:50:04] [daily-review] ✅ 所有文件更新正常
[2026-05-11 23:50:04] [daily-review] ✅ 所有文件更新正常
[2026-05-11 23:50:04] [daily-review] ✅ 无重复文件
[2026-05-11 23:50:04] [daily-review] ✅ 无重复文件
[2026-05-11 23:50:04] [daily-review] ✅ 知识库结构化整理完成
[2026-05-11 23:50:04] [daily-review] ✅ 知识库结构化整理完成
[2026-05-11 23:50:04] [daily-review] 📋 开始索引同步更新...
[2026-05-11 23:50:04] [daily-review] 📋 开始索引同步更新...
[2026-05-11 23:50:04] [daily-review] 📊 文件统计: intel/108 memory/57 logs/13 total/178
[2026-05-11 23:50:04] [daily-review] 📊 文件统计: intel/108 memory/57 logs/13 total/178
[2026-05-11 23:50:04] [daily-review] ✅ 索引文件已更新
[2026-05-11 23:50:04] [daily-review] ✅ 索引文件已更新
[2026-05-11 23:50:04] [daily-review] ✅ 索引同步更新完成
[2026-05-11 23:50:04] [daily-review] ✅ 索引同步更新完成
[2026-05-11 23:50:04] [daily-review] 🧠 开始记忆同步更新...
[2026-05-11 23:50:04] [daily-review] 🧠 开始记忆同步更新...
[2026-05-11 23:50:04] [daily-review] 📅 今日记忆: 61行
[2026-05-11 23:50:04] [daily-review] 📅 今日记忆: 61行
[2026-05-11 23:50:04] [daily-review] ✅ MEMORY.md 今天已更新
[2026-05-11 23:50:04] [daily-review] ✅ MEMORY.md 今天已更新
[2026-05-11 23:50:04] [daily-review] ✅ 记忆同步更新完成
[2026-05-11 23:50:04] [daily-review] ✅ 记忆同步更新完成
[2026-05-11 23:50:04] [daily-review] 🔧 开始 Git 库整理...
[2026-05-11 23:50:04] [daily-review] 🔧 开始 Git 库整理...
[2026-05-11 23:50:04] [daily-review] ✅ 无未跟踪文件
[2026-05-11 23:50:04] [daily-review] ✅ 无未跟踪文件
[2026-05-11 23:50:04] [daily-review] ⚠️ 发现 5 个未暂存变更
[2026-05-11 23:50:04] [daily-review] ⚠️ 发现 5 个未暂存变更
[2026-05-11 23:50:04] [daily-review] 📊 最近 5 次提交:
[2026-05-11 23:50:04] [daily-review] 📊 最近 5 次提交:
[2026-05-11 23:50:04] [daily-review]   e443dedb 🧠 记忆系统更新 | MEMORY.md v3.77 | Day 48状态更新 | 知识库108文件
[2026-05-11 23:50:04] [daily-review]   e443dedb 🧠 记忆系统更新 | MEMORY.md v3.77 | Day 48状态更新 | 知识库108文件
[2026-05-11 23:50:04] [daily-review]   efd29729 📚 知识库结构化整理 | v5.2 | 更新索引+108文件统计 | Day 48
[2026-05-11 23:50:04] [daily-review]   efd29729 📚 知识库结构化整理 | v5.2 | 更新索引+108文件统计 | Day 48
[2026-05-11 23:50:04] [daily-review]   4a624d50 docs(xiaomijiao): 午间回顾 - 2026-05-11
[2026-05-11 23:50:04] [daily-review]   4a624d50 docs(xiaomijiao): 午间回顾 - 2026-05-11
[2026-05-11 23:50:04] [daily-review]   b1930ec1 docs(xiaomijiao): 每日回顾 - 2026-05-10
[2026-05-11 23:50:04] [daily-review]   b1930ec1 docs(xiaomijiao): 每日回顾 - 2026-05-10
[2026-05-11 23:50:04] [daily-review]   c94c15e1 docs(xiaomijiao): 午间回顾 - 2026-05-10
[2026-05-11 23:50:04] [daily-review]   c94c15e1 docs(xiaomijiao): 午间回顾 - 2026-05-10
[2026-05-11 23:50:04] [daily-review] ✅ Git 库整理完成
[2026-05-11 23:50:04] [daily-review] ✅ Git 库整理完成
[2026-05-11 23:50:04] [daily-review] 🔍 开始查漏补缺...
[2026-05-11 23:50:04] [daily-review] 🔍 开始查漏补缺...
[2026-05-11 23:50:04] [daily-review] 📋 待办事项: 8 项待处理
[2026-05-11 23:50:04] [daily-review] 📋 待办事项: 8 项待处理
[2026-05-11 23:50:04] [daily-review] 🔴 P0 任务: 6 项未完成
[2026-05-11 23:50:04] [daily-review] 🔴 P0 任务: 6 项未完成
[2026-05-11 23:50:04] [daily-review] ✅ 记忆文件更新正常
[2026-05-11 23:50:04] [daily-review] ✅ 记忆文件更新正常
[2026-05-11 23:50:04] [daily-review] ✅ 查漏补缺完成
[2026-05-11 23:50:04] [daily-review] ✅ 查漏补缺完成
[2026-05-11 23:50:04] [daily-review] ✅ Git 已提交
[2026-05-11 23:50:04] [daily-review] ✅ Git 已提交
[2026-05-11 23:50:04] [daily-review] ⚠️ 推送失败（网络？），下次重试
[2026-05-11 23:50:04] [daily-review] ⚠️ 推送失败（网络？），下次重试
[2026-05-11 23:50:04] [daily-review] 🔄 更新 QMD 向量索引...
[2026-05-11 23:50:04] [daily-review] 🔄 更新 QMD 向量索引...
[2026-05-11 23:50:04] [daily-review] ⚠️ qmd 未找到，跳过
[2026-05-11 23:50:04] [daily-review] ⚠️ qmd 未找到，跳过
[2026-05-11 23:50:04] [daily-review] ===== 每日运营回顾完成 =====
[2026-05-11 23:50:04] [daily-review] ===== 每日运营回顾完成 =====
[2026-05-12 12:00:01] [morning-review] ===== 午间运营回顾开始（12:00）=====
[2026-05-12 12:00:01] [morning-review] ===== 午间运营回顾开始（12:00）=====
[2026-05-12 12:00:01] [morning-review] 📝 创建今日记忆文件模板...
[2026-05-12 12:00:01] [morning-review] 📝 创建今日记忆文件模板...
[2026-05-12 12:00:01] [morning-review] ✅ 记忆模板已创建
[2026-05-12 12:00:01] [morning-review] ✅ 记忆模板已创建
[2026-05-12 12:00:01] [morning-review] 提取多通道聊天记录（2026-05-12）...
[2026-05-12 12:00:01] [morning-review] 提取多通道聊天记录（2026-05-12）...
[2026-05-12 12:00:04] [morning-review] - 消息数：49
[2026-05-12 12:00:04] [morning-review] - 消息数：49
[2026-05-12 12:00:04] [morning-review] [0;32m[SUCCESS][0m 对话记录已保存：/root/.openclaw/workspace/agents/xiaomijiao/memory/chat-2026-05-12.md
[2026-05-12 12:00:04] [morning-review] [0;32m[SUCCESS][0m 对话记录已保存：/root/.openclaw/workspace/agents/xiaomijiao/memory/chat-2026-05-12.md
[2026-05-12 12:00:04] [morning-review] 消息数： 49
[2026-05-12 12:00:04] [morning-review] 消息数： 49
[2026-05-12 12:00:04] [morning-review] [0;32m[SUCCESS][0m 多通道对话提取完成！🎉
[2026-05-12 12:00:04] [morning-review] [0;32m[SUCCESS][0m 多通道对话提取完成！🎉
[2026-05-12 12:00:04] [morning-review] 📊 变更统计: intel/1 memory/0 config/2
[2026-05-12 12:00:04] [morning-review] 📊 变更统计: intel/1 memory/0 config/2
[2026-05-12 12:00:04] [morning-review]   📄 "intel/347203255347202271351200211351242230.md"
[2026-05-12 12:00:04] [morning-review]   📄 "intel/347203255347202271351200211351242230.md"
[2026-05-12 12:00:04] [morning-review]   📄 logs/git.log
[2026-05-12 12:00:04] [morning-review]   📄 logs/git.log
[2026-05-12 12:00:04] [morning-review]   📄 logs/hotspot.log
[2026-05-12 12:00:04] [morning-review]   📄 logs/hotspot.log
[2026-05-12 12:00:04] [morning-review]   📄 logs/oil-gold-manual.log
[2026-05-12 12:00:04] [morning-review]   📄 logs/oil-gold-manual.log
[2026-05-12 12:00:04] [morning-review]   📄 logs/xiaomijiao-cron.log
[2026-05-12 12:00:04] [morning-review]   📄 logs/xiaomijiao-cron.log
[2026-05-12 12:00:04] [morning-review]   📄 skills/self-improving/heartbeat-state.md
[2026-05-12 12:00:04] [morning-review]   📄 skills/self-improving/heartbeat-state.md
[2026-05-12 12:00:04] [morning-review] 📋 待办进度: ✅6 完成 / ⏳8 待做
[2026-05-12 12:00:04] [morning-review] 📋 待办进度: ✅6 完成 / ⏳8 待做
[2026-05-12 12:00:04] [morning-review] 📚 开始知识库结构化整理...
[2026-05-12 12:00:04] [morning-review] 📚 开始知识库结构化整理...
[2026-05-12 12:00:04] [morning-review] 📊 intel/ 目录文件数: 108
[2026-05-12 12:00:04] [morning-review] 📊 intel/ 目录文件数: 108
[2026-05-12 12:00:04] [morning-review] ✅ 所有文件更新正常
[2026-05-12 12:00:04] [morning-review] ✅ 所有文件更新正常
[2026-05-12 12:00:04] [morning-review] ✅ 无重复文件
[2026-05-12 12:00:04] [morning-review] ✅ 无重复文件
[2026-05-12 12:00:04] [morning-review] ✅ 知识库结构化整理完成
[2026-05-12 12:00:04] [morning-review] ✅ 知识库结构化整理完成
[2026-05-12 12:00:04] [morning-review] 📋 开始索引同步更新...
[2026-05-12 12:00:04] [morning-review] 📋 开始索引同步更新...
[2026-05-12 12:00:04] [morning-review] 📊 文件统计: intel/108 memory/58 logs/13 total/179
[2026-05-12 12:00:04] [morning-review] 📊 文件统计: intel/108 memory/58 logs/13 total/179
[2026-05-12 12:00:04] [morning-review] ✅ 索引文件已更新
[2026-05-12 12:00:04] [morning-review] ✅ 索引文件已更新
[2026-05-12 12:00:04] [morning-review] ✅ 索引同步更新完成
[2026-05-12 12:00:04] [morning-review] ✅ 索引同步更新完成
[2026-05-12 12:00:04] [morning-review] ✅ Git 已提交
[2026-05-12 12:00:04] [morning-review] ✅ Git 已提交
[2026-05-12 12:00:04] [morning-review] ⚠️ 推送失败（网络？），下次重试
[2026-05-12 12:00:04] [morning-review] ⚠️ 推送失败（网络？），下次重试
[2026-05-12 12:00:04] [morning-review] 🔄 更新 QMD 向量索引...
[2026-05-12 12:00:04] [morning-review] 🔄 更新 QMD 向量索引...
[2026-05-12 12:00:04] [morning-review] ⚠️ qmd 未找到，跳过
[2026-05-12 12:00:04] [morning-review] ⚠️ qmd 未找到，跳过
[2026-05-12 12:00:04] [morning-review] ===== 午间运营回顾完成 =====
[2026-05-12 12:00:04] [morning-review] ===== 午间运营回顾完成 =====
[2026-05-12 23:50:01] [daily-review] ===== 每日运营回顾开始（23:50）=====
[2026-05-12 23:50:01] [daily-review] ===== 每日运营回顾开始（23:50）=====
[2026-05-12 23:50:01] [daily-review] 📅 今日记忆文件: 43行
[2026-05-12 23:50:01] [daily-review] 📅 今日记忆文件: 43行
[2026-05-12 23:50:01] [daily-review] 提取多通道聊天记录（2026-05-12）...
[2026-05-12 23:50:01] [daily-review] 提取多通道聊天记录（2026-05-12）...
[2026-05-12 23:50:03] [daily-review] - 消息数：98
[2026-05-12 23:50:03] [daily-review] - 消息数：98
[2026-05-12 23:50:03] [daily-review] [0;32m[SUCCESS][0m 对话记录已保存：/root/.openclaw/workspace/agents/xiaomijiao/memory/chat-2026-05-12.md
[2026-05-12 23:50:03] [daily-review] [0;32m[SUCCESS][0m 对话记录已保存：/root/.openclaw/workspace/agents/xiaomijiao/memory/chat-2026-05-12.md
[2026-05-12 23:50:03] [daily-review] 消息数： 98
[2026-05-12 23:50:03] [daily-review] 消息数： 98
[2026-05-12 23:50:03] [daily-review] [0;32m[SUCCESS][0m 多通道对话提取完成！🎉
[2026-05-12 23:50:03] [daily-review] [0;32m[SUCCESS][0m 多通道对话提取完成！🎉
[2026-05-12 23:50:03] [daily-review] 📊 变更统计: intel/4 memory/0 config/7
[2026-05-12 23:50:03] [daily-review] 📊 变更统计: intel/4 memory/0 config/7
[2026-05-12 23:50:03] [daily-review]   📄 agents/xiaomijiao/memory/chat-2026-05-12.md
[2026-05-12 23:50:03] [daily-review]   📄 agents/xiaomijiao/memory/chat-2026-05-12.md
[2026-05-12 23:50:03] [daily-review]   📄 "intel/archive/347237263346262271351273204351207221346212245345221212346250241346235277344274230345214226346226271346241210.txt"
[2026-05-12 23:50:03] [daily-review]   📄 "intel/archive/347237263346262271351273204351207221346212245345221212346250241346235277344274230345214226346226271346241210.txt"
[2026-05-12 23:50:03] [daily-review]   📄 "intel/archive/347237263346262271351273204351207221347233270345205263346200247345210206346236220346212200350203275346226271346241210.txt"
[2026-05-12 23:50:03] [daily-review]   📄 "intel/archive/347237263346262271351273204351207221347233270345205263346200247345210206346236220346212200350203275346226271346241210.txt"
[2026-05-12 23:50:03] [daily-review]   📄 "intel/346225260346215256345244215347233230.md"
[2026-05-12 23:50:03] [daily-review]   📄 "intel/346225260346215256345244215347233230.md"
[2026-05-12 23:50:03] [daily-review]   📄 "intel/347237263346262271351273204351207221347233270345205263346200247345210206346236220346212200350203275346226271346241210.md"
[2026-05-12 23:50:03] [daily-review]   📄 "intel/347237263346262271351273204351207221347233270345205263346200247345210206346236220346212200350203275346226271346241210.md"
[2026-05-12 23:50:03] [daily-review]   📄 logs/git.log
[2026-05-12 23:50:03] [daily-review]   📄 logs/git.log
[2026-05-12 23:50:03] [daily-review]   📄 logs/oil-gold-manual.log
[2026-05-12 23:50:03] [daily-review]   📄 logs/oil-gold-manual.log
[2026-05-12 23:50:03] [daily-review]   📄 logs/xiaomijiao-cron.log
[2026-05-12 23:50:03] [daily-review]   📄 logs/xiaomijiao-cron.log
[2026-05-12 23:50:03] [daily-review]   📄 scripts/oil-gold-cron.sh
[2026-05-12 23:50:03] [daily-review]   📄 scripts/oil-gold-cron.sh
[2026-05-12 23:50:03] [daily-review]   📄 skills/self-improving/heartbeat-state.md
[2026-05-12 23:50:03] [daily-review]   📄 skills/self-improving/heartbeat-state.md
[2026-05-12 23:50:03] [daily-review]   📄 skills_backup_20260505_145010_DEPRECATED/oil-gold-correlation/.gitignore
[2026-05-12 23:50:03] [daily-review]   📄 skills_backup_20260505_145010_DEPRECATED/oil-gold-correlation/.gitignore
[2026-05-12 23:50:03] [daily-review]   📄 skills_backup_20260505_145010_DEPRECATED/oil-gold-correlation/SKILL.md
[2026-05-12 23:50:03] [daily-review]   📄 skills_backup_20260505_145010_DEPRECATED/oil-gold-correlation/SKILL.md
[2026-05-12 23:50:03] [daily-review]   📄 skills_backup_20260505_145010_DEPRECATED/oil-gold-correlation/cache/geopolitics_cache.json
[2026-05-12 23:50:03] [daily-review]   📄 skills_backup_20260505_145010_DEPRECATED/oil-gold-correlation/cache/geopolitics_cache.json
[2026-05-12 23:50:03] [daily-review]   📄 skills_backup_20260505_145010_DEPRECATED/oil-gold-correlation/config/push-config.yaml
[2026-05-12 23:50:03] [daily-review]   📄 skills_backup_20260505_145010_DEPRECATED/oil-gold-correlation/config/push-config.yaml
[2026-05-12 23:50:03] [daily-review]   📄 skills_backup_20260505_145010_DEPRECATED/oil-gold-correlation/oil-gold-us-adapter.sh
[2026-05-12 23:50:03] [daily-review]   📄 skills_backup_20260505_145010_DEPRECATED/oil-gold-correlation/oil-gold-us-adapter.sh
[2026-05-12 23:50:03] [daily-review]   📄 skills_backup_20260505_145010_DEPRECATED/oil-gold-correlation/push-scheme-v2.md
[2026-05-12 23:50:03] [daily-review]   📄 skills_backup_20260505_145010_DEPRECATED/oil-gold-correlation/push-scheme-v2.md
[2026-05-12 23:50:03] [daily-review]   📄 skills_backup_20260505_145010_DEPRECATED/oil-gold-correlation/requirements.txt
[2026-05-12 23:50:03] [daily-review]   📄 skills_backup_20260505_145010_DEPRECATED/oil-gold-correlation/requirements.txt
[2026-05-12 23:50:03] [daily-review]   📄 skills_backup_20260505_145010_DEPRECATED/oil-gold-correlation/scripts/advisor.py
[2026-05-12 23:50:03] [daily-review]   📄 skills_backup_20260505_145010_DEPRECATED/oil-gold-correlation/scripts/advisor.py
[2026-05-12 23:50:03] [daily-review]   📄 skills_backup_20260505_145010_DEPRECATED/oil-gold-correlation/scripts/analysis.py
[2026-05-12 23:50:03] [daily-review]   📄 skills_backup_20260505_145010_DEPRECATED/oil-gold-correlation/scripts/analysis.py
[2026-05-12 23:50:03] [daily-review]   📄 skills_backup_20260505_145010_DEPRECATED/oil-gold-correlation/scripts/config.py
[2026-05-12 23:50:03] [daily-review]   📄 skills_backup_20260505_145010_DEPRECATED/oil-gold-correlation/scripts/config.py
[2026-05-12 23:50:03] [daily-review]   📄 skills_backup_20260505_145010_DEPRECATED/oil-gold-correlation/scripts/fetch_alpha_vantage.py
[2026-05-12 23:50:03] [daily-review]   📄 skills_backup_20260505_145010_DEPRECATED/oil-gold-correlation/scripts/fetch_alpha_vantage.py
[2026-05-12 23:50:03] [daily-review]   📄 skills_backup_20260505_145010_DEPRECATED/oil-gold-correlation/scripts/fetch_data.py
[2026-05-12 23:50:03] [daily-review]   📄 skills_backup_20260505_145010_DEPRECATED/oil-gold-correlation/scripts/fetch_data.py
[2026-05-12 23:50:03] [daily-review]   📄 skills_backup_20260505_145010_DEPRECATED/oil-gold-correlation/scripts/fetch_fred.py
[2026-05-12 23:50:03] [daily-review]   📄 skills_backup_20260505_145010_DEPRECATED/oil-gold-correlation/scripts/fetch_fred.py
[2026-05-12 23:50:03] [daily-review]   📄 skills_backup_20260505_145010_DEPRECATED/oil-gold-correlation/scripts/fetch_twelve_data.py
[2026-05-12 23:50:03] [daily-review]   📄 skills_backup_20260505_145010_DEPRECATED/oil-gold-correlation/scripts/fetch_twelve_data.py
[2026-05-12 23:50:03] [daily-review]   📄 skills_backup_20260505_145010_DEPRECATED/oil-gold-correlation/scripts/geopolitics.py
[2026-05-12 23:50:03] [daily-review]   📄 skills_backup_20260505_145010_DEPRECATED/oil-gold-correlation/scripts/geopolitics.py
[2026-05-12 23:50:03] [daily-review]   📄 skills_backup_20260505_145010_DEPRECATED/oil-gold-correlation/scripts/multi_source.py
[2026-05-12 23:50:03] [daily-review]   📄 skills_backup_20260505_145010_DEPRECATED/oil-gold-correlation/scripts/multi_source.py
[2026-05-12 23:50:03] [daily-review]   📄 skills_backup_20260505_145010_DEPRECATED/oil-gold-correlation/scripts/opportunity_scanner.py
[2026-05-12 23:50:03] [daily-review]   📄 skills_backup_20260505_145010_DEPRECATED/oil-gold-correlation/scripts/opportunity_scanner.py
[2026-05-12 23:50:03] [daily-review]   📄 skills_backup_20260505_145010_DEPRECATED/oil-gold-correlation/scripts/report.py
[2026-05-12 23:50:03] [daily-review]   📄 skills_backup_20260505_145010_DEPRECATED/oil-gold-correlation/scripts/report.py
[2026-05-12 23:50:03] [daily-review]   📄 skills_backup_20260505_145010_DEPRECATED/oil-gold-correlation/scripts/report_card.py
[2026-05-12 23:50:03] [daily-review]   📄 skills_backup_20260505_145010_DEPRECATED/oil-gold-correlation/scripts/report_card.py
[2026-05-12 23:50:03] [daily-review]   📄 skills_backup_20260505_145010_DEPRECATED/oil-gold-correlation/scripts/report_text.py
[2026-05-12 23:50:03] [daily-review]   📄 skills_backup_20260505_145010_DEPRECATED/oil-gold-correlation/scripts/report_text.py
[2026-05-12 23:50:03] [daily-review]   📄 skills_backup_20260505_145010_DEPRECATED/oil-gold-correlation/scripts/report_text_v2.0_draft.py
[2026-05-12 23:50:03] [daily-review]   📄 skills_backup_20260505_145010_DEPRECATED/oil-gold-correlation/scripts/report_text_v2.0_draft.py
[2026-05-12 23:50:03] [daily-review]   📄 skills_backup_20260505_145010_DEPRECATED/oil-gold-correlation/scripts/test_report.py
[2026-05-12 23:50:03] [daily-review]   📄 skills_backup_20260505_145010_DEPRECATED/oil-gold-correlation/scripts/test_report.py
[2026-05-12 23:50:03] [daily-review]   📄 skills_backup_20260505_145010_DEPRECATED/oil-gold-correlation/scripts/visualize.py
[2026-05-12 23:50:03] [daily-review]   📄 skills_backup_20260505_145010_DEPRECATED/oil-gold-correlation/scripts/visualize.py
[2026-05-12 23:50:03] [daily-review] 📋 待办进度: ✅6 完成 / ⏳8 待做
[2026-05-12 23:50:03] [daily-review] 📋 待办进度: ✅6 完成 / ⏳8 待做
[2026-05-12 23:50:03] [daily-review] 📚 开始知识库结构化整理...
[2026-05-12 23:50:03] [daily-review] 📚 开始知识库结构化整理...
[2026-05-12 23:50:03] [daily-review] 📊 intel/ 目录文件数: 107
[2026-05-12 23:50:03] [daily-review] 📊 intel/ 目录文件数: 107
[2026-05-12 23:50:03] [daily-review] ✅ 所有文件更新正常
[2026-05-12 23:50:03] [daily-review] ✅ 所有文件更新正常
[2026-05-12 23:50:03] [daily-review] ✅ 无重复文件
[2026-05-12 23:50:03] [daily-review] ✅ 无重复文件
[2026-05-12 23:50:03] [daily-review] ✅ 知识库结构化整理完成
[2026-05-12 23:50:03] [daily-review] ✅ 知识库结构化整理完成
[2026-05-12 23:50:03] [daily-review] 📋 开始索引同步更新...
[2026-05-12 23:50:03] [daily-review] 📋 开始索引同步更新...
[2026-05-12 23:50:03] [daily-review] 📊 文件统计: intel/107 memory/58 logs/12 total/177
[2026-05-12 23:50:03] [daily-review] 📊 文件统计: intel/107 memory/58 logs/12 total/177
[2026-05-12 23:50:03] [daily-review] ✅ 索引文件已更新
[2026-05-12 23:50:03] [daily-review] ✅ 索引文件已更新
[2026-05-12 23:50:03] [daily-review] ✅ 索引同步更新完成
[2026-05-12 23:50:03] [daily-review] ✅ 索引同步更新完成
[2026-05-12 23:50:03] [daily-review] 🧠 开始记忆同步更新...
[2026-05-12 23:50:03] [daily-review] 🧠 开始记忆同步更新...
[2026-05-12 23:50:03] [daily-review] 📅 今日记忆: 43行
[2026-05-12 23:50:03] [daily-review] 📅 今日记忆: 43行
[2026-05-12 23:50:03] [daily-review] ⚠️ MEMORY.md 今天未更新
[2026-05-12 23:50:03] [daily-review] ⚠️ MEMORY.md 今天未更新
[2026-05-12 23:50:03] [daily-review] ✅ 记忆同步更新完成
[2026-05-12 23:50:03] [daily-review] ✅ 记忆同步更新完成
[2026-05-12 23:50:04] [daily-review] 🔧 开始 Git 库整理...
[2026-05-12 23:50:04] [daily-review] 🔧 开始 Git 库整理...
[2026-05-12 23:50:04] [daily-review] ✅ 无未跟踪文件
[2026-05-12 23:50:04] [daily-review] ✅ 无未跟踪文件
[2026-05-12 23:50:04] [daily-review] ⚠️ 发现 33 个未暂存变更
[2026-05-12 23:50:04] [daily-review] ⚠️ 发现 33 个未暂存变更
[2026-05-12 23:50:04] [daily-review] 📊 最近 5 次提交:
[2026-05-12 23:50:04] [daily-review] 📊 最近 5 次提交:
[2026-05-12 23:50:04] [daily-review]   86eeb9a3 docs(xiaomijiao): 午间回顾 - 2026-05-12
[2026-05-12 23:50:04] [daily-review]   86eeb9a3 docs(xiaomijiao): 午间回顾 - 2026-05-12
[2026-05-12 23:50:04] [daily-review]   0180081c docs(xiaomijiao): 每日回顾 - 2026-05-11
[2026-05-12 23:50:04] [daily-review]   0180081c docs(xiaomijiao): 每日回顾 - 2026-05-11
[2026-05-12 23:50:04] [daily-review]   e443dedb 🧠 记忆系统更新 | MEMORY.md v3.77 | Day 48状态更新 | 知识库108文件
[2026-05-12 23:50:04] [daily-review]   e443dedb 🧠 记忆系统更新 | MEMORY.md v3.77 | Day 48状态更新 | 知识库108文件
[2026-05-12 23:50:04] [daily-review]   efd29729 📚 知识库结构化整理 | v5.2 | 更新索引+108文件统计 | Day 48
[2026-05-12 23:50:04] [daily-review]   efd29729 📚 知识库结构化整理 | v5.2 | 更新索引+108文件统计 | Day 48
[2026-05-12 23:50:04] [daily-review]   4a624d50 docs(xiaomijiao): 午间回顾 - 2026-05-11
[2026-05-12 23:50:04] [daily-review]   4a624d50 docs(xiaomijiao): 午间回顾 - 2026-05-11
[2026-05-12 23:50:04] [daily-review] ✅ Git 库整理完成
[2026-05-12 23:50:04] [daily-review] ✅ Git 库整理完成
[2026-05-12 23:50:04] [daily-review] 🔍 开始查漏补缺...
[2026-05-12 23:50:04] [daily-review] 🔍 开始查漏补缺...
[2026-05-12 23:50:04] [daily-review] 📋 待办事项: 8 项待处理
[2026-05-12 23:50:04] [daily-review] 📋 待办事项: 8 项待处理
[2026-05-12 23:50:04] [daily-review] 🔴 P0 任务: 6 项未完成
[2026-05-12 23:50:04] [daily-review] 🔴 P0 任务: 6 项未完成
[2026-05-12 23:50:04] [daily-review] ⚠️ 发现 54 个超过 3 天未更新的记忆文件
[2026-05-12 23:50:04] [daily-review] ⚠️ 发现 54 个超过 3 天未更新的记忆文件
[2026-05-12 23:50:04] [daily-review] ✅ 查漏补缺完成
[2026-05-12 23:50:04] [daily-review] ✅ 查漏补缺完成
[2026-05-12 23:50:04] [daily-review] ✅ Git 已提交
[2026-05-12 23:50:04] [daily-review] ✅ Git 已提交
[2026-05-12 23:50:04] [daily-review] ⚠️ 推送失败（网络？），下次重试
[2026-05-12 23:50:04] [daily-review] ⚠️ 推送失败（网络？），下次重试
[2026-05-12 23:50:04] [daily-review] 🔄 更新 QMD 向量索引...
[2026-05-12 23:50:04] [daily-review] 🔄 更新 QMD 向量索引...
[2026-05-12 23:50:04] [daily-review] ⚠️ qmd 未找到，跳过
[2026-05-12 23:50:04] [daily-review] ⚠️ qmd 未找到，跳过
[2026-05-12 23:50:04] [daily-review] ===== 每日运营回顾完成 =====
[2026-05-12 23:50:04] [daily-review] ===== 每日运营回顾完成 =====
[2026-05-13 12:00:01] [morning-review] ===== 午间运营回顾开始（12:00）=====
[2026-05-13 12:00:01] [morning-review] ===== 午间运营回顾开始（12:00）=====
[2026-05-13 12:00:01] [morning-review] 📝 创建今日记忆文件模板...
[2026-05-13 12:00:01] [morning-review] 📝 创建今日记忆文件模板...
[2026-05-13 12:00:01] [morning-review] ✅ 记忆模板已创建
[2026-05-13 12:00:01] [morning-review] ✅ 记忆模板已创建
[2026-05-13 12:00:01] [morning-review] 提取多通道聊天记录（2026-05-13）...
[2026-05-13 12:00:01] [morning-review] 提取多通道聊天记录（2026-05-13）...
[2026-05-13 12:00:04] [morning-review] - 消息数：46
[2026-05-13 12:00:04] [morning-review] - 消息数：46
[2026-05-13 12:00:04] [morning-review] [0;32m[SUCCESS][0m 对话记录已保存：/root/.openclaw/workspace/agents/xiaomijiao/memory/chat-2026-05-13.md
[2026-05-13 12:00:04] [morning-review] [0;32m[SUCCESS][0m 对话记录已保存：/root/.openclaw/workspace/agents/xiaomijiao/memory/chat-2026-05-13.md
[2026-05-13 12:00:04] [morning-review] 消息数： 46
[2026-05-13 12:00:04] [morning-review] 消息数： 46
[2026-05-13 12:00:04] [morning-review] [0;32m[SUCCESS][0m 多通道对话提取完成！🎉
[2026-05-13 12:00:04] [morning-review] [0;32m[SUCCESS][0m 多通道对话提取完成！🎉
[2026-05-13 12:00:04] [morning-review] 📊 变更统计: intel/1 memory/0 config/2
[2026-05-13 12:00:04] [morning-review] 📊 变更统计: intel/1 memory/0 config/2
[2026-05-13 12:00:04] [morning-review]   📄 "intel/347203255347202271351200211351242230.md"
[2026-05-13 12:00:04] [morning-review]   📄 "intel/347203255347202271351200211351242230.md"
[2026-05-13 12:00:04] [morning-review]   📄 logs/git.log
[2026-05-13 12:00:04] [morning-review]   📄 logs/git.log
[2026-05-13 12:00:04] [morning-review]   📄 logs/hotspot.log
[2026-05-13 12:00:04] [morning-review]   📄 logs/hotspot.log
[2026-05-13 12:00:04] [morning-review]   📄 logs/xiaomijiao-cron.log
[2026-05-13 12:00:04] [morning-review]   📄 logs/xiaomijiao-cron.log
[2026-05-13 12:00:04] [morning-review]   📄 skills/self-improving/heartbeat-state.md
[2026-05-13 12:00:04] [morning-review]   📄 skills/self-improving/heartbeat-state.md
[2026-05-13 12:00:04] [morning-review] 📋 待办进度: ✅6 完成 / ⏳8 待做
[2026-05-13 12:00:04] [morning-review] 📋 待办进度: ✅6 完成 / ⏳8 待做
[2026-05-13 12:00:04] [morning-review] 📚 开始知识库结构化整理...
[2026-05-13 12:00:04] [morning-review] 📚 开始知识库结构化整理...
[2026-05-13 12:00:04] [morning-review] 📊 intel/ 目录文件数: 107
[2026-05-13 12:00:04] [morning-review] 📊 intel/ 目录文件数: 107
[2026-05-13 12:00:04] [morning-review] ✅ 所有文件更新正常
[2026-05-13 12:00:04] [morning-review] ✅ 所有文件更新正常
[2026-05-13 12:00:04] [morning-review] ✅ 无重复文件
[2026-05-13 12:00:04] [morning-review] ✅ 无重复文件
[2026-05-13 12:00:04] [morning-review] ✅ 知识库结构化整理完成
[2026-05-13 12:00:04] [morning-review] ✅ 知识库结构化整理完成
[2026-05-13 12:00:04] [morning-review] 📋 开始索引同步更新...
[2026-05-13 12:00:04] [morning-review] 📋 开始索引同步更新...
[2026-05-13 12:00:05] [morning-review] 📊 文件统计: intel/107 memory/59 logs/12 total/178
[2026-05-13 12:00:05] [morning-review] 📊 文件统计: intel/107 memory/59 logs/12 total/178
[2026-05-13 12:00:05] [morning-review] ✅ 索引文件已更新
[2026-05-13 12:00:05] [morning-review] ✅ 索引文件已更新
[2026-05-13 12:00:05] [morning-review] ✅ 索引同步更新完成
[2026-05-13 12:00:05] [morning-review] ✅ 索引同步更新完成
[2026-05-13 12:00:05] [morning-review] ✅ Git 已提交
[2026-05-13 12:00:05] [morning-review] ✅ Git 已提交
[2026-05-13 12:00:05] [morning-review] ⚠️ 推送失败（网络？），下次重试
[2026-05-13 12:00:05] [morning-review] ⚠️ 推送失败（网络？），下次重试
[2026-05-13 12:00:05] [morning-review] 🔄 更新 QMD 向量索引...
[2026-05-13 12:00:05] [morning-review] 🔄 更新 QMD 向量索引...
[2026-05-13 12:00:05] [morning-review] ⚠️ qmd 未找到，跳过
[2026-05-13 12:00:05] [morning-review] ⚠️ qmd 未找到，跳过
[2026-05-13 12:00:05] [morning-review] ===== 午间运营回顾完成 =====
[2026-05-13 12:00:05] [morning-review] ===== 午间运营回顾完成 =====
[2026-05-13 23:50:01] [daily-review] ===== 每日运营回顾开始（23:50）=====
[2026-05-13 23:50:01] [daily-review] ===== 每日运营回顾开始（23:50）=====
[2026-05-13 23:50:01] [daily-review] 📅 今日记忆文件: 57行
[2026-05-13 23:50:01] [daily-review] 📅 今日记忆文件: 57行
[2026-05-13 23:50:01] [daily-review] 提取多通道聊天记录（2026-05-13）...
[2026-05-13 23:50:01] [daily-review] 提取多通道聊天记录（2026-05-13）...
[2026-05-13 23:50:03] [daily-review] - 消息数：135
[2026-05-13 23:50:03] [daily-review] - 消息数：135
[2026-05-13 23:50:03] [daily-review] [0;32m[SUCCESS][0m 对话记录已保存：/root/.openclaw/workspace/agents/xiaomijiao/memory/chat-2026-05-13.md
[2026-05-13 23:50:03] [daily-review] [0;32m[SUCCESS][0m 对话记录已保存：/root/.openclaw/workspace/agents/xiaomijiao/memory/chat-2026-05-13.md
[2026-05-13 23:50:03] [daily-review] 消息数： 135
[2026-05-13 23:50:03] [daily-review] 消息数： 135
[2026-05-13 23:50:03] [daily-review] [0;32m[SUCCESS][0m 多通道对话提取完成！🎉
[2026-05-13 23:50:03] [daily-review] [0;32m[SUCCESS][0m 多通道对话提取完成！🎉
[2026-05-13 23:50:03] [daily-review] 📊 变更统计: intel/1 memory/3 config/6
[2026-05-13 23:50:03] [daily-review] 📊 变更统计: intel/1 memory/3 config/6
[2026-05-13 23:50:03] [daily-review]   📄 MEMORY.md
[2026-05-13 23:50:03] [daily-review]   📄 MEMORY.md
[2026-05-13 23:50:03] [daily-review]   📄 agents/xiaomijiao/memory/chat-2026-05-13.md
[2026-05-13 23:50:03] [daily-review]   📄 agents/xiaomijiao/memory/chat-2026-05-13.md
[2026-05-13 23:50:03] [daily-review]   📄 "intel/346225260346215256345244215347233230.md"
[2026-05-13 23:50:03] [daily-review]   📄 "intel/346225260346215256345244215347233230.md"
[2026-05-13 23:50:03] [daily-review]   📄 logs/xiaomijiao-cron.log
[2026-05-13 23:50:03] [daily-review]   📄 logs/xiaomijiao-cron.log
[2026-05-13 23:50:03] [daily-review]   📄 memory/.dreams/events.jsonl
[2026-05-13 23:50:03] [daily-review]   📄 memory/.dreams/events.jsonl
[2026-05-13 23:50:03] [daily-review]   📄 memory/.dreams/short-term-recall.json
[2026-05-13 23:50:03] [daily-review]   📄 memory/.dreams/short-term-recall.json
[2026-05-13 23:50:03] [daily-review]   📄 memory/2026-05-13.md
[2026-05-13 23:50:03] [daily-review]   📄 memory/2026-05-13.md
[2026-05-13 23:50:03] [daily-review]   📄 skills/self-improving/heartbeat-state.md
[2026-05-13 23:50:03] [daily-review]   📄 skills/self-improving/heartbeat-state.md
[2026-05-13 23:50:03] [daily-review] 📋 待办进度: ✅6 完成 / ⏳8 待做
[2026-05-13 23:50:03] [daily-review] 📋 待办进度: ✅6 完成 / ⏳8 待做
[2026-05-13 23:50:03] [daily-review] 📚 开始知识库结构化整理...
[2026-05-13 23:50:03] [daily-review] 📚 开始知识库结构化整理...
[2026-05-13 23:50:03] [daily-review] 📊 intel/ 目录文件数: 108
[2026-05-13 23:50:03] [daily-review] 📊 intel/ 目录文件数: 108
[2026-05-13 23:50:03] [daily-review] ✅ 所有文件更新正常
[2026-05-13 23:50:03] [daily-review] ✅ 所有文件更新正常
[2026-05-13 23:50:03] [daily-review] ✅ 无重复文件
[2026-05-13 23:50:03] [daily-review] ✅ 无重复文件
[2026-05-13 23:50:03] [daily-review] ✅ 知识库结构化整理完成
[2026-05-13 23:50:03] [daily-review] ✅ 知识库结构化整理完成
[2026-05-13 23:50:03] [daily-review] 📋 开始索引同步更新...
[2026-05-13 23:50:03] [daily-review] 📋 开始索引同步更新...
[2026-05-13 23:50:03] [daily-review] 📊 文件统计: intel/108 memory/59 logs/12 total/179
[2026-05-13 23:50:03] [daily-review] 📊 文件统计: intel/108 memory/59 logs/12 total/179
[2026-05-13 23:50:03] [daily-review] ✅ 索引文件已更新
[2026-05-13 23:50:03] [daily-review] ✅ 索引文件已更新
[2026-05-13 23:50:03] [daily-review] ✅ 索引同步更新完成
[2026-05-13 23:50:03] [daily-review] ✅ 索引同步更新完成
[2026-05-13 23:50:03] [daily-review] 🧠 开始记忆同步更新...
[2026-05-13 23:50:03] [daily-review] 🧠 开始记忆同步更新...
[2026-05-13 23:50:03] [daily-review] 📅 今日记忆: 57行
[2026-05-13 23:50:03] [daily-review] 📅 今日记忆: 57行
[2026-05-13 23:50:03] [daily-review] ✅ MEMORY.md 今天已更新
[2026-05-13 23:50:03] [daily-review] ✅ MEMORY.md 今天已更新
[2026-05-13 23:50:03] [daily-review] ✅ 记忆同步更新完成
[2026-05-13 23:50:03] [daily-review] ✅ 记忆同步更新完成
[2026-05-13 23:50:03] [daily-review] 🔧 开始 Git 库整理...
[2026-05-13 23:50:03] [daily-review] 🔧 开始 Git 库整理...
[2026-05-13 23:50:03] [daily-review] ✅ 无未跟踪文件
[2026-05-13 23:50:03] [daily-review] ✅ 无未跟踪文件
[2026-05-13 23:50:03] [daily-review] ⚠️ 发现 8 个未暂存变更
[2026-05-13 23:50:03] [daily-review] ⚠️ 发现 8 个未暂存变更
[2026-05-13 23:50:03] [daily-review] 📊 最近 5 次提交:
[2026-05-13 23:50:03] [daily-review] 📊 最近 5 次提交:
[2026-05-13 23:50:03] [daily-review]   6a893ba4 午间回顾：知识库结构化整理完成，新增知识库结构总览.md
[2026-05-13 23:50:03] [daily-review]   6a893ba4 午间回顾：知识库结构化整理完成，新增知识库结构总览.md
[2026-05-13 23:50:03] [daily-review]   46e7e2ce docs(xiaomijiao): 午间回顾 - 2026-05-13
[2026-05-13 23:50:03] [daily-review]   46e7e2ce docs(xiaomijiao): 午间回顾 - 2026-05-13
[2026-05-13 23:50:03] [daily-review]   8c346108 docs(xiaomijiao): 每日回顾 - 2026-05-12
[2026-05-13 23:50:03] [daily-review]   8c346108 docs(xiaomijiao): 每日回顾 - 2026-05-12
[2026-05-13 23:50:03] [daily-review]   86eeb9a3 docs(xiaomijiao): 午间回顾 - 2026-05-12
[2026-05-13 23:50:03] [daily-review]   86eeb9a3 docs(xiaomijiao): 午间回顾 - 2026-05-12
[2026-05-13 23:50:03] [daily-review]   0180081c docs(xiaomijiao): 每日回顾 - 2026-05-11
[2026-05-13 23:50:03] [daily-review]   0180081c docs(xiaomijiao): 每日回顾 - 2026-05-11
[2026-05-13 23:50:03] [daily-review] ✅ Git 库整理完成
[2026-05-13 23:50:03] [daily-review] ✅ Git 库整理完成
[2026-05-13 23:50:03] [daily-review] 🔍 开始查漏补缺...
[2026-05-13 23:50:03] [daily-review] 🔍 开始查漏补缺...
[2026-05-13 23:50:03] [daily-review] 📋 待办事项: 8 项待处理
[2026-05-13 23:50:03] [daily-review] 📋 待办事项: 8 项待处理
[2026-05-13 23:50:03] [daily-review] 🔴 P0 任务: 6 项未完成
[2026-05-13 23:50:03] [daily-review] 🔴 P0 任务: 6 项未完成
[2026-05-13 23:50:03] [daily-review] ⚠️ 发现 55 个超过 3 天未更新的记忆文件
[2026-05-13 23:50:03] [daily-review] ⚠️ 发现 55 个超过 3 天未更新的记忆文件
[2026-05-13 23:50:03] [daily-review] ✅ 查漏补缺完成
[2026-05-13 23:50:03] [daily-review] ✅ 查漏补缺完成
[2026-05-13 23:50:04] [daily-review] ✅ Git 已提交
[2026-05-13 23:50:04] [daily-review] ✅ Git 已提交
[2026-05-13 23:50:04] [daily-review] ⚠️ 推送失败（网络？），下次重试
[2026-05-13 23:50:04] [daily-review] ⚠️ 推送失败（网络？），下次重试
[2026-05-13 23:50:04] [daily-review] 🔄 更新 QMD 向量索引...
[2026-05-13 23:50:04] [daily-review] 🔄 更新 QMD 向量索引...
[2026-05-13 23:50:04] [daily-review] ⚠️ qmd 未找到，跳过
[2026-05-13 23:50:04] [daily-review] ⚠️ qmd 未找到，跳过
[2026-05-13 23:50:04] [daily-review] ===== 每日运营回顾完成 =====
[2026-05-13 23:50:04] [daily-review] ===== 每日运营回顾完成 =====
[2026-05-14 12:00:01] [morning-review] ===== 午间运营回顾开始（12:00）=====
[2026-05-14 12:00:01] [morning-review] ===== 午间运营回顾开始（12:00）=====
[2026-05-14 12:00:01] [morning-review] 📝 创建今日记忆文件模板...
[2026-05-14 12:00:01] [morning-review] 📝 创建今日记忆文件模板...
[2026-05-14 12:00:01] [morning-review] ✅ 记忆模板已创建
[2026-05-14 12:00:01] [morning-review] ✅ 记忆模板已创建
[2026-05-14 12:00:01] [morning-review] 提取多通道聊天记录（2026-05-14）...
[2026-05-14 12:00:01] [morning-review] 提取多通道聊天记录（2026-05-14）...
[2026-05-14 12:00:04] [morning-review] - 消息数：64
[2026-05-14 12:00:04] [morning-review] - 消息数：64
[2026-05-14 12:00:04] [morning-review] [0;32m[SUCCESS][0m 对话记录已保存：/root/.openclaw/workspace/agents/xiaomijiao/memory/chat-2026-05-14.md
[2026-05-14 12:00:04] [morning-review] [0;32m[SUCCESS][0m 对话记录已保存：/root/.openclaw/workspace/agents/xiaomijiao/memory/chat-2026-05-14.md
[2026-05-14 12:00:04] [morning-review] 消息数： 64
[2026-05-14 12:00:04] [morning-review] 消息数： 64
[2026-05-14 12:00:04] [morning-review] [0;32m[SUCCESS][0m 多通道对话提取完成！🎉
[2026-05-14 12:00:04] [morning-review] [0;32m[SUCCESS][0m 多通道对话提取完成！🎉
[2026-05-14 12:00:04] [morning-review] 📊 变更统计: intel/1 memory/0 config/2
[2026-05-14 12:00:04] [morning-review] 📊 变更统计: intel/1 memory/0 config/2
[2026-05-14 12:00:04] [morning-review]   📄 "intel/347203255347202271351200211351242230.md"
[2026-05-14 12:00:04] [morning-review]   📄 "intel/347203255347202271351200211351242230.md"
[2026-05-14 12:00:04] [morning-review]   📄 logs/git.log
[2026-05-14 12:00:04] [morning-review]   📄 logs/git.log
[2026-05-14 12:00:04] [morning-review]   📄 logs/hotspot.log
[2026-05-14 12:00:04] [morning-review]   📄 logs/hotspot.log
[2026-05-14 12:00:04] [morning-review]   📄 logs/xiaomijiao-cron.log
[2026-05-14 12:00:04] [morning-review]   📄 logs/xiaomijiao-cron.log
[2026-05-14 12:00:04] [morning-review]   📄 skills/self-improving/heartbeat-state.md
[2026-05-14 12:00:04] [morning-review]   📄 skills/self-improving/heartbeat-state.md
[2026-05-14 12:00:04] [morning-review] 📋 待办进度: ✅6 完成 / ⏳8 待做
[2026-05-14 12:00:04] [morning-review] 📋 待办进度: ✅6 完成 / ⏳8 待做
[2026-05-14 12:00:04] [morning-review] 📚 开始知识库结构化整理...
[2026-05-14 12:00:04] [morning-review] 📚 开始知识库结构化整理...
[2026-05-14 12:00:04] [morning-review] 📊 intel/ 目录文件数: 108
[2026-05-14 12:00:04] [morning-review] 📊 intel/ 目录文件数: 108
[2026-05-14 12:00:04] [morning-review] ✅ 所有文件更新正常
[2026-05-14 12:00:04] [morning-review] ✅ 所有文件更新正常
[2026-05-14 12:00:04] [morning-review] ✅ 无重复文件
[2026-05-14 12:00:04] [morning-review] ✅ 无重复文件
[2026-05-14 12:00:04] [morning-review] ✅ 知识库结构化整理完成
[2026-05-14 12:00:04] [morning-review] ✅ 知识库结构化整理完成
[2026-05-14 12:00:04] [morning-review] 📋 开始索引同步更新...
[2026-05-14 12:00:04] [morning-review] 📋 开始索引同步更新...
[2026-05-14 12:00:04] [morning-review] 📊 文件统计: intel/108 memory/60 logs/12 total/180
[2026-05-14 12:00:04] [morning-review] 📊 文件统计: intel/108 memory/60 logs/12 total/180
[2026-05-14 12:00:04] [morning-review] ✅ 索引文件已更新
[2026-05-14 12:00:04] [morning-review] ✅ 索引文件已更新
[2026-05-14 12:00:04] [morning-review] ✅ 索引同步更新完成
[2026-05-14 12:00:04] [morning-review] ✅ 索引同步更新完成
[2026-05-14 12:00:04] [morning-review] ✅ Git 已提交
[2026-05-14 12:00:04] [morning-review] ✅ Git 已提交
[2026-05-14 12:00:04] [morning-review] ⚠️ 推送失败（网络？），下次重试
[2026-05-14 12:00:04] [morning-review] ⚠️ 推送失败（网络？），下次重试
[2026-05-14 12:00:04] [morning-review] 🔄 更新 QMD 向量索引...
[2026-05-14 12:00:04] [morning-review] 🔄 更新 QMD 向量索引...
[2026-05-14 12:00:04] [morning-review] ⚠️ qmd 未找到，跳过
[2026-05-14 12:00:04] [morning-review] ⚠️ qmd 未找到，跳过
[2026-05-14 12:00:04] [morning-review] ===== 午间运营回顾完成 =====
[2026-05-14 12:00:04] [morning-review] ===== 午间运营回顾完成 =====
[2026-05-14 23:50:01] [daily-review] ===== 每日运营回顾开始（23:50）=====
[2026-05-14 23:50:01] [daily-review] ===== 每日运营回顾开始（23:50）=====
[2026-05-14 23:50:01] [daily-review] 📅 今日记忆文件: 43行
[2026-05-14 23:50:01] [daily-review] 📅 今日记忆文件: 43行
[2026-05-14 23:50:01] [daily-review] 提取多通道聊天记录（2026-05-14）...
[2026-05-14 23:50:01] [daily-review] 提取多通道聊天记录（2026-05-14）...
[2026-05-14 23:50:04] [daily-review] - 消息数：189
[2026-05-14 23:50:04] [daily-review] - 消息数：189
[2026-05-14 23:50:04] [daily-review] [0;32m[SUCCESS][0m 对话记录已保存：/root/.openclaw/workspace/agents/xiaomijiao/memory/chat-2026-05-14.md
[2026-05-14 23:50:04] [daily-review] [0;32m[SUCCESS][0m 对话记录已保存：/root/.openclaw/workspace/agents/xiaomijiao/memory/chat-2026-05-14.md
[2026-05-14 23:50:04] [daily-review] 消息数： 189
[2026-05-14 23:50:04] [daily-review] 消息数： 189
[2026-05-14 23:50:04] [daily-review] [0;32m[SUCCESS][0m 多通道对话提取完成！🎉
[2026-05-14 23:50:04] [daily-review] [0;32m[SUCCESS][0m 多通道对话提取完成！🎉
[2026-05-14 23:50:04] [daily-review] 📊 变更统计: intel/1 memory/0 config/2
[2026-05-14 23:50:04] [daily-review] 📊 变更统计: intel/1 memory/0 config/2
[2026-05-14 23:50:04] [daily-review]   📄 agents/xiaomijiao/memory/chat-2026-05-14.md
[2026-05-14 23:50:04] [daily-review]   📄 agents/xiaomijiao/memory/chat-2026-05-14.md
[2026-05-14 23:50:04] [daily-review]   📄 "intel/346225260346215256345244215347233230.md"
[2026-05-14 23:50:04] [daily-review]   📄 "intel/346225260346215256345244215347233230.md"
[2026-05-14 23:50:04] [daily-review]   📄 logs/git.log
[2026-05-14 23:50:04] [daily-review]   📄 logs/git.log
[2026-05-14 23:50:04] [daily-review]   📄 logs/xiaomijiao-cron.log
[2026-05-14 23:50:04] [daily-review]   📄 logs/xiaomijiao-cron.log
[2026-05-14 23:50:04] [daily-review] 📋 待办进度: ✅6 完成 / ⏳8 待做
[2026-05-14 23:50:04] [daily-review] 📋 待办进度: ✅6 完成 / ⏳8 待做
[2026-05-14 23:50:04] [daily-review] 📚 开始知识库结构化整理...
[2026-05-14 23:50:04] [daily-review] 📚 开始知识库结构化整理...
[2026-05-14 23:50:04] [daily-review] 📊 intel/ 目录文件数: 108
[2026-05-14 23:50:04] [daily-review] 📊 intel/ 目录文件数: 108
[2026-05-14 23:50:04] [daily-review] ✅ 所有文件更新正常
[2026-05-14 23:50:04] [daily-review] ✅ 所有文件更新正常
[2026-05-14 23:50:04] [daily-review] ✅ 无重复文件
[2026-05-14 23:50:04] [daily-review] ✅ 无重复文件
[2026-05-14 23:50:04] [daily-review] ✅ 知识库结构化整理完成
[2026-05-14 23:50:04] [daily-review] ✅ 知识库结构化整理完成
[2026-05-14 23:50:04] [daily-review] 📋 开始索引同步更新...
[2026-05-14 23:50:04] [daily-review] 📋 开始索引同步更新...
[2026-05-14 23:50:04] [daily-review] 📊 文件统计: intel/108 memory/60 logs/12 total/180
[2026-05-14 23:50:04] [daily-review] 📊 文件统计: intel/108 memory/60 logs/12 total/180
[2026-05-14 23:50:04] [daily-review] ✅ 索引文件已更新
[2026-05-14 23:50:04] [daily-review] ✅ 索引文件已更新
[2026-05-14 23:50:04] [daily-review] ✅ 索引同步更新完成
[2026-05-14 23:50:04] [daily-review] ✅ 索引同步更新完成
[2026-05-14 23:50:04] [daily-review] 🧠 开始记忆同步更新...
[2026-05-14 23:50:04] [daily-review] 🧠 开始记忆同步更新...
[2026-05-14 23:50:04] [daily-review] 📅 今日记忆: 43行
[2026-05-14 23:50:04] [daily-review] 📅 今日记忆: 43行
[2026-05-14 23:50:05] [daily-review] ⚠️ MEMORY.md 今天未更新
[2026-05-14 23:50:05] [daily-review] ⚠️ MEMORY.md 今天未更新
[2026-05-14 23:50:05] [daily-review] ✅ 记忆同步更新完成
[2026-05-14 23:50:05] [daily-review] ✅ 记忆同步更新完成
[2026-05-14 23:50:05] [daily-review] 🔧 开始 Git 库整理...
[2026-05-14 23:50:05] [daily-review] 🔧 开始 Git 库整理...
[2026-05-14 23:50:05] [daily-review] ✅ 无未跟踪文件
[2026-05-14 23:50:05] [daily-review] ✅ 无未跟踪文件
[2026-05-14 23:50:05] [daily-review] ⚠️ 发现 4 个未暂存变更
[2026-05-14 23:50:05] [daily-review] ⚠️ 发现 4 个未暂存变更
[2026-05-14 23:50:05] [daily-review] 📊 最近 5 次提交:
[2026-05-14 23:50:05] [daily-review] 📊 最近 5 次提交:
[2026-05-14 23:50:05] [daily-review]   40e811dd docs(xiaomijiao): 午间回顾 - 2026-05-14
[2026-05-14 23:50:05] [daily-review]   40e811dd docs(xiaomijiao): 午间回顾 - 2026-05-14
[2026-05-14 23:50:05] [daily-review]   9f518f00 docs(xiaomijiao): 每日回顾 - 2026-05-13
[2026-05-14 23:50:05] [daily-review]   9f518f00 docs(xiaomijiao): 每日回顾 - 2026-05-13
[2026-05-14 23:50:05] [daily-review]   6a893ba4 午间回顾：知识库结构化整理完成，新增知识库结构总览.md
[2026-05-14 23:50:05] [daily-review]   6a893ba4 午间回顾：知识库结构化整理完成，新增知识库结构总览.md
[2026-05-14 23:50:05] [daily-review]   46e7e2ce docs(xiaomijiao): 午间回顾 - 2026-05-13
[2026-05-14 23:50:05] [daily-review]   46e7e2ce docs(xiaomijiao): 午间回顾 - 2026-05-13
[2026-05-14 23:50:05] [daily-review]   8c346108 docs(xiaomijiao): 每日回顾 - 2026-05-12
[2026-05-14 23:50:05] [daily-review]   8c346108 docs(xiaomijiao): 每日回顾 - 2026-05-12
[2026-05-14 23:50:05] [daily-review] ✅ Git 库整理完成
[2026-05-14 23:50:05] [daily-review] ✅ Git 库整理完成
[2026-05-14 23:50:05] [daily-review] 🔍 开始查漏补缺...
[2026-05-14 23:50:05] [daily-review] 🔍 开始查漏补缺...
[2026-05-14 23:50:05] [daily-review] 📋 待办事项: 8 项待处理
[2026-05-14 23:50:05] [daily-review] 📋 待办事项: 8 项待处理
[2026-05-14 23:50:05] [daily-review] 🔴 P0 任务: 6 项未完成
[2026-05-14 23:50:05] [daily-review] 🔴 P0 任务: 6 项未完成
[2026-05-14 23:50:05] [daily-review] ⚠️ 发现 56 个超过 3 天未更新的记忆文件
[2026-05-14 23:50:05] [daily-review] ⚠️ 发现 56 个超过 3 天未更新的记忆文件
[2026-05-14 23:50:05] [daily-review] ✅ 查漏补缺完成
[2026-05-14 23:50:05] [daily-review] ✅ 查漏补缺完成
[2026-05-14 23:50:05] [daily-review] ✅ Git 已提交
[2026-05-14 23:50:05] [daily-review] ✅ Git 已提交
[2026-05-14 23:50:05] [daily-review] ⚠️ 推送失败（网络？），下次重试
[2026-05-14 23:50:05] [daily-review] ⚠️ 推送失败（网络？），下次重试
[2026-05-14 23:50:05] [daily-review] 🔄 更新 QMD 向量索引...
[2026-05-14 23:50:05] [daily-review] 🔄 更新 QMD 向量索引...
[2026-05-14 23:50:05] [daily-review] ⚠️ qmd 未找到，跳过
[2026-05-14 23:50:05] [daily-review] ⚠️ qmd 未找到，跳过
[2026-05-14 23:50:05] [daily-review] ===== 每日运营回顾完成 =====
[2026-05-14 23:50:05] [daily-review] ===== 每日运营回顾完成 =====
[2026-05-15 12:00:01] [morning-review] ===== 午间运营回顾开始（12:00）=====
[2026-05-15 12:00:01] [morning-review] ===== 午间运营回顾开始（12:00）=====
[2026-05-15 12:00:01] [morning-review] 📝 创建今日记忆文件模板...
[2026-05-15 12:00:01] [morning-review] 📝 创建今日记忆文件模板...
[2026-05-15 12:00:01] [morning-review] ✅ 记忆模板已创建
[2026-05-15 12:00:01] [morning-review] ✅ 记忆模板已创建
[2026-05-15 12:00:01] [morning-review] 提取多通道聊天记录（2026-05-15）...
[2026-05-15 12:00:01] [morning-review] 提取多通道聊天记录（2026-05-15）...
[2026-05-15 12:00:04] [morning-review] - 消息数：85
[2026-05-15 12:00:04] [morning-review] - 消息数：85
[2026-05-15 12:00:04] [morning-review] [0;32m[SUCCESS][0m 对话记录已保存：/root/.openclaw/workspace/agents/xiaomijiao/memory/chat-2026-05-15.md
[2026-05-15 12:00:04] [morning-review] [0;32m[SUCCESS][0m 对话记录已保存：/root/.openclaw/workspace/agents/xiaomijiao/memory/chat-2026-05-15.md
[2026-05-15 12:00:04] [morning-review] 消息数： 85
[2026-05-15 12:00:04] [morning-review] 消息数： 85
[2026-05-15 12:00:04] [morning-review] [0;32m[SUCCESS][0m 多通道对话提取完成！🎉
[2026-05-15 12:00:04] [morning-review] [0;32m[SUCCESS][0m 多通道对话提取完成！🎉
[2026-05-15 12:00:04] [morning-review] 📊 变更统计: intel/1 memory/0 config/2
[2026-05-15 12:00:04] [morning-review] 📊 变更统计: intel/1 memory/0 config/2
[2026-05-15 12:00:04] [morning-review]   📄 "intel/347203255347202271351200211351242230.md"
[2026-05-15 12:00:04] [morning-review]   📄 "intel/347203255347202271351200211351242230.md"
[2026-05-15 12:00:04] [morning-review]   📄 logs/git.log
[2026-05-15 12:00:04] [morning-review]   📄 logs/git.log
[2026-05-15 12:00:04] [morning-review]   📄 logs/hotspot.log
[2026-05-15 12:00:04] [morning-review]   📄 logs/hotspot.log
[2026-05-15 12:00:04] [morning-review]   📄 logs/xiaomijiao-cron.log
[2026-05-15 12:00:04] [morning-review]   📄 logs/xiaomijiao-cron.log
[2026-05-15 12:00:04] [morning-review]   📄 openclaw-skills
[2026-05-15 12:00:04] [morning-review]   📄 openclaw-skills
[2026-05-15 12:00:04] [morning-review]   📄 skills/self-improving/heartbeat-state.md
[2026-05-15 12:00:04] [morning-review]   📄 skills/self-improving/heartbeat-state.md
[2026-05-15 12:00:04] [morning-review] 📋 待办进度: ✅6 完成 / ⏳8 待做
[2026-05-15 12:00:04] [morning-review] 📋 待办进度: ✅6 完成 / ⏳8 待做
[2026-05-15 12:00:04] [morning-review] 📚 开始知识库结构化整理...
[2026-05-15 12:00:04] [morning-review] 📚 开始知识库结构化整理...
[2026-05-15 12:00:04] [morning-review] 📊 intel/ 目录文件数: 108
[2026-05-15 12:00:04] [morning-review] 📊 intel/ 目录文件数: 108
[2026-05-15 12:00:04] [morning-review] ✅ 所有文件更新正常
[2026-05-15 12:00:04] [morning-review] ✅ 所有文件更新正常
[2026-05-15 12:00:04] [morning-review] ✅ 无重复文件
[2026-05-15 12:00:04] [morning-review] ✅ 无重复文件
[2026-05-15 12:00:04] [morning-review] ✅ 知识库结构化整理完成
[2026-05-15 12:00:04] [morning-review] ✅ 知识库结构化整理完成
[2026-05-15 12:00:04] [morning-review] 📋 开始索引同步更新...
[2026-05-15 12:00:04] [morning-review] 📋 开始索引同步更新...
[2026-05-15 12:00:04] [morning-review] 📊 文件统计: intel/108 memory/61 logs/12 total/181
[2026-05-15 12:00:04] [morning-review] 📊 文件统计: intel/108 memory/61 logs/12 total/181
[2026-05-15 12:00:04] [morning-review] ✅ 索引文件已更新
[2026-05-15 12:00:04] [morning-review] ✅ 索引文件已更新
[2026-05-15 12:00:04] [morning-review] ✅ 索引同步更新完成
[2026-05-15 12:00:04] [morning-review] ✅ 索引同步更新完成
[2026-05-15 12:00:04] [morning-review] ✅ Git 已提交
[2026-05-15 12:00:04] [morning-review] ✅ Git 已提交
[2026-05-15 12:00:04] [morning-review] ⚠️ 推送失败（网络？），下次重试
[2026-05-15 12:00:04] [morning-review] ⚠️ 推送失败（网络？），下次重试
[2026-05-15 12:00:04] [morning-review] 🔄 更新 QMD 向量索引...
[2026-05-15 12:00:04] [morning-review] 🔄 更新 QMD 向量索引...
[2026-05-15 12:00:04] [morning-review] ⚠️ qmd 未找到，跳过
[2026-05-15 12:00:04] [morning-review] ⚠️ qmd 未找到，跳过
[2026-05-15 12:00:04] [morning-review] ===== 午间运营回顾完成 =====
[2026-05-15 12:00:04] [morning-review] ===== 午间运营回顾完成 =====
[2026-05-15 23:50:01] [daily-review] ===== 每日运营回顾开始（23:50）=====
[2026-05-15 23:50:01] [daily-review] ===== 每日运营回顾开始（23:50）=====
[2026-05-15 23:50:01] [daily-review] 📅 今日记忆文件: 43行
[2026-05-15 23:50:01] [daily-review] 📅 今日记忆文件: 43行
[2026-05-15 23:50:01] [daily-review] 提取多通道聊天记录（2026-05-15）...
[2026-05-15 23:50:01] [daily-review] 提取多通道聊天记录（2026-05-15）...
[2026-05-15 23:50:04] [daily-review] - 消息数：207
[2026-05-15 23:50:04] [daily-review] - 消息数：207
[2026-05-15 23:50:04] [daily-review] [0;32m[SUCCESS][0m 对话记录已保存：/root/.openclaw/workspace/agents/xiaomijiao/memory/chat-2026-05-15.md
[2026-05-15 23:50:04] [daily-review] [0;32m[SUCCESS][0m 对话记录已保存：/root/.openclaw/workspace/agents/xiaomijiao/memory/chat-2026-05-15.md
[2026-05-15 23:50:04] [daily-review] 消息数： 207
[2026-05-15 23:50:04] [daily-review] 消息数： 207
[2026-05-15 23:50:04] [daily-review] [0;32m[SUCCESS][0m 多通道对话提取完成！🎉
[2026-05-15 23:50:04] [daily-review] [0;32m[SUCCESS][0m 多通道对话提取完成！🎉
[2026-05-15 23:50:04] [daily-review] 📊 变更统计: intel/1 memory/0 config/2
[2026-05-15 23:50:04] [daily-review] 📊 变更统计: intel/1 memory/0 config/2
[2026-05-15 23:50:05] [daily-review]   📄 agents/xiaomijiao/memory/chat-2026-05-15.md
[2026-05-15 23:50:05] [daily-review]   📄 agents/xiaomijiao/memory/chat-2026-05-15.md
[2026-05-15 23:50:05] [daily-review]   📄 "intel/346225260346215256345244215347233230.md"
[2026-05-15 23:50:05] [daily-review]   📄 "intel/346225260346215256345244215347233230.md"
[2026-05-15 23:50:05] [daily-review]   📄 logs/git.log
[2026-05-15 23:50:05] [daily-review]   📄 logs/git.log
[2026-05-15 23:50:05] [daily-review]   📄 logs/xiaomijiao-cron.log
[2026-05-15 23:50:05] [daily-review]   📄 logs/xiaomijiao-cron.log
[2026-05-15 23:50:05] [daily-review] 📋 待办进度: ✅6 完成 / ⏳8 待做
[2026-05-15 23:50:05] [daily-review] 📋 待办进度: ✅6 完成 / ⏳8 待做
[2026-05-15 23:50:05] [daily-review] 📚 开始知识库结构化整理...
[2026-05-15 23:50:05] [daily-review] 📚 开始知识库结构化整理...
[2026-05-15 23:50:05] [daily-review] 📊 intel/ 目录文件数: 108
[2026-05-15 23:50:05] [daily-review] 📊 intel/ 目录文件数: 108
[2026-05-15 23:50:05] [daily-review] ✅ 所有文件更新正常
[2026-05-15 23:50:05] [daily-review] ✅ 所有文件更新正常
[2026-05-15 23:50:05] [daily-review] ✅ 无重复文件
[2026-05-15 23:50:05] [daily-review] ✅ 无重复文件
[2026-05-15 23:50:05] [daily-review] ✅ 知识库结构化整理完成
[2026-05-15 23:50:05] [daily-review] ✅ 知识库结构化整理完成
[2026-05-15 23:50:05] [daily-review] 📋 开始索引同步更新...
[2026-05-15 23:50:05] [daily-review] 📋 开始索引同步更新...
[2026-05-15 23:50:05] [daily-review] 📊 文件统计: intel/108 memory/61 logs/12 total/181
[2026-05-15 23:50:05] [daily-review] 📊 文件统计: intel/108 memory/61 logs/12 total/181
[2026-05-15 23:50:05] [daily-review] ✅ 索引文件已更新
[2026-05-15 23:50:05] [daily-review] ✅ 索引文件已更新
[2026-05-15 23:50:05] [daily-review] ✅ 索引同步更新完成
[2026-05-15 23:50:05] [daily-review] ✅ 索引同步更新完成
[2026-05-15 23:50:05] [daily-review] 🧠 开始记忆同步更新...
[2026-05-15 23:50:05] [daily-review] 🧠 开始记忆同步更新...
[2026-05-15 23:50:05] [daily-review] 📅 今日记忆: 43行
[2026-05-15 23:50:05] [daily-review] 📅 今日记忆: 43行
[2026-05-15 23:50:05] [daily-review] ⚠️ MEMORY.md 今天未更新
[2026-05-15 23:50:05] [daily-review] ⚠️ MEMORY.md 今天未更新
[2026-05-15 23:50:05] [daily-review] ✅ 记忆同步更新完成
[2026-05-15 23:50:05] [daily-review] ✅ 记忆同步更新完成
[2026-05-15 23:50:05] [daily-review] 🔧 开始 Git 库整理...
[2026-05-15 23:50:05] [daily-review] 🔧 开始 Git 库整理...
[2026-05-15 23:50:05] [daily-review] ✅ 无未跟踪文件
[2026-05-15 23:50:05] [daily-review] ✅ 无未跟踪文件
[2026-05-15 23:50:05] [daily-review] ⚠️ 发现 4 个未暂存变更
[2026-05-15 23:50:05] [daily-review] ⚠️ 发现 4 个未暂存变更
[2026-05-15 23:50:05] [daily-review] 📊 最近 5 次提交:
[2026-05-15 23:50:05] [daily-review] 📊 最近 5 次提交:
[2026-05-15 23:50:05] [daily-review]   90176830 docs(xiaomijiao): 午间回顾 - 2026-05-15
[2026-05-15 23:50:05] [daily-review]   90176830 docs(xiaomijiao): 午间回顾 - 2026-05-15
[2026-05-15 23:50:05] [daily-review]   e92a372f docs(xiaomijiao): 每日回顾 - 2026-05-14
[2026-05-15 23:50:05] [daily-review]   e92a372f docs(xiaomijiao): 每日回顾 - 2026-05-14
[2026-05-15 23:50:05] [daily-review]   40e811dd docs(xiaomijiao): 午间回顾 - 2026-05-14
[2026-05-15 23:50:05] [daily-review]   40e811dd docs(xiaomijiao): 午间回顾 - 2026-05-14
[2026-05-15 23:50:05] [daily-review]   9f518f00 docs(xiaomijiao): 每日回顾 - 2026-05-13
[2026-05-15 23:50:05] [daily-review]   9f518f00 docs(xiaomijiao): 每日回顾 - 2026-05-13
[2026-05-15 23:50:05] [daily-review]   6a893ba4 午间回顾：知识库结构化整理完成，新增知识库结构总览.md
[2026-05-15 23:50:05] [daily-review]   6a893ba4 午间回顾：知识库结构化整理完成，新增知识库结构总览.md
[2026-05-15 23:50:05] [daily-review] ✅ Git 库整理完成
[2026-05-15 23:50:05] [daily-review] ✅ Git 库整理完成
[2026-05-15 23:50:05] [daily-review] 🔍 开始查漏补缺...
[2026-05-15 23:50:05] [daily-review] 🔍 开始查漏补缺...
[2026-05-15 23:50:05] [daily-review] 📋 待办事项: 8 项待处理
[2026-05-15 23:50:05] [daily-review] 📋 待办事项: 8 项待处理
[2026-05-15 23:50:05] [daily-review] 🔴 P0 任务: 6 项未完成
[2026-05-15 23:50:05] [daily-review] 🔴 P0 任务: 6 项未完成
[2026-05-15 23:50:05] [daily-review] ⚠️ 发现 57 个超过 3 天未更新的记忆文件
[2026-05-15 23:50:05] [daily-review] ⚠️ 发现 57 个超过 3 天未更新的记忆文件
[2026-05-15 23:50:05] [daily-review] ✅ 查漏补缺完成
[2026-05-15 23:50:05] [daily-review] ✅ 查漏补缺完成
[2026-05-15 23:50:05] [daily-review] ✅ Git 已提交
[2026-05-15 23:50:05] [daily-review] ✅ Git 已提交
[2026-05-15 23:50:05] [daily-review] ⚠️ 推送失败（网络？），下次重试
[2026-05-15 23:50:05] [daily-review] ⚠️ 推送失败（网络？），下次重试
[2026-05-15 23:50:05] [daily-review] 🔄 更新 QMD 向量索引...
[2026-05-15 23:50:05] [daily-review] 🔄 更新 QMD 向量索引...
[2026-05-15 23:50:05] [daily-review] ⚠️ qmd 未找到，跳过
[2026-05-15 23:50:05] [daily-review] ⚠️ qmd 未找到，跳过
[2026-05-15 23:50:05] [daily-review] ===== 每日运营回顾完成 =====
[2026-05-15 23:50:05] [daily-review] ===== 每日运营回顾完成 =====
[2026-05-16 12:00:01] [morning-review] ===== 午间运营回顾开始（12:00）=====
[2026-05-16 12:00:01] [morning-review] ===== 午间运营回顾开始（12:00）=====
[2026-05-16 12:00:01] [morning-review] 📝 创建今日记忆文件模板...
[2026-05-16 12:00:01] [morning-review] 📝 创建今日记忆文件模板...
[2026-05-16 12:00:01] [morning-review] ✅ 记忆模板已创建
[2026-05-16 12:00:01] [morning-review] ✅ 记忆模板已创建
[2026-05-16 12:00:01] [morning-review] 提取多通道聊天记录（2026-05-16）...
[2026-05-16 12:00:01] [morning-review] 提取多通道聊天记录（2026-05-16）...
[2026-05-16 12:00:04] [morning-review] - 消息数：87
[2026-05-16 12:00:04] [morning-review] - 消息数：87
[2026-05-16 12:00:04] [morning-review] [0;32m[SUCCESS][0m 对话记录已保存：/root/.openclaw/workspace/agents/xiaomijiao/memory/chat-2026-05-16.md
[2026-05-16 12:00:04] [morning-review] [0;32m[SUCCESS][0m 对话记录已保存：/root/.openclaw/workspace/agents/xiaomijiao/memory/chat-2026-05-16.md
[2026-05-16 12:00:04] [morning-review] 消息数： 87
[2026-05-16 12:00:04] [morning-review] 消息数： 87
[2026-05-16 12:00:04] [morning-review] [0;32m[SUCCESS][0m 多通道对话提取完成！🎉
[2026-05-16 12:00:04] [morning-review] [0;32m[SUCCESS][0m 多通道对话提取完成！🎉
[2026-05-16 12:00:04] [morning-review] 📊 变更统计: intel/1 memory/0 config/2
[2026-05-16 12:00:04] [morning-review] 📊 变更统计: intel/1 memory/0 config/2
[2026-05-16 12:00:04] [morning-review]   📄 "intel/347203255347202271351200211351242230.md"
[2026-05-16 12:00:04] [morning-review]   📄 "intel/347203255347202271351200211351242230.md"
[2026-05-16 12:00:04] [morning-review]   📄 logs/git.log
[2026-05-16 12:00:04] [morning-review]   📄 logs/git.log
[2026-05-16 12:00:04] [morning-review]   📄 logs/hotspot.log
[2026-05-16 12:00:04] [morning-review]   📄 logs/hotspot.log
[2026-05-16 12:00:04] [morning-review]   📄 logs/xiaomijiao-cron.log
[2026-05-16 12:00:04] [morning-review]   📄 logs/xiaomijiao-cron.log
[2026-05-16 12:00:04] [morning-review]   📄 skills/self-improving/heartbeat-state.md
[2026-05-16 12:00:04] [morning-review]   📄 skills/self-improving/heartbeat-state.md
[2026-05-16 12:00:04] [morning-review] 📋 待办进度: ✅6 完成 / ⏳8 待做
[2026-05-16 12:00:04] [morning-review] 📋 待办进度: ✅6 完成 / ⏳8 待做
[2026-05-16 12:00:04] [morning-review] 📚 开始知识库结构化整理...
[2026-05-16 12:00:04] [morning-review] 📚 开始知识库结构化整理...
[2026-05-16 12:00:04] [morning-review] 📊 intel/ 目录文件数: 108
[2026-05-16 12:00:04] [morning-review] 📊 intel/ 目录文件数: 108
[2026-05-16 12:00:04] [morning-review] ⚠️ 发现 101 个超过 7 天未更新的文件
[2026-05-16 12:00:04] [morning-review] ⚠️ 发现 101 个超过 7 天未更新的文件
[2026-05-16 12:00:04] [morning-review]   📄 工具与技能清单.md (超过 7 天)
[2026-05-16 12:00:04] [morning-review]   📄 工具与技能清单.md (超过 7 天)
[2026-05-16 12:00:04] [morning-review]   📄 办公室5分钟瑜伽.md (超过 7 天)
[2026-05-16 12:00:04] [morning-review]   📄 办公室5分钟瑜伽.md (超过 7 天)
[2026-05-16 12:00:04] [morning-review]   📄 商贸数据复盘_20260414.md (超过 7 天)
[2026-05-16 12:00:04] [morning-review]   📄 商贸数据复盘_20260414.md (超过 7 天)
[2026-05-16 12:00:04] [morning-review]   📄 公众号测评文章.md (超过 7 天)
[2026-05-16 12:00:04] [morning-review]   📄 公众号测评文章.md (超过 7 天)
[2026-05-16 12:00:04] [morning-review]   📄 首篇笔记内容-2026-04-09.md (超过 7 天)
[2026-05-16 12:00:04] [morning-review]   📄 首篇笔记内容-2026-04-09.md (超过 7 天)
[2026-05-16 12:00:04] [morning-review]   📄 私聊话术设计-2026-04-09.md (超过 7 天)
[2026-05-16 12:00:04] [morning-review]   📄 私聊话术设计-2026-04-09.md (超过 7 天)
[2026-05-16 12:00:04] [morning-review]   📄 日常运营知识库.md (超过 7 天)
[2026-05-16 12:00:04] [morning-review]   📄 日常运营知识库.md (超过 7 天)
[2026-05-16 12:00:04] [morning-review]   📄 Public-APIs-RAKE-关键词提取API调研.md (超过 7 天)
[2026-05-16 12:00:04] [morning-review]   📄 Public-APIs-RAKE-关键词提取API调研.md (超过 7 天)
[2026-05-16 12:00:04] [morning-review]   📄 2026-04-23-午间回顾.md (超过 7 天)
[2026-05-16 12:00:04] [morning-review]   📄 2026-04-23-午间回顾.md (超过 7 天)
[2026-05-16 12:00:04] [morning-review]   📄 URL-Shortener-短链接生成API-链接优化工具.md (超过 7 天)
[2026-05-16 12:00:04] [morning-review]   📄 URL-Shortener-短链接生成API-链接优化工具.md (超过 7 天)
[2026-05-16 12:00:04] [morning-review]   📄 2026-04-15-午间回顾.md (超过 7 天)
[2026-05-16 12:00:04] [morning-review]   📄 2026-04-15-午间回顾.md (超过 7 天)
[2026-05-16 12:00:04] [morning-review]   📄 商贸模式状态更新.md (超过 7 天)
[2026-05-16 12:00:04] [morning-review]   📄 商贸模式状态更新.md (超过 7 天)
[2026-05-16 12:00:04] [morning-review]   📄 NumPy-数值计算库-基础工具.md (超过 7 天)
[2026-05-16 12:00:04] [morning-review]   📄 NumPy-数值计算库-基础工具.md (超过 7 天)
[2026-05-16 12:00:04] [morning-review]   📄 2026-04-30-午间回顾.md (超过 7 天)
[2026-05-16 12:00:04] [morning-review]   📄 2026-04-30-午间回顾.md (超过 7 天)
[2026-05-16 12:00:04] [morning-review]   📄 小米椒出海方案.md (超过 7 天)
[2026-05-16 12:00:04] [morning-review]   📄 小米椒出海方案.md (超过 7 天)
[2026-05-16 12:00:04] [morning-review]   📄 QR-Code-二维码生成API-推广工具.md (超过 7 天)
[2026-05-16 12:00:04] [morning-review]   📄 QR-Code-二维码生成API-推广工具.md (超过 7 天)
[2026-05-16 12:00:04] [morning-review]   📄 Public-APIs-Poof-背景移除API调研.md (超过 7 天)
[2026-05-16 12:00:04] [morning-review]   📄 Public-APIs-Poof-背景移除API调研.md (超过 7 天)
[2026-05-16 12:00:04] [morning-review]   📄 今日回顾_2026-04-09.md (超过 7 天)
[2026-05-16 12:00:04] [morning-review]   📄 今日回顾_2026-04-09.md (超过 7 天)
[2026-05-16 12:00:04] [morning-review]   📄 Public-APIs-APITubeNews-热点采集API调研.md (超过 7 天)
[2026-05-16 12:00:04] [morning-review]   📄 Public-APIs-APITubeNews-热点采集API调研.md (超过 7 天)
[2026-05-16 12:00:04] [morning-review]   📄 2026-05-05完整复盘.md (超过 7 天)
[2026-05-16 12:00:04] [morning-review]   📄 2026-05-05完整复盘.md (超过 7 天)
[2026-05-16 12:00:04] [morning-review]   📄 2026-05-02-午间回顾.md (超过 7 天)
[2026-05-16 12:00:04] [morning-review]   📄 2026-05-02-午间回顾.md (超过 7 天)
[2026-05-16 12:00:04] [morning-review]   📄 1688供应商筛选标准.md (超过 7 天)
[2026-05-16 12:00:04] [morning-review]   📄 1688供应商筛选标准.md (超过 7 天)
[2026-05-16 12:00:04] [morning-review]   📄 Text-Summarization-文本摘要API-内容提炼工具.md (超过 7 天)
[2026-05-16 12:00:04] [morning-review]   📄 Text-Summarization-文本摘要API-内容提炼工具.md (超过 7 天)
[2026-05-16 12:00:04] [morning-review]   📄 Public-APIs-新媒体运营资源.md (超过 7 天)
[2026-05-16 12:00:04] [morning-review]   📄 Public-APIs-新媒体运营资源.md (超过 7 天)
[2026-05-16 12:00:04] [morning-review]   📄 OpenClaw-3.22安全加固指南.md (超过 7 天)
[2026-05-16 12:00:04] [morning-review]   📄 OpenClaw-3.22安全加固指南.md (超过 7 天)
[2026-05-16 12:00:04] [morning-review]   📄 xiaohongshu-ops-完整优化方案.md (超过 7 天)
[2026-05-16 12:00:04] [morning-review]   📄 xiaohongshu-ops-完整优化方案.md (超过 7 天)
[2026-05-16 12:00:04] [morning-review]   📄 选题灵感.md (超过 7 天)
[2026-05-16 12:00:04] [morning-review]   📄 选题灵感.md (超过 7 天)
[2026-05-16 12:00:04] [morning-review]   📄 Public-APIs-ShotOG-封面生成API调研.md (超过 7 天)
[2026-05-16 12:00:04] [morning-review]   📄 Public-APIs-ShotOG-封面生成API调研.md (超过 7 天)
[2026-05-16 12:00:04] [morning-review]   📄 Public-APIs-Meteoblue-天气选题API调研.md (超过 7 天)
[2026-05-16 12:00:04] [morning-review]   📄 Public-APIs-Meteoblue-天气选题API调研.md (超过 7 天)
[2026-05-16 12:00:04] [morning-review]   📄 商贸模式使用说明.md (超过 7 天)
[2026-05-16 12:00:04] [morning-review]   📄 商贸模式使用说明.md (超过 7 天)
[2026-05-16 12:00:04] [morning-review]   📄 2026-04-19-午间回顾.md (超过 7 天)
[2026-05-16 12:00:04] [morning-review]   📄 2026-04-19-午间回顾.md (超过 7 天)
[2026-05-16 12:00:04] [morning-review]   📄 商贸系统化落地方案.md (超过 7 天)
[2026-05-16 12:00:04] [morning-review]   📄 商贸系统化落地方案.md (超过 7 天)
[2026-05-16 12:00:04] [morning-review]   📄 MoviePy-视频处理库-视频编辑工具.md (超过 7 天)
[2026-05-16 12:00:04] [morning-review]   📄 MoviePy-视频处理库-视频编辑工具.md (超过 7 天)
[2026-05-16 12:00:04] [morning-review]   📄 2026-04-20-午间回顾.md (超过 7 天)
[2026-05-16 12:00:04] [morning-review]   📄 2026-04-20-午间回顾.md (超过 7 天)
[2026-05-16 12:00:04] [morning-review]   📄 Public-APIs-ImageCompressor-图片压缩API调研.md (超过 7 天)
[2026-05-16 12:00:04] [morning-review]   📄 Public-APIs-ImageCompressor-图片压缩API调研.md (超过 7 天)
[2026-05-16 12:00:04] [morning-review]   📄 小米椒商贸定价与成本计算方案.md (超过 7 天)
[2026-05-16 12:00:04] [morning-review]   📄 小米椒商贸定价与成本计算方案.md (超过 7 天)
[2026-05-16 12:00:04] [morning-review]   📄 1688-供应商对比报告.md (超过 7 天)
[2026-05-16 12:00:04] [morning-review]   📄 1688-供应商对比报告.md (超过 7 天)
[2026-05-16 12:00:04] [morning-review]   📄 明日选题预研.md (超过 7 天)
[2026-05-16 12:00:04] [morning-review]   📄 明日选题预研.md (超过 7 天)
[2026-05-16 12:00:04] [morning-review]   📄 商贸模式常用操作.md (超过 7 天)
[2026-05-16 12:00:04] [morning-review]   📄 商贸模式常用操作.md (超过 7 天)
[2026-05-16 12:00:04] [morning-review]   📄 淘宝API验证计划.md (超过 7 天)
[2026-05-16 12:00:04] [morning-review]   📄 淘宝API验证计划.md (超过 7 天)
[2026-05-16 12:00:04] [morning-review]   📄 模型切换方案-百炼主线-v2.md (超过 7 天)
[2026-05-16 12:00:04] [morning-review]   📄 模型切换方案-百炼主线-v2.md (超过 7 天)
[2026-05-16 12:00:04] [morning-review]   📄 推荐工作-闲鱼一件代发.md (超过 7 天)
[2026-05-16 12:00:04] [morning-review]   📄 推荐工作-闲鱼一件代发.md (超过 7 天)
[2026-05-16 12:00:04] [morning-review]   📄 百炼模型配置方案.md (超过 7 天)
[2026-05-16 12:00:04] [morning-review]   📄 百炼模型配置方案.md (超过 7 天)
[2026-05-16 12:00:04] [morning-review]   📄 公众号运营策略.md (超过 7 天)
[2026-05-16 12:00:04] [morning-review]   📄 公众号运营策略.md (超过 7 天)
[2026-05-16 12:00:04] [morning-review]   📄 系统架构知识库.md (超过 7 天)
[2026-05-16 12:00:04] [morning-review]   📄 系统架构知识库.md (超过 7 天)
[2026-05-16 12:00:04] [morning-review]   📄 P1-助眠好物框架.md (超过 7 天)
[2026-05-16 12:00:04] [morning-review]   📄 P1-助眠好物框架.md (超过 7 天)
[2026-05-16 12:00:04] [morning-review]   📄 Requests-HTTP请求库-API调用工具.md (超过 7 天)
[2026-05-16 12:00:04] [morning-review]   📄 Requests-HTTP请求库-API调用工具.md (超过 7 天)
[2026-05-16 12:00:04] [morning-review]   📄 模型切换方案-百炼主线.md (超过 7 天)
[2026-05-16 12:00:04] [morning-review]   📄 模型切换方案-百炼主线.md (超过 7 天)
[2026-05-16 12:00:04] [morning-review]   📄 小米椒客户开发实战方案.md (超过 7 天)
[2026-05-16 12:00:04] [morning-review]   📄 小米椒客户开发实战方案.md (超过 7 天)
[2026-05-16 12:00:04] [morning-review]   📄 小红书选题清单-2026-04-09.md (超过 7 天)
[2026-05-16 12:00:04] [morning-review]   📄 小红书选题清单-2026-04-09.md (超过 7 天)
[2026-05-16 12:00:04] [morning-review]   📄 小米椒商贸出海定制方案.md (超过 7 天)
[2026-05-16 12:00:04] [morning-review]   📄 小米椒商贸出海定制方案.md (超过 7 天)
[2026-05-16 12:00:04] [morning-review]   📄 Qwen3.6-Plus免费使用指南.md (超过 7 天)
[2026-05-16 12:00:04] [morning-review]   📄 Qwen3.6-Plus免费使用指南.md (超过 7 天)
[2026-05-16 12:00:04] [morning-review]   📄 公众号转型思路.md (超过 7 天)
[2026-05-16 12:00:04] [morning-review]   📄 公众号转型思路.md (超过 7 天)
[2026-05-16 12:00:04] [morning-review]   📄 Public-APIs-ImageCompressor集成说明.md (超过 7 天)
[2026-05-16 12:00:04] [morning-review]   📄 Public-APIs-ImageCompressor集成说明.md (超过 7 天)
[2026-05-16 12:00:04] [morning-review]   📄 FFmpeg-视频处理工具-命令行视频编辑器.md (超过 7 天)
[2026-05-16 12:00:04] [morning-review]   📄 FFmpeg-视频处理工具-命令行视频编辑器.md (超过 7 天)
[2026-05-16 12:00:04] [morning-review]   📄 xiaohongshu-ops-商贸优化-P1P2方案.md (超过 7 天)
[2026-05-16 12:00:04] [morning-review]   📄 xiaohongshu-ops-商贸优化-P1P2方案.md (超过 7 天)
[2026-05-16 12:00:04] [morning-review]   📄 LongCat模型配置知识库.md (超过 7 天)
[2026-05-16 12:00:04] [morning-review]   📄 LongCat模型配置知识库.md (超过 7 天)
[2026-05-16 12:00:04] [morning-review]   📄 商贸数据复盘_20260424.md (超过 7 天)
[2026-05-16 12:00:04] [morning-review]   📄 商贸数据复盘_20260424.md (超过 7 天)
[2026-05-16 12:00:04] [morning-review]   📄 BeautifulSoup-HTML解析库-网页抓取工具.md (超过 7 天)
[2026-05-16 12:00:04] [morning-review]   📄 BeautifulSoup-HTML解析库-网页抓取工具.md (超过 7 天)
[2026-05-16 12:00:04] [morning-review]   📄 结构化整理报告-2026-04-11.md (超过 7 天)
[2026-05-16 12:00:04] [morning-review]   📄 结构化整理报告-2026-04-11.md (超过 7 天)
[2026-05-16 12:00:04] [morning-review]   📄 2026-05-01-午间回顾.md (超过 7 天)
[2026-05-16 12:00:04] [morning-review]   📄 2026-05-01-午间回顾.md (超过 7 天)
[2026-05-16 12:00:04] [morning-review]   📄 小红书文章清单_综合版.md (超过 7 天)
[2026-05-16 12:00:04] [morning-review]   📄 小红书文章清单_综合版.md (超过 7 天)
[2026-05-16 12:00:04] [morning-review]   📄 运营待办.md (超过 7 天)
[2026-05-16 12:00:04] [morning-review]   📄 运营待办.md (超过 7 天)
[2026-05-16 12:00:04] [morning-review]   📄 内容初稿.md (超过 7 天)
[2026-05-16 12:00:04] [morning-review]   📄 内容初稿.md (超过 7 天)
[2026-05-16 12:00:04] [morning-review]   📄 2026-04-22-午间回顾.md (超过 7 天)
[2026-05-16 12:00:04] [morning-review]   📄 2026-04-22-午间回顾.md (超过 7 天)
[2026-05-16 12:00:04] [morning-review]   📄 2026-04-24-午间回顾.md (超过 7 天)
[2026-05-16 12:00:04] [morning-review]   📄 2026-04-24-午间回顾.md (超过 7 天)
[2026-05-16 12:00:04] [morning-review]   📄 知识库索引.md (超过 7 天)
[2026-05-16 12:00:04] [morning-review]   📄 知识库索引.md (超过 7 天)
[2026-05-16 12:00:04] [morning-review]   📄 选品调研.md (超过 7 天)
[2026-05-16 12:00:04] [morning-review]   📄 选品调研.md (超过 7 天)
[2026-05-16 12:00:04] [morning-review]   📄 OpenClaw自主进化指南.md (超过 7 天)
[2026-05-16 12:00:04] [morning-review]   📄 OpenClaw自主进化指南.md (超过 7 天)
[2026-05-16 12:00:04] [morning-review]   📄 每日晚间回顾报告-2026-04-02.md (超过 7 天)
[2026-05-16 12:00:04] [morning-review]   📄 每日晚间回顾报告-2026-04-02.md (超过 7 天)
[2026-05-16 12:00:04] [morning-review]   📄 每日晚间回顾报告-2026-03-27.md (超过 7 天)
[2026-05-16 12:00:04] [morning-review]   📄 每日晚间回顾报告-2026-03-27.md (超过 7 天)
[2026-05-16 12:00:04] [morning-review]   📄 视频脚本-蒸汽眼罩-20260401.md (超过 7 天)
[2026-05-16 12:00:04] [morning-review]   📄 视频脚本-蒸汽眼罩-20260401.md (超过 7 天)
[2026-05-16 12:00:04] [morning-review]   📄 Public-APIs-新媒体运营资源-最终版.md (超过 7 天)
[2026-05-16 12:00:04] [morning-review]   📄 Public-APIs-新媒体运营资源-最终版.md (超过 7 天)
[2026-05-16 12:00:04] [morning-review]   📄 memory-lessons-2026-03.md (超过 7 天)
[2026-05-16 12:00:04] [morning-review]   📄 memory-lessons-2026-03.md (超过 7 天)
[2026-05-16 12:00:04] [morning-review]   📄 内容初稿-蒸汽眼罩-20260401.md (超过 7 天)
[2026-05-16 12:00:04] [morning-review]   📄 内容初稿-蒸汽眼罩-20260401.md (超过 7 天)
[2026-05-16 12:00:04] [morning-review]   📄 每日午间回顾报告-2026-03-30.md (超过 7 天)
[2026-05-16 12:00:04] [morning-review]   📄 每日午间回顾报告-2026-03-30.md (超过 7 天)
[2026-05-16 12:00:04] [morning-review]   📄 深度回顾报告-2026-04-01.md (超过 7 天)
[2026-05-16 12:00:04] [morning-review]   📄 深度回顾报告-2026-04-01.md (超过 7 天)
[2026-05-16 12:00:04] [morning-review]   📄 Public-APIs-新媒体运营资源-v2.0.md (超过 7 天)
[2026-05-16 12:00:04] [morning-review]   📄 Public-APIs-新媒体运营资源-v2.0.md (超过 7 天)
[2026-05-16 12:00:04] [morning-review]   📄 每日晚间回顾报告-2026-04-03.md (超过 7 天)
[2026-05-16 12:00:04] [morning-review]   📄 每日晚间回顾报告-2026-04-03.md (超过 7 天)
[2026-05-16 12:00:04] [morning-review]   📄 内容初稿-2026-04-01.md (超过 7 天)
[2026-05-16 12:00:04] [morning-review]   📄 内容初稿-2026-04-01.md (超过 7 天)
[2026-05-16 12:00:04] [morning-review]   📄 每日晚间回顾报告-2026-04-01.md (超过 7 天)
[2026-05-16 12:00:04] [morning-review]   📄 每日晚间回顾报告-2026-04-01.md (超过 7 天)
[2026-05-16 12:00:04] [morning-review]   📄 每日晚间回顾报告-2026-03-30.md (超过 7 天)
[2026-05-16 12:00:04] [morning-review]   📄 每日晚间回顾报告-2026-03-30.md (超过 7 天)
[2026-05-16 12:00:04] [morning-review]   📄 每日午间回顾报告-2026-04-01.md (超过 7 天)
[2026-05-16 12:00:04] [morning-review]   📄 每日午间回顾报告-2026-04-01.md (超过 7 天)
[2026-05-16 12:00:04] [morning-review]   📄 每日晚间回顾报告-2026-04-04.md (超过 7 天)
[2026-05-16 12:00:04] [morning-review]   📄 每日晚间回顾报告-2026-04-04.md (超过 7 天)
[2026-05-16 12:00:04] [morning-review]   📄 视频脚本-蒸汽眼罩-种草版-20260401.md (超过 7 天)
[2026-05-16 12:00:04] [morning-review]   📄 视频脚本-蒸汽眼罩-种草版-20260401.md (超过 7 天)
[2026-05-16 12:00:04] [morning-review]   📄 小红书文章清单_瑜伽版.md (超过 7 天)
[2026-05-16 12:00:04] [morning-review]   📄 小红书文章清单_瑜伽版.md (超过 7 天)
[2026-05-16 12:00:04] [morning-review]   📄 小红书文章清单.md (超过 7 天)
[2026-05-16 12:00:04] [morning-review]   📄 小红书文章清单.md (超过 7 天)
[2026-05-16 12:00:04] [morning-review]   📄 每日午间回顾报告-2026-04-21.md (超过 7 天)
[2026-05-16 12:00:04] [morning-review]   📄 每日午间回顾报告-2026-04-21.md (超过 7 天)
[2026-05-16 12:00:04] [morning-review]   📄 2026-04-26-午间回顾.md (超过 7 天)
[2026-05-16 12:00:04] [morning-review]   📄 2026-04-26-午间回顾.md (超过 7 天)
[2026-05-16 12:00:04] [morning-review]   📄 Public-APIs-Pandas-数据分析API调研.md (超过 7 天)
[2026-05-16 12:00:04] [morning-review]   📄 Public-APIs-Pandas-数据分析API调研.md (超过 7 天)
[2026-05-16 12:00:04] [morning-review]   📄 技能知识库.md (超过 7 天)
[2026-05-16 12:00:04] [morning-review]   📄 技能知识库.md (超过 7 天)
[2026-05-16 12:00:04] [morning-review]   📄 办公室瑜伽完全指南.md (超过 7 天)
[2026-05-16 12:00:04] [morning-review]   📄 办公室瑜伽完全指南.md (超过 7 天)
[2026-05-16 12:00:04] [morning-review]   📄 品牌过往爆款.md (超过 7 天)
[2026-05-16 12:00:04] [morning-review]   📄 品牌过往爆款.md (超过 7 天)
[2026-05-16 12:00:04] [morning-review]   📄 路径规划-1688小红书闲鱼.md (超过 7 天)
[2026-05-16 12:00:04] [morning-review]   📄 路径规划-1688小红书闲鱼.md (超过 7 天)
[2026-05-16 12:00:04] [morning-review]   📄 小红书运营知识库.md (超过 7 天)
[2026-05-16 12:00:04] [morning-review]   📄 小红书运营知识库.md (超过 7 天)
[2026-05-16 12:00:04] [morning-review]   📄 闲鱼上架清单-2026-04-09.md (超过 7 天)
[2026-05-16 12:00:04] [morning-review]   📄 闲鱼上架清单-2026-04-09.md (超过 7 天)
[2026-05-16 12:00:04] [morning-review]   📄 2026-04-15-系统状态检查.md (超过 7 天)
[2026-05-16 12:00:04] [morning-review]   📄 2026-04-15-系统状态检查.md (超过 7 天)
[2026-05-16 12:00:04] [morning-review]   📄 2026-04-28-午间回顾.md (超过 7 天)
[2026-05-16 12:00:04] [morning-review]   📄 2026-04-28-午间回顾.md (超过 7 天)
[2026-05-16 12:00:04] [morning-review]   📄 Public-APIs-Plotly-数据可视化API调研.md (超过 7 天)
[2026-05-16 12:00:04] [morning-review]   📄 Public-APIs-Plotly-数据可视化API调研.md (超过 7 天)
[2026-05-16 12:00:04] [morning-review]   📄 Public-APIs-VADER-情感分析API调研.md (超过 7 天)
[2026-05-16 12:00:04] [morning-review]   📄 Public-APIs-VADER-情感分析API调研.md (超过 7 天)
[2026-05-16 12:00:04] [morning-review]   📄 xiaohongshu-ops-商贸优化方案.md (超过 7 天)
[2026-05-16 12:00:04] [morning-review]   📄 xiaohongshu-ops-商贸优化方案.md (超过 7 天)
[2026-05-16 12:00:04] [morning-review] ✅ 无重复文件
[2026-05-16 12:00:04] [morning-review] ✅ 无重复文件
[2026-05-16 12:00:04] [morning-review] ✅ 知识库结构化整理完成
[2026-05-16 12:00:04] [morning-review] ✅ 知识库结构化整理完成
[2026-05-16 12:00:04] [morning-review] 📋 开始索引同步更新...
[2026-05-16 12:00:04] [morning-review] 📋 开始索引同步更新...
[2026-05-16 12:00:04] [morning-review] 📊 文件统计: intel/108 memory/62 logs/12 total/182
[2026-05-16 12:00:04] [morning-review] 📊 文件统计: intel/108 memory/62 logs/12 total/182
[2026-05-16 12:00:04] [morning-review] ✅ 索引文件已更新
[2026-05-16 12:00:04] [morning-review] ✅ 索引文件已更新
[2026-05-16 12:00:04] [morning-review] ✅ 索引同步更新完成
[2026-05-16 12:00:04] [morning-review] ✅ 索引同步更新完成
[2026-05-16 12:00:05] [morning-review] ✅ Git 已提交
[2026-05-16 12:00:05] [morning-review] ✅ Git 已提交
[2026-05-16 12:00:05] [morning-review] ⚠️ 推送失败（网络？），下次重试
[2026-05-16 12:00:05] [morning-review] ⚠️ 推送失败（网络？），下次重试
[2026-05-16 12:00:05] [morning-review] 🔄 更新 QMD 向量索引...
[2026-05-16 12:00:05] [morning-review] 🔄 更新 QMD 向量索引...
[2026-05-16 12:00:05] [morning-review] ⚠️ qmd 未找到，跳过
[2026-05-16 12:00:05] [morning-review] ⚠️ qmd 未找到，跳过
[2026-05-16 12:00:05] [morning-review] ===== 午间运营回顾完成 =====
[2026-05-16 12:00:05] [morning-review] ===== 午间运营回顾完成 =====
[2026-05-16 23:50:01] [daily-review] ===== 每日运营回顾开始（23:50）=====
[2026-05-16 23:50:01] [daily-review] ===== 每日运营回顾开始（23:50）=====
[2026-05-16 23:50:01] [daily-review] 📅 今日记忆文件: 43行
[2026-05-16 23:50:01] [daily-review] 📅 今日记忆文件: 43行
[2026-05-16 23:50:01] [daily-review] 提取多通道聊天记录（2026-05-16）...
[2026-05-16 23:50:01] [daily-review] 提取多通道聊天记录（2026-05-16）...
[2026-05-16 23:50:03] [daily-review] - 消息数：199
[2026-05-16 23:50:03] [daily-review] - 消息数：199
[2026-05-16 23:50:03] [daily-review] [0;32m[SUCCESS][0m 对话记录已保存：/root/.openclaw/workspace/agents/xiaomijiao/memory/chat-2026-05-16.md
[2026-05-16 23:50:03] [daily-review] [0;32m[SUCCESS][0m 对话记录已保存：/root/.openclaw/workspace/agents/xiaomijiao/memory/chat-2026-05-16.md
[2026-05-16 23:50:03] [daily-review] 消息数： 199
[2026-05-16 23:50:03] [daily-review] 消息数： 199
[2026-05-16 23:50:03] [daily-review] [0;32m[SUCCESS][0m 多通道对话提取完成！🎉
[2026-05-16 23:50:03] [daily-review] [0;32m[SUCCESS][0m 多通道对话提取完成！🎉
[2026-05-16 23:50:03] [daily-review] 📊 变更统计: intel/1 memory/0 config/2
[2026-05-16 23:50:03] [daily-review] 📊 变更统计: intel/1 memory/0 config/2
[2026-05-16 23:50:03] [daily-review]   📄 agents/xiaomijiao/memory/chat-2026-05-16.md
[2026-05-16 23:50:03] [daily-review]   📄 agents/xiaomijiao/memory/chat-2026-05-16.md
[2026-05-16 23:50:03] [daily-review]   📄 "intel/346225260346215256345244215347233230.md"
[2026-05-16 23:50:03] [daily-review]   📄 "intel/346225260346215256345244215347233230.md"
[2026-05-16 23:50:03] [daily-review]   📄 logs/git.log
[2026-05-16 23:50:03] [daily-review]   📄 logs/git.log
[2026-05-16 23:50:03] [daily-review]   📄 logs/xiaomijiao-cron.log
[2026-05-16 23:50:03] [daily-review]   📄 logs/xiaomijiao-cron.log
[2026-05-16 23:50:03] [daily-review] 📋 待办进度: ✅6 完成 / ⏳8 待做
[2026-05-16 23:50:03] [daily-review] 📋 待办进度: ✅6 完成 / ⏳8 待做
[2026-05-16 23:50:03] [daily-review] 📚 开始知识库结构化整理...
[2026-05-16 23:50:03] [daily-review] 📚 开始知识库结构化整理...
[2026-05-16 23:50:04] [daily-review] 📊 intel/ 目录文件数: 108
[2026-05-16 23:50:04] [daily-review] 📊 intel/ 目录文件数: 108
[2026-05-16 23:50:04] [daily-review] ⚠️ 发现 101 个超过 7 天未更新的文件
[2026-05-16 23:50:04] [daily-review] ⚠️ 发现 101 个超过 7 天未更新的文件
[2026-05-16 23:50:04] [daily-review]   📄 工具与技能清单.md (超过 7 天)
[2026-05-16 23:50:04] [daily-review]   📄 工具与技能清单.md (超过 7 天)
[2026-05-16 23:50:04] [daily-review]   📄 办公室5分钟瑜伽.md (超过 7 天)
[2026-05-16 23:50:04] [daily-review]   📄 办公室5分钟瑜伽.md (超过 7 天)
[2026-05-16 23:50:04] [daily-review]   📄 商贸数据复盘_20260414.md (超过 7 天)
[2026-05-16 23:50:04] [daily-review]   📄 商贸数据复盘_20260414.md (超过 7 天)
[2026-05-16 23:50:04] [daily-review]   📄 公众号测评文章.md (超过 7 天)
[2026-05-16 23:50:04] [daily-review]   📄 公众号测评文章.md (超过 7 天)
[2026-05-16 23:50:04] [daily-review]   📄 首篇笔记内容-2026-04-09.md (超过 7 天)
[2026-05-16 23:50:04] [daily-review]   📄 首篇笔记内容-2026-04-09.md (超过 7 天)
[2026-05-16 23:50:04] [daily-review]   📄 私聊话术设计-2026-04-09.md (超过 7 天)
[2026-05-16 23:50:04] [daily-review]   📄 私聊话术设计-2026-04-09.md (超过 7 天)
[2026-05-16 23:50:04] [daily-review]   📄 日常运营知识库.md (超过 7 天)
[2026-05-16 23:50:04] [daily-review]   📄 日常运营知识库.md (超过 7 天)
[2026-05-16 23:50:04] [daily-review]   📄 Public-APIs-RAKE-关键词提取API调研.md (超过 7 天)
[2026-05-16 23:50:04] [daily-review]   📄 Public-APIs-RAKE-关键词提取API调研.md (超过 7 天)
[2026-05-16 23:50:04] [daily-review]   📄 2026-04-23-午间回顾.md (超过 7 天)
[2026-05-16 23:50:04] [daily-review]   📄 2026-04-23-午间回顾.md (超过 7 天)
[2026-05-16 23:50:04] [daily-review]   📄 URL-Shortener-短链接生成API-链接优化工具.md (超过 7 天)
[2026-05-16 23:50:04] [daily-review]   📄 URL-Shortener-短链接生成API-链接优化工具.md (超过 7 天)
[2026-05-16 23:50:04] [daily-review]   📄 2026-04-15-午间回顾.md (超过 7 天)
[2026-05-16 23:50:04] [daily-review]   📄 2026-04-15-午间回顾.md (超过 7 天)
[2026-05-16 23:50:04] [daily-review]   📄 商贸模式状态更新.md (超过 7 天)
[2026-05-16 23:50:04] [daily-review]   📄 商贸模式状态更新.md (超过 7 天)
[2026-05-16 23:50:04] [daily-review]   📄 NumPy-数值计算库-基础工具.md (超过 7 天)
[2026-05-16 23:50:04] [daily-review]   📄 NumPy-数值计算库-基础工具.md (超过 7 天)
[2026-05-16 23:50:04] [daily-review]   📄 2026-04-30-午间回顾.md (超过 7 天)
[2026-05-16 23:50:04] [daily-review]   📄 2026-04-30-午间回顾.md (超过 7 天)
[2026-05-16 23:50:04] [daily-review]   📄 小米椒出海方案.md (超过 7 天)
[2026-05-16 23:50:04] [daily-review]   📄 小米椒出海方案.md (超过 7 天)
[2026-05-16 23:50:04] [daily-review]   📄 QR-Code-二维码生成API-推广工具.md (超过 7 天)
[2026-05-16 23:50:04] [daily-review]   📄 QR-Code-二维码生成API-推广工具.md (超过 7 天)
[2026-05-16 23:50:04] [daily-review]   📄 Public-APIs-Poof-背景移除API调研.md (超过 7 天)
[2026-05-16 23:50:04] [daily-review]   📄 Public-APIs-Poof-背景移除API调研.md (超过 7 天)
[2026-05-16 23:50:04] [daily-review]   📄 今日回顾_2026-04-09.md (超过 7 天)
[2026-05-16 23:50:04] [daily-review]   📄 今日回顾_2026-04-09.md (超过 7 天)
[2026-05-16 23:50:04] [daily-review]   📄 Public-APIs-APITubeNews-热点采集API调研.md (超过 7 天)
[2026-05-16 23:50:04] [daily-review]   📄 Public-APIs-APITubeNews-热点采集API调研.md (超过 7 天)
[2026-05-16 23:50:04] [daily-review]   📄 2026-05-05完整复盘.md (超过 7 天)
[2026-05-16 23:50:04] [daily-review]   📄 2026-05-05完整复盘.md (超过 7 天)
[2026-05-16 23:50:04] [daily-review]   📄 2026-05-02-午间回顾.md (超过 7 天)
[2026-05-16 23:50:04] [daily-review]   📄 2026-05-02-午间回顾.md (超过 7 天)
[2026-05-16 23:50:04] [daily-review]   📄 1688供应商筛选标准.md (超过 7 天)
[2026-05-16 23:50:04] [daily-review]   📄 1688供应商筛选标准.md (超过 7 天)
[2026-05-16 23:50:04] [daily-review]   📄 Text-Summarization-文本摘要API-内容提炼工具.md (超过 7 天)
[2026-05-16 23:50:04] [daily-review]   📄 Text-Summarization-文本摘要API-内容提炼工具.md (超过 7 天)
[2026-05-16 23:50:04] [daily-review]   📄 Public-APIs-新媒体运营资源.md (超过 7 天)
[2026-05-16 23:50:04] [daily-review]   📄 Public-APIs-新媒体运营资源.md (超过 7 天)
[2026-05-16 23:50:04] [daily-review]   📄 OpenClaw-3.22安全加固指南.md (超过 7 天)
[2026-05-16 23:50:04] [daily-review]   📄 OpenClaw-3.22安全加固指南.md (超过 7 天)
[2026-05-16 23:50:04] [daily-review]   📄 xiaohongshu-ops-完整优化方案.md (超过 7 天)
[2026-05-16 23:50:04] [daily-review]   📄 xiaohongshu-ops-完整优化方案.md (超过 7 天)
[2026-05-16 23:50:04] [daily-review]   📄 选题灵感.md (超过 7 天)
[2026-05-16 23:50:04] [daily-review]   📄 选题灵感.md (超过 7 天)
[2026-05-16 23:50:04] [daily-review]   📄 Public-APIs-ShotOG-封面生成API调研.md (超过 7 天)
[2026-05-16 23:50:04] [daily-review]   📄 Public-APIs-ShotOG-封面生成API调研.md (超过 7 天)
[2026-05-16 23:50:04] [daily-review]   📄 Public-APIs-Meteoblue-天气选题API调研.md (超过 7 天)
[2026-05-16 23:50:04] [daily-review]   📄 Public-APIs-Meteoblue-天气选题API调研.md (超过 7 天)
[2026-05-16 23:50:04] [daily-review]   📄 商贸模式使用说明.md (超过 7 天)
[2026-05-16 23:50:04] [daily-review]   📄 商贸模式使用说明.md (超过 7 天)
[2026-05-16 23:50:04] [daily-review]   📄 2026-04-19-午间回顾.md (超过 7 天)
[2026-05-16 23:50:04] [daily-review]   📄 2026-04-19-午间回顾.md (超过 7 天)
[2026-05-16 23:50:04] [daily-review]   📄 商贸系统化落地方案.md (超过 7 天)
[2026-05-16 23:50:04] [daily-review]   📄 商贸系统化落地方案.md (超过 7 天)
[2026-05-16 23:50:04] [daily-review]   📄 MoviePy-视频处理库-视频编辑工具.md (超过 7 天)
[2026-05-16 23:50:04] [daily-review]   📄 MoviePy-视频处理库-视频编辑工具.md (超过 7 天)
[2026-05-16 23:50:04] [daily-review]   📄 2026-04-20-午间回顾.md (超过 7 天)
[2026-05-16 23:50:04] [daily-review]   📄 2026-04-20-午间回顾.md (超过 7 天)
[2026-05-16 23:50:04] [daily-review]   📄 Public-APIs-ImageCompressor-图片压缩API调研.md (超过 7 天)
[2026-05-16 23:50:04] [daily-review]   📄 Public-APIs-ImageCompressor-图片压缩API调研.md (超过 7 天)
[2026-05-16 23:50:04] [daily-review]   📄 小米椒商贸定价与成本计算方案.md (超过 7 天)
[2026-05-16 23:50:04] [daily-review]   📄 小米椒商贸定价与成本计算方案.md (超过 7 天)
[2026-05-16 23:50:04] [daily-review]   📄 1688-供应商对比报告.md (超过 7 天)
[2026-05-16 23:50:04] [daily-review]   📄 1688-供应商对比报告.md (超过 7 天)
[2026-05-16 23:50:04] [daily-review]   📄 明日选题预研.md (超过 7 天)
[2026-05-16 23:50:04] [daily-review]   📄 明日选题预研.md (超过 7 天)
[2026-05-16 23:50:04] [daily-review]   📄 商贸模式常用操作.md (超过 7 天)
[2026-05-16 23:50:04] [daily-review]   📄 商贸模式常用操作.md (超过 7 天)
[2026-05-16 23:50:04] [daily-review]   📄 淘宝API验证计划.md (超过 7 天)
[2026-05-16 23:50:04] [daily-review]   📄 淘宝API验证计划.md (超过 7 天)
[2026-05-16 23:50:04] [daily-review]   📄 模型切换方案-百炼主线-v2.md (超过 7 天)
[2026-05-16 23:50:04] [daily-review]   📄 模型切换方案-百炼主线-v2.md (超过 7 天)
[2026-05-16 23:50:04] [daily-review]   📄 推荐工作-闲鱼一件代发.md (超过 7 天)
[2026-05-16 23:50:04] [daily-review]   📄 推荐工作-闲鱼一件代发.md (超过 7 天)
[2026-05-16 23:50:04] [daily-review]   📄 百炼模型配置方案.md (超过 7 天)
[2026-05-16 23:50:04] [daily-review]   📄 百炼模型配置方案.md (超过 7 天)
[2026-05-16 23:50:04] [daily-review]   📄 公众号运营策略.md (超过 7 天)
[2026-05-16 23:50:04] [daily-review]   📄 公众号运营策略.md (超过 7 天)
[2026-05-16 23:50:04] [daily-review]   📄 系统架构知识库.md (超过 7 天)
[2026-05-16 23:50:04] [daily-review]   📄 系统架构知识库.md (超过 7 天)
[2026-05-16 23:50:04] [daily-review]   📄 P1-助眠好物框架.md (超过 7 天)
[2026-05-16 23:50:04] [daily-review]   📄 P1-助眠好物框架.md (超过 7 天)
[2026-05-16 23:50:04] [daily-review]   📄 Requests-HTTP请求库-API调用工具.md (超过 7 天)
[2026-05-16 23:50:04] [daily-review]   📄 Requests-HTTP请求库-API调用工具.md (超过 7 天)
[2026-05-16 23:50:04] [daily-review]   📄 模型切换方案-百炼主线.md (超过 7 天)
[2026-05-16 23:50:04] [daily-review]   📄 模型切换方案-百炼主线.md (超过 7 天)
[2026-05-16 23:50:04] [daily-review]   📄 小米椒客户开发实战方案.md (超过 7 天)
[2026-05-16 23:50:04] [daily-review]   📄 小米椒客户开发实战方案.md (超过 7 天)
[2026-05-16 23:50:04] [daily-review]   📄 小红书选题清单-2026-04-09.md (超过 7 天)
[2026-05-16 23:50:04] [daily-review]   📄 小红书选题清单-2026-04-09.md (超过 7 天)
[2026-05-16 23:50:04] [daily-review]   📄 小米椒商贸出海定制方案.md (超过 7 天)
[2026-05-16 23:50:04] [daily-review]   📄 小米椒商贸出海定制方案.md (超过 7 天)
[2026-05-16 23:50:04] [daily-review]   📄 Qwen3.6-Plus免费使用指南.md (超过 7 天)
[2026-05-16 23:50:04] [daily-review]   📄 Qwen3.6-Plus免费使用指南.md (超过 7 天)
[2026-05-16 23:50:04] [daily-review]   📄 公众号转型思路.md (超过 7 天)
[2026-05-16 23:50:04] [daily-review]   📄 公众号转型思路.md (超过 7 天)
[2026-05-16 23:50:04] [daily-review]   📄 Public-APIs-ImageCompressor集成说明.md (超过 7 天)
[2026-05-16 23:50:04] [daily-review]   📄 Public-APIs-ImageCompressor集成说明.md (超过 7 天)
[2026-05-16 23:50:04] [daily-review]   📄 FFmpeg-视频处理工具-命令行视频编辑器.md (超过 7 天)
[2026-05-16 23:50:04] [daily-review]   📄 FFmpeg-视频处理工具-命令行视频编辑器.md (超过 7 天)
[2026-05-16 23:50:04] [daily-review]   📄 xiaohongshu-ops-商贸优化-P1P2方案.md (超过 7 天)
[2026-05-16 23:50:04] [daily-review]   📄 xiaohongshu-ops-商贸优化-P1P2方案.md (超过 7 天)
[2026-05-16 23:50:04] [daily-review]   📄 LongCat模型配置知识库.md (超过 7 天)
[2026-05-16 23:50:04] [daily-review]   📄 LongCat模型配置知识库.md (超过 7 天)
[2026-05-16 23:50:04] [daily-review]   📄 商贸数据复盘_20260424.md (超过 7 天)
[2026-05-16 23:50:04] [daily-review]   📄 商贸数据复盘_20260424.md (超过 7 天)
[2026-05-16 23:50:04] [daily-review]   📄 BeautifulSoup-HTML解析库-网页抓取工具.md (超过 7 天)
[2026-05-16 23:50:04] [daily-review]   📄 BeautifulSoup-HTML解析库-网页抓取工具.md (超过 7 天)
[2026-05-16 23:50:04] [daily-review]   📄 结构化整理报告-2026-04-11.md (超过 7 天)
[2026-05-16 23:50:04] [daily-review]   📄 结构化整理报告-2026-04-11.md (超过 7 天)
[2026-05-16 23:50:04] [daily-review]   📄 2026-05-01-午间回顾.md (超过 7 天)
[2026-05-16 23:50:04] [daily-review]   📄 2026-05-01-午间回顾.md (超过 7 天)
[2026-05-16 23:50:04] [daily-review]   📄 小红书文章清单_综合版.md (超过 7 天)
[2026-05-16 23:50:04] [daily-review]   📄 小红书文章清单_综合版.md (超过 7 天)
[2026-05-16 23:50:04] [daily-review]   📄 运营待办.md (超过 7 天)
[2026-05-16 23:50:04] [daily-review]   📄 运营待办.md (超过 7 天)
[2026-05-16 23:50:04] [daily-review]   📄 内容初稿.md (超过 7 天)
[2026-05-16 23:50:04] [daily-review]   📄 内容初稿.md (超过 7 天)
[2026-05-16 23:50:04] [daily-review]   📄 2026-04-22-午间回顾.md (超过 7 天)
[2026-05-16 23:50:04] [daily-review]   📄 2026-04-22-午间回顾.md (超过 7 天)
[2026-05-16 23:50:04] [daily-review]   📄 2026-04-24-午间回顾.md (超过 7 天)
[2026-05-16 23:50:04] [daily-review]   📄 2026-04-24-午间回顾.md (超过 7 天)
[2026-05-16 23:50:04] [daily-review]   📄 知识库索引.md (超过 7 天)
[2026-05-16 23:50:04] [daily-review]   📄 知识库索引.md (超过 7 天)
[2026-05-16 23:50:04] [daily-review]   📄 选品调研.md (超过 7 天)
[2026-05-16 23:50:04] [daily-review]   📄 选品调研.md (超过 7 天)
[2026-05-16 23:50:04] [daily-review]   📄 OpenClaw自主进化指南.md (超过 7 天)
[2026-05-16 23:50:04] [daily-review]   📄 OpenClaw自主进化指南.md (超过 7 天)
[2026-05-16 23:50:04] [daily-review]   📄 每日晚间回顾报告-2026-04-02.md (超过 7 天)
[2026-05-16 23:50:04] [daily-review]   📄 每日晚间回顾报告-2026-04-02.md (超过 7 天)
[2026-05-16 23:50:04] [daily-review]   📄 每日晚间回顾报告-2026-03-27.md (超过 7 天)
[2026-05-16 23:50:04] [daily-review]   📄 每日晚间回顾报告-2026-03-27.md (超过 7 天)
[2026-05-16 23:50:04] [daily-review]   📄 视频脚本-蒸汽眼罩-20260401.md (超过 7 天)
[2026-05-16 23:50:04] [daily-review]   📄 视频脚本-蒸汽眼罩-20260401.md (超过 7 天)
[2026-05-16 23:50:04] [daily-review]   📄 Public-APIs-新媒体运营资源-最终版.md (超过 7 天)
[2026-05-16 23:50:04] [daily-review]   📄 Public-APIs-新媒体运营资源-最终版.md (超过 7 天)
[2026-05-16 23:50:04] [daily-review]   📄 memory-lessons-2026-03.md (超过 7 天)
[2026-05-16 23:50:04] [daily-review]   📄 memory-lessons-2026-03.md (超过 7 天)
[2026-05-16 23:50:04] [daily-review]   📄 内容初稿-蒸汽眼罩-20260401.md (超过 7 天)
[2026-05-16 23:50:04] [daily-review]   📄 内容初稿-蒸汽眼罩-20260401.md (超过 7 天)
[2026-05-16 23:50:04] [daily-review]   📄 每日午间回顾报告-2026-03-30.md (超过 7 天)
[2026-05-16 23:50:04] [daily-review]   📄 每日午间回顾报告-2026-03-30.md (超过 7 天)
[2026-05-16 23:50:04] [daily-review]   📄 深度回顾报告-2026-04-01.md (超过 7 天)
[2026-05-16 23:50:04] [daily-review]   📄 深度回顾报告-2026-04-01.md (超过 7 天)
[2026-05-16 23:50:04] [daily-review]   📄 Public-APIs-新媒体运营资源-v2.0.md (超过 7 天)
[2026-05-16 23:50:04] [daily-review]   📄 Public-APIs-新媒体运营资源-v2.0.md (超过 7 天)
[2026-05-16 23:50:04] [daily-review]   📄 每日晚间回顾报告-2026-04-03.md (超过 7 天)
[2026-05-16 23:50:04] [daily-review]   📄 每日晚间回顾报告-2026-04-03.md (超过 7 天)
[2026-05-16 23:50:04] [daily-review]   📄 内容初稿-2026-04-01.md (超过 7 天)
[2026-05-16 23:50:04] [daily-review]   📄 内容初稿-2026-04-01.md (超过 7 天)
[2026-05-16 23:50:04] [daily-review]   📄 每日晚间回顾报告-2026-04-01.md (超过 7 天)
[2026-05-16 23:50:04] [daily-review]   📄 每日晚间回顾报告-2026-04-01.md (超过 7 天)
[2026-05-16 23:50:04] [daily-review]   📄 每日晚间回顾报告-2026-03-30.md (超过 7 天)
[2026-05-16 23:50:04] [daily-review]   📄 每日晚间回顾报告-2026-03-30.md (超过 7 天)
[2026-05-16 23:50:04] [daily-review]   📄 每日午间回顾报告-2026-04-01.md (超过 7 天)
[2026-05-16 23:50:04] [daily-review]   📄 每日午间回顾报告-2026-04-01.md (超过 7 天)
[2026-05-16 23:50:04] [daily-review]   📄 每日晚间回顾报告-2026-04-04.md (超过 7 天)
[2026-05-16 23:50:04] [daily-review]   📄 每日晚间回顾报告-2026-04-04.md (超过 7 天)
[2026-05-16 23:50:04] [daily-review]   📄 视频脚本-蒸汽眼罩-种草版-20260401.md (超过 7 天)
[2026-05-16 23:50:04] [daily-review]   📄 视频脚本-蒸汽眼罩-种草版-20260401.md (超过 7 天)
[2026-05-16 23:50:04] [daily-review]   📄 小红书文章清单_瑜伽版.md (超过 7 天)
[2026-05-16 23:50:04] [daily-review]   📄 小红书文章清单_瑜伽版.md (超过 7 天)
[2026-05-16 23:50:04] [daily-review]   📄 小红书文章清单.md (超过 7 天)
[2026-05-16 23:50:04] [daily-review]   📄 小红书文章清单.md (超过 7 天)
[2026-05-16 23:50:04] [daily-review]   📄 每日午间回顾报告-2026-04-21.md (超过 7 天)
[2026-05-16 23:50:04] [daily-review]   📄 每日午间回顾报告-2026-04-21.md (超过 7 天)
[2026-05-16 23:50:04] [daily-review]   📄 2026-04-26-午间回顾.md (超过 7 天)
[2026-05-16 23:50:04] [daily-review]   📄 2026-04-26-午间回顾.md (超过 7 天)
[2026-05-16 23:50:04] [daily-review]   📄 Public-APIs-Pandas-数据分析API调研.md (超过 7 天)
[2026-05-16 23:50:04] [daily-review]   📄 Public-APIs-Pandas-数据分析API调研.md (超过 7 天)
[2026-05-16 23:50:04] [daily-review]   📄 技能知识库.md (超过 7 天)
[2026-05-16 23:50:04] [daily-review]   📄 技能知识库.md (超过 7 天)
[2026-05-16 23:50:04] [daily-review]   📄 办公室瑜伽完全指南.md (超过 7 天)
[2026-05-16 23:50:04] [daily-review]   📄 办公室瑜伽完全指南.md (超过 7 天)
[2026-05-16 23:50:04] [daily-review]   📄 品牌过往爆款.md (超过 7 天)
[2026-05-16 23:50:04] [daily-review]   📄 品牌过往爆款.md (超过 7 天)
[2026-05-16 23:50:04] [daily-review]   📄 路径规划-1688小红书闲鱼.md (超过 7 天)
[2026-05-16 23:50:04] [daily-review]   📄 路径规划-1688小红书闲鱼.md (超过 7 天)
[2026-05-16 23:50:04] [daily-review]   📄 小红书运营知识库.md (超过 7 天)
[2026-05-16 23:50:04] [daily-review]   📄 小红书运营知识库.md (超过 7 天)
[2026-05-16 23:50:04] [daily-review]   📄 闲鱼上架清单-2026-04-09.md (超过 7 天)
[2026-05-16 23:50:04] [daily-review]   📄 闲鱼上架清单-2026-04-09.md (超过 7 天)
[2026-05-16 23:50:04] [daily-review]   📄 2026-04-15-系统状态检查.md (超过 7 天)
[2026-05-16 23:50:04] [daily-review]   📄 2026-04-15-系统状态检查.md (超过 7 天)
[2026-05-16 23:50:04] [daily-review]   📄 2026-04-28-午间回顾.md (超过 7 天)
[2026-05-16 23:50:04] [daily-review]   📄 2026-04-28-午间回顾.md (超过 7 天)
[2026-05-16 23:50:04] [daily-review]   📄 Public-APIs-Plotly-数据可视化API调研.md (超过 7 天)
[2026-05-16 23:50:04] [daily-review]   📄 Public-APIs-Plotly-数据可视化API调研.md (超过 7 天)
[2026-05-16 23:50:04] [daily-review]   📄 Public-APIs-VADER-情感分析API调研.md (超过 7 天)
[2026-05-16 23:50:04] [daily-review]   📄 Public-APIs-VADER-情感分析API调研.md (超过 7 天)
[2026-05-16 23:50:04] [daily-review]   📄 xiaohongshu-ops-商贸优化方案.md (超过 7 天)
[2026-05-16 23:50:04] [daily-review]   📄 xiaohongshu-ops-商贸优化方案.md (超过 7 天)
[2026-05-16 23:50:04] [daily-review] ✅ 无重复文件
[2026-05-16 23:50:04] [daily-review] ✅ 无重复文件
[2026-05-16 23:50:04] [daily-review] ✅ 知识库结构化整理完成
[2026-05-16 23:50:04] [daily-review] ✅ 知识库结构化整理完成
[2026-05-16 23:50:04] [daily-review] 📋 开始索引同步更新...
[2026-05-16 23:50:04] [daily-review] 📋 开始索引同步更新...
[2026-05-16 23:50:04] [daily-review] 📊 文件统计: intel/108 memory/62 logs/12 total/182
[2026-05-16 23:50:04] [daily-review] 📊 文件统计: intel/108 memory/62 logs/12 total/182
[2026-05-16 23:50:04] [daily-review] ✅ 索引文件已更新
[2026-05-16 23:50:04] [daily-review] ✅ 索引文件已更新
[2026-05-16 23:50:04] [daily-review] ✅ 索引同步更新完成
[2026-05-16 23:50:04] [daily-review] ✅ 索引同步更新完成
[2026-05-16 23:50:04] [daily-review] 🧠 开始记忆同步更新...
[2026-05-16 23:50:04] [daily-review] 🧠 开始记忆同步更新...
[2026-05-16 23:50:04] [daily-review] 📅 今日记忆: 43行
[2026-05-16 23:50:04] [daily-review] 📅 今日记忆: 43行
[2026-05-16 23:50:04] [daily-review] ⚠️ MEMORY.md 今天未更新
[2026-05-16 23:50:04] [daily-review] ⚠️ MEMORY.md 今天未更新
[2026-05-16 23:50:04] [daily-review] ✅ 记忆同步更新完成
[2026-05-16 23:50:04] [daily-review] ✅ 记忆同步更新完成
[2026-05-16 23:50:04] [daily-review] 🔧 开始 Git 库整理...
[2026-05-16 23:50:04] [daily-review] 🔧 开始 Git 库整理...
[2026-05-16 23:50:04] [daily-review] ✅ 无未跟踪文件
[2026-05-16 23:50:04] [daily-review] ✅ 无未跟踪文件
[2026-05-16 23:50:04] [daily-review] ⚠️ 发现 4 个未暂存变更
[2026-05-16 23:50:04] [daily-review] ⚠️ 发现 4 个未暂存变更
[2026-05-16 23:50:04] [daily-review] 📊 最近 5 次提交:
[2026-05-16 23:50:04] [daily-review] 📊 最近 5 次提交:
[2026-05-16 23:50:04] [daily-review]   a0c7a210 docs(xiaomijiao): 午间回顾 - 2026-05-16
[2026-05-16 23:50:04] [daily-review]   a0c7a210 docs(xiaomijiao): 午间回顾 - 2026-05-16
[2026-05-16 23:50:04] [daily-review]   4e470c1e docs(xiaomijiao): 每日回顾 - 2026-05-15
[2026-05-16 23:50:04] [daily-review]   4e470c1e docs(xiaomijiao): 每日回顾 - 2026-05-15
[2026-05-16 23:50:04] [daily-review]   90176830 docs(xiaomijiao): 午间回顾 - 2026-05-15
[2026-05-16 23:50:04] [daily-review]   90176830 docs(xiaomijiao): 午间回顾 - 2026-05-15
[2026-05-16 23:50:04] [daily-review]   e92a372f docs(xiaomijiao): 每日回顾 - 2026-05-14
[2026-05-16 23:50:04] [daily-review]   e92a372f docs(xiaomijiao): 每日回顾 - 2026-05-14
[2026-05-16 23:50:04] [daily-review]   40e811dd docs(xiaomijiao): 午间回顾 - 2026-05-14
[2026-05-16 23:50:04] [daily-review]   40e811dd docs(xiaomijiao): 午间回顾 - 2026-05-14
[2026-05-16 23:50:04] [daily-review] ✅ Git 库整理完成
[2026-05-16 23:50:04] [daily-review] ✅ Git 库整理完成
[2026-05-16 23:50:04] [daily-review] 🔍 开始查漏补缺...
[2026-05-16 23:50:04] [daily-review] 🔍 开始查漏补缺...
[2026-05-16 23:50:04] [daily-review] 📋 待办事项: 8 项待处理
[2026-05-16 23:50:04] [daily-review] 📋 待办事项: 8 项待处理
[2026-05-16 23:50:04] [daily-review] 🔴 P0 任务: 6 项未完成
[2026-05-16 23:50:04] [daily-review] 🔴 P0 任务: 6 项未完成
[2026-05-16 23:50:04] [daily-review] ⚠️ 发现 58 个超过 3 天未更新的记忆文件
[2026-05-16 23:50:04] [daily-review] ⚠️ 发现 58 个超过 3 天未更新的记忆文件
[2026-05-16 23:50:04] [daily-review] ✅ 查漏补缺完成
[2026-05-16 23:50:04] [daily-review] ✅ 查漏补缺完成
[2026-05-16 23:50:04] [daily-review] ✅ Git 已提交
[2026-05-16 23:50:04] [daily-review] ✅ Git 已提交
[2026-05-16 23:50:04] [daily-review] ⚠️ 推送失败（网络？），下次重试
[2026-05-16 23:50:04] [daily-review] ⚠️ 推送失败（网络？），下次重试
[2026-05-16 23:50:04] [daily-review] 🔄 更新 QMD 向量索引...
[2026-05-16 23:50:04] [daily-review] 🔄 更新 QMD 向量索引...
[2026-05-16 23:50:04] [daily-review] ⚠️ qmd 未找到，跳过
[2026-05-16 23:50:04] [daily-review] ⚠️ qmd 未找到，跳过
[2026-05-16 23:50:04] [daily-review] ===== 每日运营回顾完成 =====
[2026-05-16 23:50:04] [daily-review] ===== 每日运营回顾完成 =====
[2026-05-17 12:00:01] [morning-review] ===== 午间运营回顾开始（12:00）=====
[2026-05-17 12:00:01] [morning-review] ===== 午间运营回顾开始（12:00）=====
[2026-05-17 12:00:01] [morning-review] 📝 创建今日记忆文件模板...
[2026-05-17 12:00:01] [morning-review] 📝 创建今日记忆文件模板...
[2026-05-17 12:00:01] [morning-review] ✅ 记忆模板已创建
[2026-05-17 12:00:01] [morning-review] ✅ 记忆模板已创建
[2026-05-17 12:00:01] [morning-review] 提取多通道聊天记录（2026-05-17）...
[2026-05-17 12:00:01] [morning-review] 提取多通道聊天记录（2026-05-17）...
[2026-05-17 12:00:04] [morning-review] - 消息数：46
[2026-05-17 12:00:04] [morning-review] - 消息数：46
[2026-05-17 12:00:04] [morning-review] [0;32m[SUCCESS][0m 对话记录已保存：/root/.openclaw/workspace/agents/xiaomijiao/memory/chat-2026-05-17.md
[2026-05-17 12:00:04] [morning-review] [0;32m[SUCCESS][0m 对话记录已保存：/root/.openclaw/workspace/agents/xiaomijiao/memory/chat-2026-05-17.md
[2026-05-17 12:00:04] [morning-review] 消息数： 46
[2026-05-17 12:00:04] [morning-review] 消息数： 46
[2026-05-17 12:00:04] [morning-review] [0;32m[SUCCESS][0m 多通道对话提取完成！🎉
[2026-05-17 12:00:04] [morning-review] [0;32m[SUCCESS][0m 多通道对话提取完成！🎉
[2026-05-17 12:00:04] [morning-review] 📊 变更统计: intel/1 memory/0 config/2
[2026-05-17 12:00:04] [morning-review] 📊 变更统计: intel/1 memory/0 config/2
[2026-05-17 12:00:05] [morning-review]   📄 "intel/347203255347202271351200211351242230.md"
[2026-05-17 12:00:05] [morning-review]   📄 "intel/347203255347202271351200211351242230.md"
[2026-05-17 12:00:05] [morning-review]   📄 logs/git.log
[2026-05-17 12:00:05] [morning-review]   📄 logs/git.log
[2026-05-17 12:00:05] [morning-review]   📄 logs/hotspot.log
[2026-05-17 12:00:05] [morning-review]   📄 logs/hotspot.log
[2026-05-17 12:00:05] [morning-review]   📄 logs/xiaomijiao-cron.log
[2026-05-17 12:00:05] [morning-review]   📄 logs/xiaomijiao-cron.log
[2026-05-17 12:00:05] [morning-review]   📄 skills/self-improving/heartbeat-state.md
[2026-05-17 12:00:05] [morning-review]   📄 skills/self-improving/heartbeat-state.md
[2026-05-17 12:00:05] [morning-review] 📋 待办进度: ✅6 完成 / ⏳8 待做
[2026-05-17 12:00:05] [morning-review] 📋 待办进度: ✅6 完成 / ⏳8 待做
[2026-05-17 12:00:05] [morning-review] 📚 开始知识库结构化整理...
[2026-05-17 12:00:05] [morning-review] 📚 开始知识库结构化整理...
[2026-05-17 12:00:05] [morning-review] 📊 intel/ 目录文件数: 108
[2026-05-17 12:00:05] [morning-review] 📊 intel/ 目录文件数: 108
[2026-05-17 12:00:05] [morning-review] ⚠️ 发现 101 个超过 7 天未更新的文件
[2026-05-17 12:00:05] [morning-review] ⚠️ 发现 101 个超过 7 天未更新的文件
[2026-05-17 12:00:05] [morning-review]   📄 工具与技能清单.md (超过 7 天)
[2026-05-17 12:00:05] [morning-review]   📄 工具与技能清单.md (超过 7 天)
[2026-05-17 12:00:05] [morning-review]   📄 办公室5分钟瑜伽.md (超过 7 天)
[2026-05-17 12:00:05] [morning-review]   📄 办公室5分钟瑜伽.md (超过 7 天)
[2026-05-17 12:00:05] [morning-review]   📄 商贸数据复盘_20260414.md (超过 7 天)
[2026-05-17 12:00:05] [morning-review]   📄 商贸数据复盘_20260414.md (超过 7 天)
[2026-05-17 12:00:05] [morning-review]   📄 公众号测评文章.md (超过 7 天)
[2026-05-17 12:00:05] [morning-review]   📄 公众号测评文章.md (超过 7 天)
[2026-05-17 12:00:05] [morning-review]   📄 首篇笔记内容-2026-04-09.md (超过 7 天)
[2026-05-17 12:00:05] [morning-review]   📄 首篇笔记内容-2026-04-09.md (超过 7 天)
[2026-05-17 12:00:05] [morning-review]   📄 私聊话术设计-2026-04-09.md (超过 7 天)
[2026-05-17 12:00:05] [morning-review]   📄 私聊话术设计-2026-04-09.md (超过 7 天)
[2026-05-17 12:00:05] [morning-review]   📄 日常运营知识库.md (超过 7 天)
[2026-05-17 12:00:05] [morning-review]   📄 日常运营知识库.md (超过 7 天)
[2026-05-17 12:00:05] [morning-review]   📄 Public-APIs-RAKE-关键词提取API调研.md (超过 7 天)
[2026-05-17 12:00:05] [morning-review]   📄 Public-APIs-RAKE-关键词提取API调研.md (超过 7 天)
[2026-05-17 12:00:05] [morning-review]   📄 2026-04-23-午间回顾.md (超过 7 天)
[2026-05-17 12:00:05] [morning-review]   📄 2026-04-23-午间回顾.md (超过 7 天)
[2026-05-17 12:00:05] [morning-review]   📄 URL-Shortener-短链接生成API-链接优化工具.md (超过 7 天)
[2026-05-17 12:00:05] [morning-review]   📄 URL-Shortener-短链接生成API-链接优化工具.md (超过 7 天)
[2026-05-17 12:00:05] [morning-review]   📄 2026-04-15-午间回顾.md (超过 7 天)
[2026-05-17 12:00:05] [morning-review]   📄 2026-04-15-午间回顾.md (超过 7 天)
[2026-05-17 12:00:05] [morning-review]   📄 商贸模式状态更新.md (超过 7 天)
[2026-05-17 12:00:05] [morning-review]   📄 商贸模式状态更新.md (超过 7 天)
[2026-05-17 12:00:05] [morning-review]   📄 NumPy-数值计算库-基础工具.md (超过 7 天)
[2026-05-17 12:00:05] [morning-review]   📄 NumPy-数值计算库-基础工具.md (超过 7 天)
[2026-05-17 12:00:05] [morning-review]   📄 2026-04-30-午间回顾.md (超过 7 天)
[2026-05-17 12:00:05] [morning-review]   📄 2026-04-30-午间回顾.md (超过 7 天)
[2026-05-17 12:00:05] [morning-review]   📄 小米椒出海方案.md (超过 7 天)
[2026-05-17 12:00:05] [morning-review]   📄 小米椒出海方案.md (超过 7 天)
[2026-05-17 12:00:05] [morning-review]   📄 QR-Code-二维码生成API-推广工具.md (超过 7 天)
[2026-05-17 12:00:05] [morning-review]   📄 QR-Code-二维码生成API-推广工具.md (超过 7 天)
[2026-05-17 12:00:05] [morning-review]   📄 Public-APIs-Poof-背景移除API调研.md (超过 7 天)
[2026-05-17 12:00:05] [morning-review]   📄 Public-APIs-Poof-背景移除API调研.md (超过 7 天)
[2026-05-17 12:00:05] [morning-review]   📄 今日回顾_2026-04-09.md (超过 7 天)
[2026-05-17 12:00:05] [morning-review]   📄 今日回顾_2026-04-09.md (超过 7 天)
[2026-05-17 12:00:05] [morning-review]   📄 Public-APIs-APITubeNews-热点采集API调研.md (超过 7 天)
[2026-05-17 12:00:05] [morning-review]   📄 Public-APIs-APITubeNews-热点采集API调研.md (超过 7 天)
[2026-05-17 12:00:05] [morning-review]   📄 2026-05-05完整复盘.md (超过 7 天)
[2026-05-17 12:00:05] [morning-review]   📄 2026-05-05完整复盘.md (超过 7 天)
[2026-05-17 12:00:05] [morning-review]   📄 2026-05-02-午间回顾.md (超过 7 天)
[2026-05-17 12:00:05] [morning-review]   📄 2026-05-02-午间回顾.md (超过 7 天)
[2026-05-17 12:00:05] [morning-review]   📄 1688供应商筛选标准.md (超过 7 天)
[2026-05-17 12:00:05] [morning-review]   📄 1688供应商筛选标准.md (超过 7 天)
[2026-05-17 12:00:05] [morning-review]   📄 Text-Summarization-文本摘要API-内容提炼工具.md (超过 7 天)
[2026-05-17 12:00:05] [morning-review]   📄 Text-Summarization-文本摘要API-内容提炼工具.md (超过 7 天)
[2026-05-17 12:00:05] [morning-review]   📄 Public-APIs-新媒体运营资源.md (超过 7 天)
[2026-05-17 12:00:05] [morning-review]   📄 Public-APIs-新媒体运营资源.md (超过 7 天)
[2026-05-17 12:00:05] [morning-review]   📄 OpenClaw-3.22安全加固指南.md (超过 7 天)
[2026-05-17 12:00:05] [morning-review]   📄 OpenClaw-3.22安全加固指南.md (超过 7 天)
[2026-05-17 12:00:05] [morning-review]   📄 xiaohongshu-ops-完整优化方案.md (超过 7 天)
[2026-05-17 12:00:05] [morning-review]   📄 xiaohongshu-ops-完整优化方案.md (超过 7 天)
[2026-05-17 12:00:05] [morning-review]   📄 选题灵感.md (超过 7 天)
[2026-05-17 12:00:05] [morning-review]   📄 选题灵感.md (超过 7 天)
[2026-05-17 12:00:05] [morning-review]   📄 Public-APIs-ShotOG-封面生成API调研.md (超过 7 天)
[2026-05-17 12:00:05] [morning-review]   📄 Public-APIs-ShotOG-封面生成API调研.md (超过 7 天)
[2026-05-17 12:00:05] [morning-review]   📄 Public-APIs-Meteoblue-天气选题API调研.md (超过 7 天)
[2026-05-17 12:00:05] [morning-review]   📄 Public-APIs-Meteoblue-天气选题API调研.md (超过 7 天)
[2026-05-17 12:00:05] [morning-review]   📄 商贸模式使用说明.md (超过 7 天)
[2026-05-17 12:00:05] [morning-review]   📄 商贸模式使用说明.md (超过 7 天)
[2026-05-17 12:00:05] [morning-review]   📄 2026-04-19-午间回顾.md (超过 7 天)
[2026-05-17 12:00:05] [morning-review]   📄 2026-04-19-午间回顾.md (超过 7 天)
[2026-05-17 12:00:05] [morning-review]   📄 商贸系统化落地方案.md (超过 7 天)
[2026-05-17 12:00:05] [morning-review]   📄 商贸系统化落地方案.md (超过 7 天)
[2026-05-17 12:00:05] [morning-review]   📄 MoviePy-视频处理库-视频编辑工具.md (超过 7 天)
[2026-05-17 12:00:05] [morning-review]   📄 MoviePy-视频处理库-视频编辑工具.md (超过 7 天)
[2026-05-17 12:00:05] [morning-review]   📄 2026-04-20-午间回顾.md (超过 7 天)
[2026-05-17 12:00:05] [morning-review]   📄 2026-04-20-午间回顾.md (超过 7 天)
[2026-05-17 12:00:05] [morning-review]   📄 Public-APIs-ImageCompressor-图片压缩API调研.md (超过 7 天)
[2026-05-17 12:00:05] [morning-review]   📄 Public-APIs-ImageCompressor-图片压缩API调研.md (超过 7 天)
[2026-05-17 12:00:05] [morning-review]   📄 小米椒商贸定价与成本计算方案.md (超过 7 天)
[2026-05-17 12:00:05] [morning-review]   📄 小米椒商贸定价与成本计算方案.md (超过 7 天)
[2026-05-17 12:00:05] [morning-review]   📄 1688-供应商对比报告.md (超过 7 天)
[2026-05-17 12:00:05] [morning-review]   📄 1688-供应商对比报告.md (超过 7 天)
[2026-05-17 12:00:05] [morning-review]   📄 明日选题预研.md (超过 7 天)
[2026-05-17 12:00:05] [morning-review]   📄 明日选题预研.md (超过 7 天)
[2026-05-17 12:00:05] [morning-review]   📄 商贸模式常用操作.md (超过 7 天)
[2026-05-17 12:00:05] [morning-review]   📄 商贸模式常用操作.md (超过 7 天)
[2026-05-17 12:00:05] [morning-review]   📄 淘宝API验证计划.md (超过 7 天)
[2026-05-17 12:00:05] [morning-review]   📄 淘宝API验证计划.md (超过 7 天)
[2026-05-17 12:00:05] [morning-review]   📄 模型切换方案-百炼主线-v2.md (超过 7 天)
[2026-05-17 12:00:05] [morning-review]   📄 模型切换方案-百炼主线-v2.md (超过 7 天)
[2026-05-17 12:00:05] [morning-review]   📄 推荐工作-闲鱼一件代发.md (超过 7 天)
[2026-05-17 12:00:05] [morning-review]   📄 推荐工作-闲鱼一件代发.md (超过 7 天)
[2026-05-17 12:00:05] [morning-review]   📄 百炼模型配置方案.md (超过 7 天)
[2026-05-17 12:00:05] [morning-review]   📄 百炼模型配置方案.md (超过 7 天)
[2026-05-17 12:00:05] [morning-review]   📄 公众号运营策略.md (超过 7 天)
[2026-05-17 12:00:05] [morning-review]   📄 公众号运营策略.md (超过 7 天)
[2026-05-17 12:00:05] [morning-review]   📄 系统架构知识库.md (超过 7 天)
[2026-05-17 12:00:05] [morning-review]   📄 系统架构知识库.md (超过 7 天)
[2026-05-17 12:00:05] [morning-review]   📄 P1-助眠好物框架.md (超过 7 天)
[2026-05-17 12:00:05] [morning-review]   📄 P1-助眠好物框架.md (超过 7 天)
[2026-05-17 12:00:05] [morning-review]   📄 Requests-HTTP请求库-API调用工具.md (超过 7 天)
[2026-05-17 12:00:05] [morning-review]   📄 Requests-HTTP请求库-API调用工具.md (超过 7 天)
[2026-05-17 12:00:05] [morning-review]   📄 模型切换方案-百炼主线.md (超过 7 天)
[2026-05-17 12:00:05] [morning-review]   📄 模型切换方案-百炼主线.md (超过 7 天)
[2026-05-17 12:00:05] [morning-review]   📄 小米椒客户开发实战方案.md (超过 7 天)
[2026-05-17 12:00:05] [morning-review]   📄 小米椒客户开发实战方案.md (超过 7 天)
[2026-05-17 12:00:05] [morning-review]   📄 小红书选题清单-2026-04-09.md (超过 7 天)
[2026-05-17 12:00:05] [morning-review]   📄 小红书选题清单-2026-04-09.md (超过 7 天)
[2026-05-17 12:00:05] [morning-review]   📄 小米椒商贸出海定制方案.md (超过 7 天)
[2026-05-17 12:00:05] [morning-review]   📄 小米椒商贸出海定制方案.md (超过 7 天)
[2026-05-17 12:00:05] [morning-review]   📄 Qwen3.6-Plus免费使用指南.md (超过 7 天)
[2026-05-17 12:00:05] [morning-review]   📄 Qwen3.6-Plus免费使用指南.md (超过 7 天)
[2026-05-17 12:00:05] [morning-review]   📄 公众号转型思路.md (超过 7 天)
[2026-05-17 12:00:05] [morning-review]   📄 公众号转型思路.md (超过 7 天)
[2026-05-17 12:00:05] [morning-review]   📄 Public-APIs-ImageCompressor集成说明.md (超过 7 天)
[2026-05-17 12:00:05] [morning-review]   📄 Public-APIs-ImageCompressor集成说明.md (超过 7 天)
[2026-05-17 12:00:05] [morning-review]   📄 FFmpeg-视频处理工具-命令行视频编辑器.md (超过 7 天)
[2026-05-17 12:00:05] [morning-review]   📄 FFmpeg-视频处理工具-命令行视频编辑器.md (超过 7 天)
[2026-05-17 12:00:05] [morning-review]   📄 xiaohongshu-ops-商贸优化-P1P2方案.md (超过 7 天)
[2026-05-17 12:00:05] [morning-review]   📄 xiaohongshu-ops-商贸优化-P1P2方案.md (超过 7 天)
[2026-05-17 12:00:05] [morning-review]   📄 LongCat模型配置知识库.md (超过 7 天)
[2026-05-17 12:00:05] [morning-review]   📄 LongCat模型配置知识库.md (超过 7 天)
[2026-05-17 12:00:05] [morning-review]   📄 商贸数据复盘_20260424.md (超过 7 天)
[2026-05-17 12:00:05] [morning-review]   📄 商贸数据复盘_20260424.md (超过 7 天)
[2026-05-17 12:00:05] [morning-review]   📄 BeautifulSoup-HTML解析库-网页抓取工具.md (超过 7 天)
[2026-05-17 12:00:05] [morning-review]   📄 BeautifulSoup-HTML解析库-网页抓取工具.md (超过 7 天)
[2026-05-17 12:00:05] [morning-review]   📄 结构化整理报告-2026-04-11.md (超过 7 天)
[2026-05-17 12:00:05] [morning-review]   📄 结构化整理报告-2026-04-11.md (超过 7 天)
[2026-05-17 12:00:05] [morning-review]   📄 2026-05-01-午间回顾.md (超过 7 天)
[2026-05-17 12:00:05] [morning-review]   📄 2026-05-01-午间回顾.md (超过 7 天)
[2026-05-17 12:00:05] [morning-review]   📄 小红书文章清单_综合版.md (超过 7 天)
[2026-05-17 12:00:05] [morning-review]   📄 小红书文章清单_综合版.md (超过 7 天)
[2026-05-17 12:00:05] [morning-review]   📄 运营待办.md (超过 7 天)
[2026-05-17 12:00:05] [morning-review]   📄 运营待办.md (超过 7 天)
[2026-05-17 12:00:05] [morning-review]   📄 内容初稿.md (超过 7 天)
[2026-05-17 12:00:05] [morning-review]   📄 内容初稿.md (超过 7 天)
[2026-05-17 12:00:05] [morning-review]   📄 2026-04-22-午间回顾.md (超过 7 天)
[2026-05-17 12:00:05] [morning-review]   📄 2026-04-22-午间回顾.md (超过 7 天)
[2026-05-17 12:00:05] [morning-review]   📄 2026-04-24-午间回顾.md (超过 7 天)
[2026-05-17 12:00:05] [morning-review]   📄 2026-04-24-午间回顾.md (超过 7 天)
[2026-05-17 12:00:05] [morning-review]   📄 知识库索引.md (超过 7 天)
[2026-05-17 12:00:05] [morning-review]   📄 知识库索引.md (超过 7 天)
[2026-05-17 12:00:05] [morning-review]   📄 选品调研.md (超过 7 天)
[2026-05-17 12:00:05] [morning-review]   📄 选品调研.md (超过 7 天)
[2026-05-17 12:00:05] [morning-review]   📄 OpenClaw自主进化指南.md (超过 7 天)
[2026-05-17 12:00:05] [morning-review]   📄 OpenClaw自主进化指南.md (超过 7 天)
[2026-05-17 12:00:05] [morning-review]   📄 每日晚间回顾报告-2026-04-02.md (超过 7 天)
[2026-05-17 12:00:05] [morning-review]   📄 每日晚间回顾报告-2026-04-02.md (超过 7 天)
[2026-05-17 12:00:05] [morning-review]   📄 每日晚间回顾报告-2026-03-27.md (超过 7 天)
[2026-05-17 12:00:05] [morning-review]   📄 每日晚间回顾报告-2026-03-27.md (超过 7 天)
[2026-05-17 12:00:05] [morning-review]   📄 视频脚本-蒸汽眼罩-20260401.md (超过 7 天)
[2026-05-17 12:00:05] [morning-review]   📄 视频脚本-蒸汽眼罩-20260401.md (超过 7 天)
[2026-05-17 12:00:05] [morning-review]   📄 Public-APIs-新媒体运营资源-最终版.md (超过 7 天)
[2026-05-17 12:00:05] [morning-review]   📄 Public-APIs-新媒体运营资源-最终版.md (超过 7 天)
[2026-05-17 12:00:05] [morning-review]   📄 memory-lessons-2026-03.md (超过 7 天)
[2026-05-17 12:00:05] [morning-review]   📄 memory-lessons-2026-03.md (超过 7 天)
[2026-05-17 12:00:05] [morning-review]   📄 内容初稿-蒸汽眼罩-20260401.md (超过 7 天)
[2026-05-17 12:00:05] [morning-review]   📄 内容初稿-蒸汽眼罩-20260401.md (超过 7 天)
[2026-05-17 12:00:05] [morning-review]   📄 每日午间回顾报告-2026-03-30.md (超过 7 天)
[2026-05-17 12:00:05] [morning-review]   📄 每日午间回顾报告-2026-03-30.md (超过 7 天)
[2026-05-17 12:00:05] [morning-review]   📄 深度回顾报告-2026-04-01.md (超过 7 天)
[2026-05-17 12:00:05] [morning-review]   📄 深度回顾报告-2026-04-01.md (超过 7 天)
[2026-05-17 12:00:05] [morning-review]   📄 Public-APIs-新媒体运营资源-v2.0.md (超过 7 天)
[2026-05-17 12:00:05] [morning-review]   📄 Public-APIs-新媒体运营资源-v2.0.md (超过 7 天)
[2026-05-17 12:00:05] [morning-review]   📄 每日晚间回顾报告-2026-04-03.md (超过 7 天)
[2026-05-17 12:00:05] [morning-review]   📄 每日晚间回顾报告-2026-04-03.md (超过 7 天)
[2026-05-17 12:00:05] [morning-review]   📄 内容初稿-2026-04-01.md (超过 7 天)
[2026-05-17 12:00:05] [morning-review]   📄 内容初稿-2026-04-01.md (超过 7 天)
[2026-05-17 12:00:05] [morning-review]   📄 每日晚间回顾报告-2026-04-01.md (超过 7 天)
[2026-05-17 12:00:05] [morning-review]   📄 每日晚间回顾报告-2026-04-01.md (超过 7 天)
[2026-05-17 12:00:05] [morning-review]   📄 每日晚间回顾报告-2026-03-30.md (超过 7 天)
[2026-05-17 12:00:05] [morning-review]   📄 每日晚间回顾报告-2026-03-30.md (超过 7 天)
[2026-05-17 12:00:05] [morning-review]   📄 每日午间回顾报告-2026-04-01.md (超过 7 天)
[2026-05-17 12:00:05] [morning-review]   📄 每日午间回顾报告-2026-04-01.md (超过 7 天)
[2026-05-17 12:00:05] [morning-review]   📄 每日晚间回顾报告-2026-04-04.md (超过 7 天)
[2026-05-17 12:00:05] [morning-review]   📄 每日晚间回顾报告-2026-04-04.md (超过 7 天)
[2026-05-17 12:00:05] [morning-review]   📄 视频脚本-蒸汽眼罩-种草版-20260401.md (超过 7 天)
[2026-05-17 12:00:05] [morning-review]   📄 视频脚本-蒸汽眼罩-种草版-20260401.md (超过 7 天)
[2026-05-17 12:00:05] [morning-review]   📄 小红书文章清单_瑜伽版.md (超过 7 天)
[2026-05-17 12:00:05] [morning-review]   📄 小红书文章清单_瑜伽版.md (超过 7 天)
[2026-05-17 12:00:05] [morning-review]   📄 小红书文章清单.md (超过 7 天)
[2026-05-17 12:00:05] [morning-review]   📄 小红书文章清单.md (超过 7 天)
[2026-05-17 12:00:05] [morning-review]   📄 每日午间回顾报告-2026-04-21.md (超过 7 天)
[2026-05-17 12:00:05] [morning-review]   📄 每日午间回顾报告-2026-04-21.md (超过 7 天)
[2026-05-17 12:00:05] [morning-review]   📄 2026-04-26-午间回顾.md (超过 7 天)
[2026-05-17 12:00:05] [morning-review]   📄 2026-04-26-午间回顾.md (超过 7 天)
[2026-05-17 12:00:05] [morning-review]   📄 Public-APIs-Pandas-数据分析API调研.md (超过 7 天)
[2026-05-17 12:00:05] [morning-review]   📄 Public-APIs-Pandas-数据分析API调研.md (超过 7 天)
[2026-05-17 12:00:05] [morning-review]   📄 技能知识库.md (超过 7 天)
[2026-05-17 12:00:05] [morning-review]   📄 技能知识库.md (超过 7 天)
[2026-05-17 12:00:05] [morning-review]   📄 办公室瑜伽完全指南.md (超过 7 天)
[2026-05-17 12:00:05] [morning-review]   📄 办公室瑜伽完全指南.md (超过 7 天)
[2026-05-17 12:00:05] [morning-review]   📄 品牌过往爆款.md (超过 7 天)
[2026-05-17 12:00:05] [morning-review]   📄 品牌过往爆款.md (超过 7 天)
[2026-05-17 12:00:05] [morning-review]   📄 路径规划-1688小红书闲鱼.md (超过 7 天)
[2026-05-17 12:00:05] [morning-review]   📄 路径规划-1688小红书闲鱼.md (超过 7 天)
[2026-05-17 12:00:05] [morning-review]   📄 小红书运营知识库.md (超过 7 天)
[2026-05-17 12:00:05] [morning-review]   📄 小红书运营知识库.md (超过 7 天)
[2026-05-17 12:00:05] [morning-review]   📄 闲鱼上架清单-2026-04-09.md (超过 7 天)
[2026-05-17 12:00:05] [morning-review]   📄 闲鱼上架清单-2026-04-09.md (超过 7 天)
[2026-05-17 12:00:05] [morning-review]   📄 2026-04-15-系统状态检查.md (超过 7 天)
[2026-05-17 12:00:05] [morning-review]   📄 2026-04-15-系统状态检查.md (超过 7 天)
[2026-05-17 12:00:05] [morning-review]   📄 2026-04-28-午间回顾.md (超过 7 天)
[2026-05-17 12:00:05] [morning-review]   📄 2026-04-28-午间回顾.md (超过 7 天)
[2026-05-17 12:00:05] [morning-review]   📄 Public-APIs-Plotly-数据可视化API调研.md (超过 7 天)
[2026-05-17 12:00:05] [morning-review]   📄 Public-APIs-Plotly-数据可视化API调研.md (超过 7 天)
[2026-05-17 12:00:05] [morning-review]   📄 Public-APIs-VADER-情感分析API调研.md (超过 7 天)
[2026-05-17 12:00:05] [morning-review]   📄 Public-APIs-VADER-情感分析API调研.md (超过 7 天)
[2026-05-17 12:00:05] [morning-review]   📄 xiaohongshu-ops-商贸优化方案.md (超过 7 天)
[2026-05-17 12:00:05] [morning-review]   📄 xiaohongshu-ops-商贸优化方案.md (超过 7 天)
[2026-05-17 12:00:05] [morning-review] ✅ 无重复文件
[2026-05-17 12:00:05] [morning-review] ✅ 无重复文件
[2026-05-17 12:00:05] [morning-review] ✅ 知识库结构化整理完成
[2026-05-17 12:00:05] [morning-review] ✅ 知识库结构化整理完成
[2026-05-17 12:00:05] [morning-review] 📋 开始索引同步更新...
[2026-05-17 12:00:05] [morning-review] 📋 开始索引同步更新...
[2026-05-17 12:00:05] [morning-review] 📊 文件统计: intel/108 memory/63 logs/12 total/183
[2026-05-17 12:00:05] [morning-review] 📊 文件统计: intel/108 memory/63 logs/12 total/183
[2026-05-17 12:00:05] [morning-review] ✅ 索引文件已更新
[2026-05-17 12:00:05] [morning-review] ✅ 索引文件已更新
[2026-05-17 12:00:05] [morning-review] ✅ 索引同步更新完成
[2026-05-17 12:00:05] [morning-review] ✅ 索引同步更新完成
[2026-05-17 12:00:05] [morning-review] ✅ Git 已提交
[2026-05-17 12:00:05] [morning-review] ✅ Git 已提交
[2026-05-17 12:00:05] [morning-review] ⚠️ 推送失败（网络？），下次重试
[2026-05-17 12:00:05] [morning-review] ⚠️ 推送失败（网络？），下次重试
[2026-05-17 12:00:05] [morning-review] 🔄 更新 QMD 向量索引...
[2026-05-17 12:00:05] [morning-review] 🔄 更新 QMD 向量索引...
[2026-05-17 12:00:05] [morning-review] ⚠️ qmd 未找到，跳过
[2026-05-17 12:00:05] [morning-review] ⚠️ qmd 未找到，跳过
[2026-05-17 12:00:05] [morning-review] ===== 午间运营回顾完成 =====
[2026-05-17 12:00:05] [morning-review] ===== 午间运营回顾完成 =====
[2026-05-17 23:50:01] [daily-review] ===== 每日运营回顾开始（23:50）=====
[2026-05-17 23:50:01] [daily-review] ===== 每日运营回顾开始（23:50）=====
[2026-05-17 23:50:01] [daily-review] 📅 今日记忆文件: 43行
[2026-05-17 23:50:01] [daily-review] 📅 今日记忆文件: 43行
[2026-05-17 23:50:01] [daily-review] 提取多通道聊天记录（2026-05-17）...
[2026-05-17 23:50:01] [daily-review] 提取多通道聊天记录（2026-05-17）...
[2026-05-17 23:50:04] [daily-review] - 消息数：112
[2026-05-17 23:50:04] [daily-review] - 消息数：112
[2026-05-17 23:50:04] [daily-review] [0;32m[SUCCESS][0m 对话记录已保存：/root/.openclaw/workspace/agents/xiaomijiao/memory/chat-2026-05-17.md
[2026-05-17 23:50:04] [daily-review] [0;32m[SUCCESS][0m 对话记录已保存：/root/.openclaw/workspace/agents/xiaomijiao/memory/chat-2026-05-17.md
[2026-05-17 23:50:04] [daily-review] 消息数： 112
[2026-05-17 23:50:04] [daily-review] 消息数： 112
[2026-05-17 23:50:04] [daily-review] [0;32m[SUCCESS][0m 多通道对话提取完成！🎉
[2026-05-17 23:50:04] [daily-review] [0;32m[SUCCESS][0m 多通道对话提取完成！🎉
[2026-05-17 23:50:04] [daily-review] 📊 变更统计: intel/2 memory/0 config/4
[2026-05-17 23:50:04] [daily-review] 📊 变更统计: intel/2 memory/0 config/4
[2026-05-17 23:50:04] [daily-review]   📄 agents/xiaomijiao/memory/chat-2026-05-17.md
[2026-05-17 23:50:04] [daily-review]   📄 agents/xiaomijiao/memory/chat-2026-05-17.md
[2026-05-17 23:50:04] [daily-review]   📄 "intel/346225260346215256345244215347233230.md"
[2026-05-17 23:50:04] [daily-review]   📄 "intel/346225260346215256345244215347233230.md"
[2026-05-17 23:50:04] [daily-review]   📄 "intel/346257217345221250350277220350220245350247204345210222.md"
[2026-05-17 23:50:04] [daily-review]   📄 "intel/346257217345221250350277220350220245350247204345210222.md"
[2026-05-17 23:50:04] [daily-review]   📄 logs/git.log
[2026-05-17 23:50:04] [daily-review]   📄 logs/git.log
[2026-05-17 23:50:04] [daily-review]   📄 logs/xiaomijiao-cron.log
[2026-05-17 23:50:04] [daily-review]   📄 logs/xiaomijiao-cron.log
[2026-05-17 23:50:04] [daily-review]   📄 skills/self-improving/heartbeat-state.md
[2026-05-17 23:50:04] [daily-review]   📄 skills/self-improving/heartbeat-state.md
[2026-05-17 23:50:04] [daily-review] 📋 待办进度: ✅6 完成 / ⏳8 待做
[2026-05-17 23:50:04] [daily-review] 📋 待办进度: ✅6 完成 / ⏳8 待做
[2026-05-17 23:50:04] [daily-review] 📚 开始知识库结构化整理...
[2026-05-17 23:50:04] [daily-review] 📚 开始知识库结构化整理...
[2026-05-17 23:50:04] [daily-review] 📊 intel/ 目录文件数: 108
[2026-05-17 23:50:04] [daily-review] 📊 intel/ 目录文件数: 108
[2026-05-17 23:50:04] [daily-review] ⚠️ 发现 102 个超过 7 天未更新的文件
[2026-05-17 23:50:04] [daily-review] ⚠️ 发现 102 个超过 7 天未更新的文件
[2026-05-17 23:50:04] [daily-review]   📄 工具与技能清单.md (超过 7 天)
[2026-05-17 23:50:04] [daily-review]   📄 工具与技能清单.md (超过 7 天)
[2026-05-17 23:50:04] [daily-review]   📄 办公室5分钟瑜伽.md (超过 7 天)
[2026-05-17 23:50:04] [daily-review]   📄 办公室5分钟瑜伽.md (超过 7 天)
[2026-05-17 23:50:04] [daily-review]   📄 商贸数据复盘_20260414.md (超过 7 天)
[2026-05-17 23:50:04] [daily-review]   📄 商贸数据复盘_20260414.md (超过 7 天)
[2026-05-17 23:50:04] [daily-review]   📄 公众号测评文章.md (超过 7 天)
[2026-05-17 23:50:04] [daily-review]   📄 公众号测评文章.md (超过 7 天)
[2026-05-17 23:50:04] [daily-review]   📄 首篇笔记内容-2026-04-09.md (超过 7 天)
[2026-05-17 23:50:04] [daily-review]   📄 首篇笔记内容-2026-04-09.md (超过 7 天)
[2026-05-17 23:50:04] [daily-review]   📄 私聊话术设计-2026-04-09.md (超过 7 天)
[2026-05-17 23:50:04] [daily-review]   📄 私聊话术设计-2026-04-09.md (超过 7 天)
[2026-05-17 23:50:04] [daily-review]   📄 日常运营知识库.md (超过 7 天)
[2026-05-17 23:50:04] [daily-review]   📄 日常运营知识库.md (超过 7 天)
[2026-05-17 23:50:04] [daily-review]   📄 Public-APIs-RAKE-关键词提取API调研.md (超过 7 天)
[2026-05-17 23:50:04] [daily-review]   📄 Public-APIs-RAKE-关键词提取API调研.md (超过 7 天)
[2026-05-17 23:50:04] [daily-review]   📄 2026-04-23-午间回顾.md (超过 7 天)
[2026-05-17 23:50:04] [daily-review]   📄 2026-04-23-午间回顾.md (超过 7 天)
[2026-05-17 23:50:04] [daily-review]   📄 URL-Shortener-短链接生成API-链接优化工具.md (超过 7 天)
[2026-05-17 23:50:04] [daily-review]   📄 URL-Shortener-短链接生成API-链接优化工具.md (超过 7 天)
[2026-05-17 23:50:04] [daily-review]   📄 2026-04-15-午间回顾.md (超过 7 天)
[2026-05-17 23:50:04] [daily-review]   📄 2026-04-15-午间回顾.md (超过 7 天)
[2026-05-17 23:50:04] [daily-review]   📄 商贸模式状态更新.md (超过 7 天)
[2026-05-17 23:50:04] [daily-review]   📄 商贸模式状态更新.md (超过 7 天)
[2026-05-17 23:50:04] [daily-review]   📄 NumPy-数值计算库-基础工具.md (超过 7 天)
[2026-05-17 23:50:04] [daily-review]   📄 NumPy-数值计算库-基础工具.md (超过 7 天)
[2026-05-17 23:50:04] [daily-review]   📄 2026-04-30-午间回顾.md (超过 7 天)
[2026-05-17 23:50:04] [daily-review]   📄 2026-04-30-午间回顾.md (超过 7 天)
[2026-05-17 23:50:04] [daily-review]   📄 小米椒出海方案.md (超过 7 天)
[2026-05-17 23:50:04] [daily-review]   📄 小米椒出海方案.md (超过 7 天)
[2026-05-17 23:50:04] [daily-review]   📄 QR-Code-二维码生成API-推广工具.md (超过 7 天)
[2026-05-17 23:50:04] [daily-review]   📄 QR-Code-二维码生成API-推广工具.md (超过 7 天)
[2026-05-17 23:50:04] [daily-review]   📄 Public-APIs-Poof-背景移除API调研.md (超过 7 天)
[2026-05-17 23:50:04] [daily-review]   📄 Public-APIs-Poof-背景移除API调研.md (超过 7 天)
[2026-05-17 23:50:04] [daily-review]   📄 今日回顾_2026-04-09.md (超过 7 天)
[2026-05-17 23:50:04] [daily-review]   📄 今日回顾_2026-04-09.md (超过 7 天)
[2026-05-17 23:50:04] [daily-review]   📄 Public-APIs-APITubeNews-热点采集API调研.md (超过 7 天)
[2026-05-17 23:50:04] [daily-review]   📄 Public-APIs-APITubeNews-热点采集API调研.md (超过 7 天)
[2026-05-17 23:50:04] [daily-review]   📄 2026-05-05完整复盘.md (超过 7 天)
[2026-05-17 23:50:04] [daily-review]   📄 2026-05-05完整复盘.md (超过 7 天)
[2026-05-17 23:50:04] [daily-review]   📄 2026-05-02-午间回顾.md (超过 7 天)
[2026-05-17 23:50:04] [daily-review]   📄 2026-05-02-午间回顾.md (超过 7 天)
[2026-05-17 23:50:04] [daily-review]   📄 1688供应商筛选标准.md (超过 7 天)
[2026-05-17 23:50:04] [daily-review]   📄 1688供应商筛选标准.md (超过 7 天)
[2026-05-17 23:50:04] [daily-review]   📄 Text-Summarization-文本摘要API-内容提炼工具.md (超过 7 天)
[2026-05-17 23:50:04] [daily-review]   📄 Text-Summarization-文本摘要API-内容提炼工具.md (超过 7 天)
[2026-05-17 23:50:04] [daily-review]   📄 Public-APIs-新媒体运营资源.md (超过 7 天)
[2026-05-17 23:50:04] [daily-review]   📄 Public-APIs-新媒体运营资源.md (超过 7 天)
[2026-05-17 23:50:04] [daily-review]   📄 OpenClaw-3.22安全加固指南.md (超过 7 天)
[2026-05-17 23:50:04] [daily-review]   📄 OpenClaw-3.22安全加固指南.md (超过 7 天)
[2026-05-17 23:50:04] [daily-review]   📄 xiaohongshu-ops-完整优化方案.md (超过 7 天)
[2026-05-17 23:50:04] [daily-review]   📄 xiaohongshu-ops-完整优化方案.md (超过 7 天)
[2026-05-17 23:50:04] [daily-review]   📄 选题灵感.md (超过 7 天)
[2026-05-17 23:50:04] [daily-review]   📄 选题灵感.md (超过 7 天)
[2026-05-17 23:50:04] [daily-review]   📄 Public-APIs-ShotOG-封面生成API调研.md (超过 7 天)
[2026-05-17 23:50:04] [daily-review]   📄 Public-APIs-ShotOG-封面生成API调研.md (超过 7 天)
[2026-05-17 23:50:04] [daily-review]   📄 Public-APIs-Meteoblue-天气选题API调研.md (超过 7 天)
[2026-05-17 23:50:04] [daily-review]   📄 Public-APIs-Meteoblue-天气选题API调研.md (超过 7 天)
[2026-05-17 23:50:04] [daily-review]   📄 商贸模式使用说明.md (超过 7 天)
[2026-05-17 23:50:04] [daily-review]   📄 商贸模式使用说明.md (超过 7 天)
[2026-05-17 23:50:04] [daily-review]   📄 2026-04-19-午间回顾.md (超过 7 天)
[2026-05-17 23:50:04] [daily-review]   📄 2026-04-19-午间回顾.md (超过 7 天)
[2026-05-17 23:50:04] [daily-review]   📄 商贸系统化落地方案.md (超过 7 天)
[2026-05-17 23:50:04] [daily-review]   📄 商贸系统化落地方案.md (超过 7 天)
[2026-05-17 23:50:04] [daily-review]   📄 MoviePy-视频处理库-视频编辑工具.md (超过 7 天)
[2026-05-17 23:50:04] [daily-review]   📄 MoviePy-视频处理库-视频编辑工具.md (超过 7 天)
[2026-05-17 23:50:04] [daily-review]   📄 2026-04-20-午间回顾.md (超过 7 天)
[2026-05-17 23:50:04] [daily-review]   📄 2026-04-20-午间回顾.md (超过 7 天)
[2026-05-17 23:50:04] [daily-review]   📄 Public-APIs-ImageCompressor-图片压缩API调研.md (超过 7 天)
[2026-05-17 23:50:04] [daily-review]   📄 Public-APIs-ImageCompressor-图片压缩API调研.md (超过 7 天)
[2026-05-17 23:50:04] [daily-review]   📄 小米椒商贸定价与成本计算方案.md (超过 7 天)
[2026-05-17 23:50:04] [daily-review]   📄 小米椒商贸定价与成本计算方案.md (超过 7 天)
[2026-05-17 23:50:04] [daily-review]   📄 1688-供应商对比报告.md (超过 7 天)
[2026-05-17 23:50:04] [daily-review]   📄 1688-供应商对比报告.md (超过 7 天)
[2026-05-17 23:50:04] [daily-review]   📄 明日选题预研.md (超过 7 天)
[2026-05-17 23:50:04] [daily-review]   📄 明日选题预研.md (超过 7 天)
[2026-05-17 23:50:04] [daily-review]   📄 商贸模式常用操作.md (超过 7 天)
[2026-05-17 23:50:04] [daily-review]   📄 商贸模式常用操作.md (超过 7 天)
[2026-05-17 23:50:04] [daily-review]   📄 淘宝API验证计划.md (超过 7 天)
[2026-05-17 23:50:04] [daily-review]   📄 淘宝API验证计划.md (超过 7 天)
[2026-05-17 23:50:04] [daily-review]   📄 模型切换方案-百炼主线-v2.md (超过 7 天)
[2026-05-17 23:50:04] [daily-review]   📄 模型切换方案-百炼主线-v2.md (超过 7 天)
[2026-05-17 23:50:04] [daily-review]   📄 推荐工作-闲鱼一件代发.md (超过 7 天)
[2026-05-17 23:50:04] [daily-review]   📄 推荐工作-闲鱼一件代发.md (超过 7 天)
[2026-05-17 23:50:04] [daily-review]   📄 百炼模型配置方案.md (超过 7 天)
[2026-05-17 23:50:04] [daily-review]   📄 百炼模型配置方案.md (超过 7 天)
[2026-05-17 23:50:04] [daily-review]   📄 公众号运营策略.md (超过 7 天)
[2026-05-17 23:50:04] [daily-review]   📄 公众号运营策略.md (超过 7 天)
[2026-05-17 23:50:04] [daily-review]   📄 系统架构知识库.md (超过 7 天)
[2026-05-17 23:50:04] [daily-review]   📄 系统架构知识库.md (超过 7 天)
[2026-05-17 23:50:04] [daily-review]   📄 P1-助眠好物框架.md (超过 7 天)
[2026-05-17 23:50:04] [daily-review]   📄 P1-助眠好物框架.md (超过 7 天)
[2026-05-17 23:50:04] [daily-review]   📄 Requests-HTTP请求库-API调用工具.md (超过 7 天)
[2026-05-17 23:50:04] [daily-review]   📄 Requests-HTTP请求库-API调用工具.md (超过 7 天)
[2026-05-17 23:50:04] [daily-review]   📄 模型切换方案-百炼主线.md (超过 7 天)
[2026-05-17 23:50:04] [daily-review]   📄 模型切换方案-百炼主线.md (超过 7 天)
[2026-05-17 23:50:04] [daily-review]   📄 小米椒客户开发实战方案.md (超过 7 天)
[2026-05-17 23:50:04] [daily-review]   📄 小米椒客户开发实战方案.md (超过 7 天)
[2026-05-17 23:50:04] [daily-review]   📄 小红书选题清单-2026-04-09.md (超过 7 天)
[2026-05-17 23:50:04] [daily-review]   📄 小红书选题清单-2026-04-09.md (超过 7 天)
[2026-05-17 23:50:04] [daily-review]   📄 小米椒商贸出海定制方案.md (超过 7 天)
[2026-05-17 23:50:04] [daily-review]   📄 小米椒商贸出海定制方案.md (超过 7 天)
[2026-05-17 23:50:04] [daily-review]   📄 Qwen3.6-Plus免费使用指南.md (超过 7 天)
[2026-05-17 23:50:04] [daily-review]   📄 Qwen3.6-Plus免费使用指南.md (超过 7 天)
[2026-05-17 23:50:04] [daily-review]   📄 公众号转型思路.md (超过 7 天)
[2026-05-17 23:50:04] [daily-review]   📄 公众号转型思路.md (超过 7 天)
[2026-05-17 23:50:04] [daily-review]   📄 Public-APIs-ImageCompressor集成说明.md (超过 7 天)
[2026-05-17 23:50:04] [daily-review]   📄 Public-APIs-ImageCompressor集成说明.md (超过 7 天)
[2026-05-17 23:50:04] [daily-review]   📄 公众号文章清单.md (超过 7 天)
[2026-05-17 23:50:04] [daily-review]   📄 公众号文章清单.md (超过 7 天)
[2026-05-17 23:50:04] [daily-review]   📄 FFmpeg-视频处理工具-命令行视频编辑器.md (超过 7 天)
[2026-05-17 23:50:04] [daily-review]   📄 FFmpeg-视频处理工具-命令行视频编辑器.md (超过 7 天)
[2026-05-17 23:50:04] [daily-review]   📄 xiaohongshu-ops-商贸优化-P1P2方案.md (超过 7 天)
[2026-05-17 23:50:04] [daily-review]   📄 xiaohongshu-ops-商贸优化-P1P2方案.md (超过 7 天)
[2026-05-17 23:50:04] [daily-review]   📄 LongCat模型配置知识库.md (超过 7 天)
[2026-05-17 23:50:04] [daily-review]   📄 LongCat模型配置知识库.md (超过 7 天)
[2026-05-17 23:50:04] [daily-review]   📄 商贸数据复盘_20260424.md (超过 7 天)
[2026-05-17 23:50:04] [daily-review]   📄 商贸数据复盘_20260424.md (超过 7 天)
[2026-05-17 23:50:04] [daily-review]   📄 BeautifulSoup-HTML解析库-网页抓取工具.md (超过 7 天)
[2026-05-17 23:50:04] [daily-review]   📄 BeautifulSoup-HTML解析库-网页抓取工具.md (超过 7 天)
[2026-05-17 23:50:04] [daily-review]   📄 结构化整理报告-2026-04-11.md (超过 7 天)
[2026-05-17 23:50:04] [daily-review]   📄 结构化整理报告-2026-04-11.md (超过 7 天)
[2026-05-17 23:50:04] [daily-review]   📄 2026-05-01-午间回顾.md (超过 7 天)
[2026-05-17 23:50:04] [daily-review]   📄 2026-05-01-午间回顾.md (超过 7 天)
[2026-05-17 23:50:04] [daily-review]   📄 小红书文章清单_综合版.md (超过 7 天)
[2026-05-17 23:50:04] [daily-review]   📄 小红书文章清单_综合版.md (超过 7 天)
[2026-05-17 23:50:04] [daily-review]   📄 运营待办.md (超过 7 天)
[2026-05-17 23:50:04] [daily-review]   📄 运营待办.md (超过 7 天)
[2026-05-17 23:50:04] [daily-review]   📄 内容初稿.md (超过 7 天)
[2026-05-17 23:50:04] [daily-review]   📄 内容初稿.md (超过 7 天)
[2026-05-17 23:50:04] [daily-review]   📄 2026-04-22-午间回顾.md (超过 7 天)
[2026-05-17 23:50:04] [daily-review]   📄 2026-04-22-午间回顾.md (超过 7 天)
[2026-05-17 23:50:04] [daily-review]   📄 2026-04-24-午间回顾.md (超过 7 天)
[2026-05-17 23:50:04] [daily-review]   📄 2026-04-24-午间回顾.md (超过 7 天)
[2026-05-17 23:50:04] [daily-review]   📄 知识库索引.md (超过 7 天)
[2026-05-17 23:50:04] [daily-review]   📄 知识库索引.md (超过 7 天)
[2026-05-17 23:50:04] [daily-review]   📄 选品调研.md (超过 7 天)
[2026-05-17 23:50:04] [daily-review]   📄 选品调研.md (超过 7 天)
[2026-05-17 23:50:04] [daily-review]   📄 OpenClaw自主进化指南.md (超过 7 天)
[2026-05-17 23:50:04] [daily-review]   📄 OpenClaw自主进化指南.md (超过 7 天)
[2026-05-17 23:50:04] [daily-review]   📄 每日晚间回顾报告-2026-04-02.md (超过 7 天)
[2026-05-17 23:50:04] [daily-review]   📄 每日晚间回顾报告-2026-04-02.md (超过 7 天)
[2026-05-17 23:50:04] [daily-review]   📄 每日晚间回顾报告-2026-03-27.md (超过 7 天)
[2026-05-17 23:50:04] [daily-review]   📄 每日晚间回顾报告-2026-03-27.md (超过 7 天)
[2026-05-17 23:50:04] [daily-review]   📄 视频脚本-蒸汽眼罩-20260401.md (超过 7 天)
[2026-05-17 23:50:04] [daily-review]   📄 视频脚本-蒸汽眼罩-20260401.md (超过 7 天)
[2026-05-17 23:50:04] [daily-review]   📄 Public-APIs-新媒体运营资源-最终版.md (超过 7 天)
[2026-05-17 23:50:04] [daily-review]   📄 Public-APIs-新媒体运营资源-最终版.md (超过 7 天)
[2026-05-17 23:50:04] [daily-review]   📄 memory-lessons-2026-03.md (超过 7 天)
[2026-05-17 23:50:04] [daily-review]   📄 memory-lessons-2026-03.md (超过 7 天)
[2026-05-17 23:50:04] [daily-review]   📄 内容初稿-蒸汽眼罩-20260401.md (超过 7 天)
[2026-05-17 23:50:04] [daily-review]   📄 内容初稿-蒸汽眼罩-20260401.md (超过 7 天)
[2026-05-17 23:50:04] [daily-review]   📄 每日午间回顾报告-2026-03-30.md (超过 7 天)
[2026-05-17 23:50:04] [daily-review]   📄 每日午间回顾报告-2026-03-30.md (超过 7 天)
[2026-05-17 23:50:04] [daily-review]   📄 深度回顾报告-2026-04-01.md (超过 7 天)
[2026-05-17 23:50:04] [daily-review]   📄 深度回顾报告-2026-04-01.md (超过 7 天)
[2026-05-17 23:50:04] [daily-review]   📄 Public-APIs-新媒体运营资源-v2.0.md (超过 7 天)
[2026-05-17 23:50:04] [daily-review]   📄 Public-APIs-新媒体运营资源-v2.0.md (超过 7 天)
[2026-05-17 23:50:04] [daily-review]   📄 每日晚间回顾报告-2026-04-03.md (超过 7 天)
[2026-05-17 23:50:04] [daily-review]   📄 每日晚间回顾报告-2026-04-03.md (超过 7 天)
[2026-05-17 23:50:04] [daily-review]   📄 内容初稿-2026-04-01.md (超过 7 天)
[2026-05-17 23:50:04] [daily-review]   📄 内容初稿-2026-04-01.md (超过 7 天)
[2026-05-17 23:50:04] [daily-review]   📄 每日晚间回顾报告-2026-04-01.md (超过 7 天)
[2026-05-17 23:50:04] [daily-review]   📄 每日晚间回顾报告-2026-04-01.md (超过 7 天)
[2026-05-17 23:50:04] [daily-review]   📄 每日晚间回顾报告-2026-03-30.md (超过 7 天)
[2026-05-17 23:50:04] [daily-review]   📄 每日晚间回顾报告-2026-03-30.md (超过 7 天)
[2026-05-17 23:50:04] [daily-review]   📄 每日午间回顾报告-2026-04-01.md (超过 7 天)
[2026-05-17 23:50:04] [daily-review]   📄 每日午间回顾报告-2026-04-01.md (超过 7 天)
[2026-05-17 23:50:04] [daily-review]   📄 每日晚间回顾报告-2026-04-04.md (超过 7 天)
[2026-05-17 23:50:04] [daily-review]   📄 每日晚间回顾报告-2026-04-04.md (超过 7 天)
[2026-05-17 23:50:04] [daily-review]   📄 视频脚本-蒸汽眼罩-种草版-20260401.md (超过 7 天)
[2026-05-17 23:50:04] [daily-review]   📄 视频脚本-蒸汽眼罩-种草版-20260401.md (超过 7 天)
[2026-05-17 23:50:04] [daily-review]   📄 小红书文章清单_瑜伽版.md (超过 7 天)
[2026-05-17 23:50:04] [daily-review]   📄 小红书文章清单_瑜伽版.md (超过 7 天)
[2026-05-17 23:50:04] [daily-review]   📄 小红书文章清单.md (超过 7 天)
[2026-05-17 23:50:04] [daily-review]   📄 小红书文章清单.md (超过 7 天)
[2026-05-17 23:50:04] [daily-review]   📄 每日午间回顾报告-2026-04-21.md (超过 7 天)
[2026-05-17 23:50:04] [daily-review]   📄 每日午间回顾报告-2026-04-21.md (超过 7 天)
[2026-05-17 23:50:04] [daily-review]   📄 2026-04-26-午间回顾.md (超过 7 天)
[2026-05-17 23:50:04] [daily-review]   📄 2026-04-26-午间回顾.md (超过 7 天)
[2026-05-17 23:50:04] [daily-review]   📄 Public-APIs-Pandas-数据分析API调研.md (超过 7 天)
[2026-05-17 23:50:04] [daily-review]   📄 Public-APIs-Pandas-数据分析API调研.md (超过 7 天)
[2026-05-17 23:50:04] [daily-review]   📄 技能知识库.md (超过 7 天)
[2026-05-17 23:50:04] [daily-review]   📄 技能知识库.md (超过 7 天)
[2026-05-17 23:50:04] [daily-review]   📄 办公室瑜伽完全指南.md (超过 7 天)
[2026-05-17 23:50:04] [daily-review]   📄 办公室瑜伽完全指南.md (超过 7 天)
[2026-05-17 23:50:04] [daily-review]   📄 品牌过往爆款.md (超过 7 天)
[2026-05-17 23:50:04] [daily-review]   📄 品牌过往爆款.md (超过 7 天)
[2026-05-17 23:50:04] [daily-review]   📄 路径规划-1688小红书闲鱼.md (超过 7 天)
[2026-05-17 23:50:04] [daily-review]   📄 路径规划-1688小红书闲鱼.md (超过 7 天)
[2026-05-17 23:50:04] [daily-review]   📄 小红书运营知识库.md (超过 7 天)
[2026-05-17 23:50:04] [daily-review]   📄 小红书运营知识库.md (超过 7 天)
[2026-05-17 23:50:04] [daily-review]   📄 闲鱼上架清单-2026-04-09.md (超过 7 天)
[2026-05-17 23:50:04] [daily-review]   📄 闲鱼上架清单-2026-04-09.md (超过 7 天)
[2026-05-17 23:50:04] [daily-review]   📄 2026-04-15-系统状态检查.md (超过 7 天)
[2026-05-17 23:50:04] [daily-review]   📄 2026-04-15-系统状态检查.md (超过 7 天)
[2026-05-17 23:50:04] [daily-review]   📄 2026-04-28-午间回顾.md (超过 7 天)
[2026-05-17 23:50:04] [daily-review]   📄 2026-04-28-午间回顾.md (超过 7 天)
[2026-05-17 23:50:04] [daily-review]   📄 Public-APIs-Plotly-数据可视化API调研.md (超过 7 天)
[2026-05-17 23:50:04] [daily-review]   📄 Public-APIs-Plotly-数据可视化API调研.md (超过 7 天)
[2026-05-17 23:50:04] [daily-review]   📄 Public-APIs-VADER-情感分析API调研.md (超过 7 天)
[2026-05-17 23:50:04] [daily-review]   📄 Public-APIs-VADER-情感分析API调研.md (超过 7 天)
[2026-05-17 23:50:04] [daily-review]   📄 xiaohongshu-ops-商贸优化方案.md (超过 7 天)
[2026-05-17 23:50:04] [daily-review]   📄 xiaohongshu-ops-商贸优化方案.md (超过 7 天)
[2026-05-17 23:50:04] [daily-review] ✅ 无重复文件
[2026-05-17 23:50:04] [daily-review] ✅ 无重复文件
[2026-05-17 23:50:04] [daily-review] ✅ 知识库结构化整理完成
[2026-05-17 23:50:04] [daily-review] ✅ 知识库结构化整理完成
[2026-05-17 23:50:04] [daily-review] 📋 开始索引同步更新...
[2026-05-17 23:50:04] [daily-review] 📋 开始索引同步更新...
[2026-05-17 23:50:04] [daily-review] 📊 文件统计: intel/108 memory/63 logs/12 total/183
[2026-05-17 23:50:04] [daily-review] 📊 文件统计: intel/108 memory/63 logs/12 total/183
[2026-05-17 23:50:04] [daily-review] ✅ 索引文件已更新
[2026-05-17 23:50:04] [daily-review] ✅ 索引文件已更新
[2026-05-17 23:50:04] [daily-review] ✅ 索引同步更新完成
[2026-05-17 23:50:04] [daily-review] ✅ 索引同步更新完成
[2026-05-17 23:50:04] [daily-review] 🧠 开始记忆同步更新...
[2026-05-17 23:50:04] [daily-review] 🧠 开始记忆同步更新...
[2026-05-17 23:50:04] [daily-review] 📅 今日记忆: 43行
[2026-05-17 23:50:04] [daily-review] 📅 今日记忆: 43行
[2026-05-17 23:50:04] [daily-review] ⚠️ MEMORY.md 今天未更新
[2026-05-17 23:50:04] [daily-review] ⚠️ MEMORY.md 今天未更新
[2026-05-17 23:50:04] [daily-review] ✅ 记忆同步更新完成
[2026-05-17 23:50:04] [daily-review] ✅ 记忆同步更新完成
[2026-05-17 23:50:05] [daily-review] 🔧 开始 Git 库整理...
[2026-05-17 23:50:05] [daily-review] 🔧 开始 Git 库整理...
[2026-05-17 23:50:05] [daily-review] ✅ 无未跟踪文件
[2026-05-17 23:50:05] [daily-review] ✅ 无未跟踪文件
[2026-05-17 23:50:05] [daily-review] ⚠️ 发现 6 个未暂存变更
[2026-05-17 23:50:05] [daily-review] ⚠️ 发现 6 个未暂存变更
[2026-05-17 23:50:05] [daily-review] 📊 最近 5 次提交:
[2026-05-17 23:50:05] [daily-review] 📊 最近 5 次提交:
[2026-05-17 23:50:05] [daily-review]   b4b94c80 docs(xiaomijiao): 午间回顾 - 2026-05-17
[2026-05-17 23:50:05] [daily-review]   b4b94c80 docs(xiaomijiao): 午间回顾 - 2026-05-17
[2026-05-17 23:50:05] [daily-review]   fde02dba docs(xiaomijiao): 每日回顾 - 2026-05-16
[2026-05-17 23:50:05] [daily-review]   fde02dba docs(xiaomijiao): 每日回顾 - 2026-05-16
[2026-05-17 23:50:05] [daily-review]   a0c7a210 docs(xiaomijiao): 午间回顾 - 2026-05-16
[2026-05-17 23:50:05] [daily-review]   a0c7a210 docs(xiaomijiao): 午间回顾 - 2026-05-16
[2026-05-17 23:50:05] [daily-review]   4e470c1e docs(xiaomijiao): 每日回顾 - 2026-05-15
[2026-05-17 23:50:05] [daily-review]   4e470c1e docs(xiaomijiao): 每日回顾 - 2026-05-15
[2026-05-17 23:50:05] [daily-review]   90176830 docs(xiaomijiao): 午间回顾 - 2026-05-15
[2026-05-17 23:50:05] [daily-review]   90176830 docs(xiaomijiao): 午间回顾 - 2026-05-15
[2026-05-17 23:50:05] [daily-review] ✅ Git 库整理完成
[2026-05-17 23:50:05] [daily-review] ✅ Git 库整理完成
[2026-05-17 23:50:05] [daily-review] 🔍 开始查漏补缺...
[2026-05-17 23:50:05] [daily-review] 🔍 开始查漏补缺...
[2026-05-17 23:50:05] [daily-review] 📋 待办事项: 8 项待处理
[2026-05-17 23:50:05] [daily-review] 📋 待办事项: 8 项待处理
[2026-05-17 23:50:05] [daily-review] 🔴 P0 任务: 6 项未完成
[2026-05-17 23:50:05] [daily-review] 🔴 P0 任务: 6 项未完成
[2026-05-17 23:50:05] [daily-review] ⚠️ 发现 59 个超过 3 天未更新的记忆文件
[2026-05-17 23:50:05] [daily-review] ⚠️ 发现 59 个超过 3 天未更新的记忆文件
[2026-05-17 23:50:05] [daily-review] ✅ 查漏补缺完成
[2026-05-17 23:50:05] [daily-review] ✅ 查漏补缺完成
[2026-05-17 23:50:05] [daily-review] ✅ Git 已提交
[2026-05-17 23:50:05] [daily-review] ✅ Git 已提交
[2026-05-17 23:50:05] [daily-review] ⚠️ 推送失败（网络？），下次重试
[2026-05-17 23:50:05] [daily-review] ⚠️ 推送失败（网络？），下次重试
[2026-05-17 23:50:05] [daily-review] 🔄 更新 QMD 向量索引...
[2026-05-17 23:50:05] [daily-review] 🔄 更新 QMD 向量索引...
[2026-05-17 23:50:05] [daily-review] ⚠️ qmd 未找到，跳过
[2026-05-17 23:50:05] [daily-review] ⚠️ qmd 未找到，跳过
[2026-05-17 23:50:05] [daily-review] ===== 每日运营回顾完成 =====
[2026-05-17 23:50:05] [daily-review] ===== 每日运营回顾完成 =====
[2026-05-18 12:00:01] [morning-review] ===== 午间运营回顾开始（12:00）=====
[2026-05-18 12:00:01] [morning-review] ===== 午间运营回顾开始（12:00）=====
[2026-05-18 12:00:01] [morning-review] 📝 创建今日记忆文件模板...
[2026-05-18 12:00:01] [morning-review] 📝 创建今日记忆文件模板...
[2026-05-18 12:00:01] [morning-review] ✅ 记忆模板已创建
[2026-05-18 12:00:01] [morning-review] ✅ 记忆模板已创建
[2026-05-18 12:00:01] [morning-review] 提取多通道聊天记录（2026-05-18）...
[2026-05-18 12:00:01] [morning-review] 提取多通道聊天记录（2026-05-18）...
[2026-05-18 12:00:04] [morning-review] - 消息数：93
[2026-05-18 12:00:04] [morning-review] - 消息数：93
[2026-05-18 12:00:04] [morning-review] [0;32m[SUCCESS][0m 对话记录已保存：/root/.openclaw/workspace/agents/xiaomijiao/memory/chat-2026-05-18.md
[2026-05-18 12:00:04] [morning-review] [0;32m[SUCCESS][0m 对话记录已保存：/root/.openclaw/workspace/agents/xiaomijiao/memory/chat-2026-05-18.md
[2026-05-18 12:00:04] [morning-review] 消息数： 93
[2026-05-18 12:00:04] [morning-review] 消息数： 93
[2026-05-18 12:00:04] [morning-review] [0;32m[SUCCESS][0m 多通道对话提取完成！🎉
[2026-05-18 12:00:04] [morning-review] [0;32m[SUCCESS][0m 多通道对话提取完成！🎉
[2026-05-18 12:00:04] [morning-review] 📊 变更统计: intel/2 memory/0 config/3
[2026-05-18 12:00:04] [morning-review] 📊 变更统计: intel/2 memory/0 config/3
[2026-05-18 12:00:04] [morning-review]   📄 "intel/345271263345217260350247204345210231346233264346226260.md"
[2026-05-18 12:00:04] [morning-review]   📄 "intel/345271263345217260350247204345210231346233264346226260.md"
[2026-05-18 12:00:04] [morning-review]   📄 "intel/347203255347202271351200211351242230.md"
[2026-05-18 12:00:04] [morning-review]   📄 "intel/347203255347202271351200211351242230.md"
[2026-05-18 12:00:04] [morning-review]   📄 logs/git.log
[2026-05-18 12:00:04] [morning-review]   📄 logs/git.log
[2026-05-18 12:00:04] [morning-review]   📄 logs/hotspot.log
[2026-05-18 12:00:04] [morning-review]   📄 logs/hotspot.log
[2026-05-18 12:00:04] [morning-review]   📄 logs/xiaomijiao-cron.log
[2026-05-18 12:00:04] [morning-review]   📄 logs/xiaomijiao-cron.log
[2026-05-18 12:00:04] [morning-review]   📄 skills/self-improving/heartbeat-state.md
[2026-05-18 12:00:04] [morning-review]   📄 skills/self-improving/heartbeat-state.md
[2026-05-18 12:00:04] [morning-review] 📋 待办进度: ✅6 完成 / ⏳8 待做
[2026-05-18 12:00:04] [morning-review] 📋 待办进度: ✅6 完成 / ⏳8 待做
[2026-05-18 12:00:04] [morning-review] 📚 开始知识库结构化整理...
[2026-05-18 12:00:04] [morning-review] 📚 开始知识库结构化整理...
[2026-05-18 12:00:04] [morning-review] 📊 intel/ 目录文件数: 108
[2026-05-18 12:00:04] [morning-review] 📊 intel/ 目录文件数: 108
[2026-05-18 12:00:04] [morning-review] ⚠️ 发现 102 个超过 7 天未更新的文件
[2026-05-18 12:00:04] [morning-review] ⚠️ 发现 102 个超过 7 天未更新的文件
[2026-05-18 12:00:04] [morning-review]   📄 工具与技能清单.md (超过 7 天)
[2026-05-18 12:00:04] [morning-review]   📄 工具与技能清单.md (超过 7 天)
[2026-05-18 12:00:04] [morning-review]   📄 办公室5分钟瑜伽.md (超过 7 天)
[2026-05-18 12:00:04] [morning-review]   📄 办公室5分钟瑜伽.md (超过 7 天)
[2026-05-18 12:00:04] [morning-review]   📄 商贸数据复盘_20260414.md (超过 7 天)
[2026-05-18 12:00:04] [morning-review]   📄 商贸数据复盘_20260414.md (超过 7 天)
[2026-05-18 12:00:04] [morning-review]   📄 公众号测评文章.md (超过 7 天)
[2026-05-18 12:00:04] [morning-review]   📄 公众号测评文章.md (超过 7 天)
[2026-05-18 12:00:04] [morning-review]   📄 首篇笔记内容-2026-04-09.md (超过 7 天)
[2026-05-18 12:00:04] [morning-review]   📄 首篇笔记内容-2026-04-09.md (超过 7 天)
[2026-05-18 12:00:04] [morning-review]   📄 私聊话术设计-2026-04-09.md (超过 7 天)
[2026-05-18 12:00:04] [morning-review]   📄 私聊话术设计-2026-04-09.md (超过 7 天)
[2026-05-18 12:00:04] [morning-review]   📄 日常运营知识库.md (超过 7 天)
[2026-05-18 12:00:04] [morning-review]   📄 日常运营知识库.md (超过 7 天)
[2026-05-18 12:00:04] [morning-review]   📄 Public-APIs-RAKE-关键词提取API调研.md (超过 7 天)
[2026-05-18 12:00:04] [morning-review]   📄 Public-APIs-RAKE-关键词提取API调研.md (超过 7 天)
[2026-05-18 12:00:04] [morning-review]   📄 2026-04-23-午间回顾.md (超过 7 天)
[2026-05-18 12:00:04] [morning-review]   📄 2026-04-23-午间回顾.md (超过 7 天)
[2026-05-18 12:00:04] [morning-review]   📄 URL-Shortener-短链接生成API-链接优化工具.md (超过 7 天)
[2026-05-18 12:00:04] [morning-review]   📄 URL-Shortener-短链接生成API-链接优化工具.md (超过 7 天)
[2026-05-18 12:00:04] [morning-review]   📄 2026-04-15-午间回顾.md (超过 7 天)
[2026-05-18 12:00:04] [morning-review]   📄 2026-04-15-午间回顾.md (超过 7 天)
[2026-05-18 12:00:04] [morning-review]   📄 商贸模式状态更新.md (超过 7 天)
[2026-05-18 12:00:04] [morning-review]   📄 商贸模式状态更新.md (超过 7 天)
[2026-05-18 12:00:04] [morning-review]   📄 NumPy-数值计算库-基础工具.md (超过 7 天)
[2026-05-18 12:00:04] [morning-review]   📄 NumPy-数值计算库-基础工具.md (超过 7 天)
[2026-05-18 12:00:04] [morning-review]   📄 2026-04-30-午间回顾.md (超过 7 天)
[2026-05-18 12:00:04] [morning-review]   📄 2026-04-30-午间回顾.md (超过 7 天)
[2026-05-18 12:00:04] [morning-review]   📄 小米椒出海方案.md (超过 7 天)
[2026-05-18 12:00:04] [morning-review]   📄 小米椒出海方案.md (超过 7 天)
[2026-05-18 12:00:04] [morning-review]   📄 QR-Code-二维码生成API-推广工具.md (超过 7 天)
[2026-05-18 12:00:04] [morning-review]   📄 QR-Code-二维码生成API-推广工具.md (超过 7 天)
[2026-05-18 12:00:04] [morning-review]   📄 Public-APIs-Poof-背景移除API调研.md (超过 7 天)
[2026-05-18 12:00:04] [morning-review]   📄 Public-APIs-Poof-背景移除API调研.md (超过 7 天)
[2026-05-18 12:00:04] [morning-review]   📄 今日回顾_2026-04-09.md (超过 7 天)
[2026-05-18 12:00:04] [morning-review]   📄 今日回顾_2026-04-09.md (超过 7 天)
[2026-05-18 12:00:04] [morning-review]   📄 Public-APIs-APITubeNews-热点采集API调研.md (超过 7 天)
[2026-05-18 12:00:04] [morning-review]   📄 Public-APIs-APITubeNews-热点采集API调研.md (超过 7 天)
[2026-05-18 12:00:04] [morning-review]   📄 2026-05-05完整复盘.md (超过 7 天)
[2026-05-18 12:00:04] [morning-review]   📄 2026-05-05完整复盘.md (超过 7 天)
[2026-05-18 12:00:04] [morning-review]   📄 2026-05-02-午间回顾.md (超过 7 天)
[2026-05-18 12:00:04] [morning-review]   📄 2026-05-02-午间回顾.md (超过 7 天)
[2026-05-18 12:00:04] [morning-review]   📄 1688供应商筛选标准.md (超过 7 天)
[2026-05-18 12:00:04] [morning-review]   📄 1688供应商筛选标准.md (超过 7 天)
[2026-05-18 12:00:04] [morning-review]   📄 Text-Summarization-文本摘要API-内容提炼工具.md (超过 7 天)
[2026-05-18 12:00:04] [morning-review]   📄 Text-Summarization-文本摘要API-内容提炼工具.md (超过 7 天)
[2026-05-18 12:00:05] [morning-review]   📄 Public-APIs-新媒体运营资源.md (超过 7 天)
[2026-05-18 12:00:05] [morning-review]   📄 Public-APIs-新媒体运营资源.md (超过 7 天)
[2026-05-18 12:00:05] [morning-review]   📄 OpenClaw-3.22安全加固指南.md (超过 7 天)
[2026-05-18 12:00:05] [morning-review]   📄 OpenClaw-3.22安全加固指南.md (超过 7 天)
[2026-05-18 12:00:05] [morning-review]   📄 xiaohongshu-ops-完整优化方案.md (超过 7 天)
[2026-05-18 12:00:05] [morning-review]   📄 xiaohongshu-ops-完整优化方案.md (超过 7 天)
[2026-05-18 12:00:05] [morning-review]   📄 选题灵感.md (超过 7 天)
[2026-05-18 12:00:05] [morning-review]   📄 选题灵感.md (超过 7 天)
[2026-05-18 12:00:05] [morning-review]   📄 Public-APIs-ShotOG-封面生成API调研.md (超过 7 天)
[2026-05-18 12:00:05] [morning-review]   📄 Public-APIs-ShotOG-封面生成API调研.md (超过 7 天)
[2026-05-18 12:00:05] [morning-review]   📄 Public-APIs-Meteoblue-天气选题API调研.md (超过 7 天)
[2026-05-18 12:00:05] [morning-review]   📄 Public-APIs-Meteoblue-天气选题API调研.md (超过 7 天)
[2026-05-18 12:00:05] [morning-review]   📄 商贸模式使用说明.md (超过 7 天)
[2026-05-18 12:00:05] [morning-review]   📄 商贸模式使用说明.md (超过 7 天)
[2026-05-18 12:00:05] [morning-review]   📄 2026-04-19-午间回顾.md (超过 7 天)
[2026-05-18 12:00:05] [morning-review]   📄 2026-04-19-午间回顾.md (超过 7 天)
[2026-05-18 12:00:05] [morning-review]   📄 商贸系统化落地方案.md (超过 7 天)
[2026-05-18 12:00:05] [morning-review]   📄 商贸系统化落地方案.md (超过 7 天)
[2026-05-18 12:00:05] [morning-review]   📄 MoviePy-视频处理库-视频编辑工具.md (超过 7 天)
[2026-05-18 12:00:05] [morning-review]   📄 MoviePy-视频处理库-视频编辑工具.md (超过 7 天)
[2026-05-18 12:00:05] [morning-review]   📄 2026-04-20-午间回顾.md (超过 7 天)
[2026-05-18 12:00:05] [morning-review]   📄 2026-04-20-午间回顾.md (超过 7 天)
[2026-05-18 12:00:05] [morning-review]   📄 Public-APIs-ImageCompressor-图片压缩API调研.md (超过 7 天)
[2026-05-18 12:00:05] [morning-review]   📄 Public-APIs-ImageCompressor-图片压缩API调研.md (超过 7 天)
[2026-05-18 12:00:05] [morning-review]   📄 小米椒商贸定价与成本计算方案.md (超过 7 天)
[2026-05-18 12:00:05] [morning-review]   📄 小米椒商贸定价与成本计算方案.md (超过 7 天)
[2026-05-18 12:00:05] [morning-review]   📄 1688-供应商对比报告.md (超过 7 天)
[2026-05-18 12:00:05] [morning-review]   📄 1688-供应商对比报告.md (超过 7 天)
[2026-05-18 12:00:05] [morning-review]   📄 明日选题预研.md (超过 7 天)
[2026-05-18 12:00:05] [morning-review]   📄 明日选题预研.md (超过 7 天)
[2026-05-18 12:00:05] [morning-review]   📄 商贸模式常用操作.md (超过 7 天)
[2026-05-18 12:00:05] [morning-review]   📄 商贸模式常用操作.md (超过 7 天)
[2026-05-18 12:00:05] [morning-review]   📄 淘宝API验证计划.md (超过 7 天)
[2026-05-18 12:00:05] [morning-review]   📄 淘宝API验证计划.md (超过 7 天)
[2026-05-18 12:00:05] [morning-review]   📄 模型切换方案-百炼主线-v2.md (超过 7 天)
[2026-05-18 12:00:05] [morning-review]   📄 模型切换方案-百炼主线-v2.md (超过 7 天)
[2026-05-18 12:00:05] [morning-review]   📄 推荐工作-闲鱼一件代发.md (超过 7 天)
[2026-05-18 12:00:05] [morning-review]   📄 推荐工作-闲鱼一件代发.md (超过 7 天)
[2026-05-18 12:00:05] [morning-review]   📄 百炼模型配置方案.md (超过 7 天)
[2026-05-18 12:00:05] [morning-review]   📄 百炼模型配置方案.md (超过 7 天)
[2026-05-18 12:00:05] [morning-review]   📄 公众号运营策略.md (超过 7 天)
[2026-05-18 12:00:05] [morning-review]   📄 公众号运营策略.md (超过 7 天)
[2026-05-18 12:00:05] [morning-review]   📄 系统架构知识库.md (超过 7 天)
[2026-05-18 12:00:05] [morning-review]   📄 系统架构知识库.md (超过 7 天)
[2026-05-18 12:00:05] [morning-review]   📄 P1-助眠好物框架.md (超过 7 天)
[2026-05-18 12:00:05] [morning-review]   📄 P1-助眠好物框架.md (超过 7 天)
[2026-05-18 12:00:05] [morning-review]   📄 Requests-HTTP请求库-API调用工具.md (超过 7 天)
[2026-05-18 12:00:05] [morning-review]   📄 Requests-HTTP请求库-API调用工具.md (超过 7 天)
[2026-05-18 12:00:05] [morning-review]   📄 模型切换方案-百炼主线.md (超过 7 天)
[2026-05-18 12:00:05] [morning-review]   📄 模型切换方案-百炼主线.md (超过 7 天)
[2026-05-18 12:00:05] [morning-review]   📄 小米椒客户开发实战方案.md (超过 7 天)
[2026-05-18 12:00:05] [morning-review]   📄 小米椒客户开发实战方案.md (超过 7 天)
[2026-05-18 12:00:05] [morning-review]   📄 小红书选题清单-2026-04-09.md (超过 7 天)
[2026-05-18 12:00:05] [morning-review]   📄 小红书选题清单-2026-04-09.md (超过 7 天)
[2026-05-18 12:00:05] [morning-review]   📄 小米椒商贸出海定制方案.md (超过 7 天)
[2026-05-18 12:00:05] [morning-review]   📄 小米椒商贸出海定制方案.md (超过 7 天)
[2026-05-18 12:00:05] [morning-review]   📄 Qwen3.6-Plus免费使用指南.md (超过 7 天)
[2026-05-18 12:00:05] [morning-review]   📄 Qwen3.6-Plus免费使用指南.md (超过 7 天)
[2026-05-18 12:00:05] [morning-review]   📄 公众号转型思路.md (超过 7 天)
[2026-05-18 12:00:05] [morning-review]   📄 公众号转型思路.md (超过 7 天)
[2026-05-18 12:00:05] [morning-review]   📄 Public-APIs-ImageCompressor集成说明.md (超过 7 天)
[2026-05-18 12:00:05] [morning-review]   📄 Public-APIs-ImageCompressor集成说明.md (超过 7 天)
[2026-05-18 12:00:05] [morning-review]   📄 公众号文章清单.md (超过 7 天)
[2026-05-18 12:00:05] [morning-review]   📄 公众号文章清单.md (超过 7 天)
[2026-05-18 12:00:05] [morning-review]   📄 FFmpeg-视频处理工具-命令行视频编辑器.md (超过 7 天)
[2026-05-18 12:00:05] [morning-review]   📄 FFmpeg-视频处理工具-命令行视频编辑器.md (超过 7 天)
[2026-05-18 12:00:05] [morning-review]   📄 xiaohongshu-ops-商贸优化-P1P2方案.md (超过 7 天)
[2026-05-18 12:00:05] [morning-review]   📄 xiaohongshu-ops-商贸优化-P1P2方案.md (超过 7 天)
[2026-05-18 12:00:05] [morning-review]   📄 LongCat模型配置知识库.md (超过 7 天)
[2026-05-18 12:00:05] [morning-review]   📄 LongCat模型配置知识库.md (超过 7 天)
[2026-05-18 12:00:05] [morning-review]   📄 商贸数据复盘_20260424.md (超过 7 天)
[2026-05-18 12:00:05] [morning-review]   📄 商贸数据复盘_20260424.md (超过 7 天)
[2026-05-18 12:00:05] [morning-review]   📄 BeautifulSoup-HTML解析库-网页抓取工具.md (超过 7 天)
[2026-05-18 12:00:05] [morning-review]   📄 BeautifulSoup-HTML解析库-网页抓取工具.md (超过 7 天)
[2026-05-18 12:00:05] [morning-review]   📄 结构化整理报告-2026-04-11.md (超过 7 天)
[2026-05-18 12:00:05] [morning-review]   📄 结构化整理报告-2026-04-11.md (超过 7 天)
[2026-05-18 12:00:05] [morning-review]   📄 2026-05-01-午间回顾.md (超过 7 天)
[2026-05-18 12:00:05] [morning-review]   📄 2026-05-01-午间回顾.md (超过 7 天)
[2026-05-18 12:00:05] [morning-review]   📄 小红书文章清单_综合版.md (超过 7 天)
[2026-05-18 12:00:05] [morning-review]   📄 小红书文章清单_综合版.md (超过 7 天)
[2026-05-18 12:00:05] [morning-review]   📄 运营待办.md (超过 7 天)
[2026-05-18 12:00:05] [morning-review]   📄 运营待办.md (超过 7 天)
[2026-05-18 12:00:05] [morning-review]   📄 内容初稿.md (超过 7 天)
[2026-05-18 12:00:05] [morning-review]   📄 内容初稿.md (超过 7 天)
[2026-05-18 12:00:05] [morning-review]   📄 2026-04-22-午间回顾.md (超过 7 天)
[2026-05-18 12:00:05] [morning-review]   📄 2026-04-22-午间回顾.md (超过 7 天)
[2026-05-18 12:00:05] [morning-review]   📄 2026-04-24-午间回顾.md (超过 7 天)
[2026-05-18 12:00:05] [morning-review]   📄 2026-04-24-午间回顾.md (超过 7 天)
[2026-05-18 12:00:05] [morning-review]   📄 知识库索引.md (超过 7 天)
[2026-05-18 12:00:05] [morning-review]   📄 知识库索引.md (超过 7 天)
[2026-05-18 12:00:05] [morning-review]   📄 选品调研.md (超过 7 天)
[2026-05-18 12:00:05] [morning-review]   📄 选品调研.md (超过 7 天)
[2026-05-18 12:00:05] [morning-review]   📄 OpenClaw自主进化指南.md (超过 7 天)
[2026-05-18 12:00:05] [morning-review]   📄 OpenClaw自主进化指南.md (超过 7 天)
[2026-05-18 12:00:05] [morning-review]   📄 每日晚间回顾报告-2026-04-02.md (超过 7 天)
[2026-05-18 12:00:05] [morning-review]   📄 每日晚间回顾报告-2026-04-02.md (超过 7 天)
[2026-05-18 12:00:05] [morning-review]   📄 每日晚间回顾报告-2026-03-27.md (超过 7 天)
[2026-05-18 12:00:05] [morning-review]   📄 每日晚间回顾报告-2026-03-27.md (超过 7 天)
[2026-05-18 12:00:05] [morning-review]   📄 视频脚本-蒸汽眼罩-20260401.md (超过 7 天)
[2026-05-18 12:00:05] [morning-review]   📄 视频脚本-蒸汽眼罩-20260401.md (超过 7 天)
[2026-05-18 12:00:05] [morning-review]   📄 Public-APIs-新媒体运营资源-最终版.md (超过 7 天)
[2026-05-18 12:00:05] [morning-review]   📄 Public-APIs-新媒体运营资源-最终版.md (超过 7 天)
[2026-05-18 12:00:05] [morning-review]   📄 memory-lessons-2026-03.md (超过 7 天)
[2026-05-18 12:00:05] [morning-review]   📄 memory-lessons-2026-03.md (超过 7 天)
[2026-05-18 12:00:05] [morning-review]   📄 内容初稿-蒸汽眼罩-20260401.md (超过 7 天)
[2026-05-18 12:00:05] [morning-review]   📄 内容初稿-蒸汽眼罩-20260401.md (超过 7 天)
[2026-05-18 12:00:05] [morning-review]   📄 每日午间回顾报告-2026-03-30.md (超过 7 天)
[2026-05-18 12:00:05] [morning-review]   📄 每日午间回顾报告-2026-03-30.md (超过 7 天)
[2026-05-18 12:00:05] [morning-review]   📄 深度回顾报告-2026-04-01.md (超过 7 天)
[2026-05-18 12:00:05] [morning-review]   📄 深度回顾报告-2026-04-01.md (超过 7 天)
[2026-05-18 12:00:05] [morning-review]   📄 Public-APIs-新媒体运营资源-v2.0.md (超过 7 天)
[2026-05-18 12:00:05] [morning-review]   📄 Public-APIs-新媒体运营资源-v2.0.md (超过 7 天)
[2026-05-18 12:00:05] [morning-review]   📄 每日晚间回顾报告-2026-04-03.md (超过 7 天)
[2026-05-18 12:00:05] [morning-review]   📄 每日晚间回顾报告-2026-04-03.md (超过 7 天)
[2026-05-18 12:00:05] [morning-review]   📄 内容初稿-2026-04-01.md (超过 7 天)
[2026-05-18 12:00:05] [morning-review]   📄 内容初稿-2026-04-01.md (超过 7 天)
[2026-05-18 12:00:05] [morning-review]   📄 每日晚间回顾报告-2026-04-01.md (超过 7 天)
[2026-05-18 12:00:05] [morning-review]   📄 每日晚间回顾报告-2026-04-01.md (超过 7 天)
[2026-05-18 12:00:05] [morning-review]   📄 每日晚间回顾报告-2026-03-30.md (超过 7 天)
[2026-05-18 12:00:05] [morning-review]   📄 每日晚间回顾报告-2026-03-30.md (超过 7 天)
[2026-05-18 12:00:05] [morning-review]   📄 每日午间回顾报告-2026-04-01.md (超过 7 天)
[2026-05-18 12:00:05] [morning-review]   📄 每日午间回顾报告-2026-04-01.md (超过 7 天)
[2026-05-18 12:00:05] [morning-review]   📄 每日晚间回顾报告-2026-04-04.md (超过 7 天)
[2026-05-18 12:00:05] [morning-review]   📄 每日晚间回顾报告-2026-04-04.md (超过 7 天)
[2026-05-18 12:00:05] [morning-review]   📄 视频脚本-蒸汽眼罩-种草版-20260401.md (超过 7 天)
[2026-05-18 12:00:05] [morning-review]   📄 视频脚本-蒸汽眼罩-种草版-20260401.md (超过 7 天)
[2026-05-18 12:00:05] [morning-review]   📄 小红书文章清单_瑜伽版.md (超过 7 天)
[2026-05-18 12:00:05] [morning-review]   📄 小红书文章清单_瑜伽版.md (超过 7 天)
[2026-05-18 12:00:05] [morning-review]   📄 小红书文章清单.md (超过 7 天)
[2026-05-18 12:00:05] [morning-review]   📄 小红书文章清单.md (超过 7 天)
[2026-05-18 12:00:05] [morning-review]   📄 每日午间回顾报告-2026-04-21.md (超过 7 天)
[2026-05-18 12:00:05] [morning-review]   📄 每日午间回顾报告-2026-04-21.md (超过 7 天)
[2026-05-18 12:00:05] [morning-review]   📄 2026-04-26-午间回顾.md (超过 7 天)
[2026-05-18 12:00:05] [morning-review]   📄 2026-04-26-午间回顾.md (超过 7 天)
[2026-05-18 12:00:05] [morning-review]   📄 Public-APIs-Pandas-数据分析API调研.md (超过 7 天)
[2026-05-18 12:00:05] [morning-review]   📄 Public-APIs-Pandas-数据分析API调研.md (超过 7 天)
[2026-05-18 12:00:05] [morning-review]   📄 技能知识库.md (超过 7 天)
[2026-05-18 12:00:05] [morning-review]   📄 技能知识库.md (超过 7 天)
[2026-05-18 12:00:05] [morning-review]   📄 办公室瑜伽完全指南.md (超过 7 天)
[2026-05-18 12:00:05] [morning-review]   📄 办公室瑜伽完全指南.md (超过 7 天)
[2026-05-18 12:00:05] [morning-review]   📄 品牌过往爆款.md (超过 7 天)
[2026-05-18 12:00:05] [morning-review]   📄 品牌过往爆款.md (超过 7 天)
[2026-05-18 12:00:05] [morning-review]   📄 路径规划-1688小红书闲鱼.md (超过 7 天)
[2026-05-18 12:00:05] [morning-review]   📄 路径规划-1688小红书闲鱼.md (超过 7 天)
[2026-05-18 12:00:05] [morning-review]   📄 小红书运营知识库.md (超过 7 天)
[2026-05-18 12:00:05] [morning-review]   📄 小红书运营知识库.md (超过 7 天)
[2026-05-18 12:00:05] [morning-review]   📄 闲鱼上架清单-2026-04-09.md (超过 7 天)
[2026-05-18 12:00:05] [morning-review]   📄 闲鱼上架清单-2026-04-09.md (超过 7 天)
[2026-05-18 12:00:05] [morning-review]   📄 2026-04-15-系统状态检查.md (超过 7 天)
[2026-05-18 12:00:05] [morning-review]   📄 2026-04-15-系统状态检查.md (超过 7 天)
[2026-05-18 12:00:05] [morning-review]   📄 2026-04-28-午间回顾.md (超过 7 天)
[2026-05-18 12:00:05] [morning-review]   📄 2026-04-28-午间回顾.md (超过 7 天)
[2026-05-18 12:00:05] [morning-review]   📄 Public-APIs-Plotly-数据可视化API调研.md (超过 7 天)
[2026-05-18 12:00:05] [morning-review]   📄 Public-APIs-Plotly-数据可视化API调研.md (超过 7 天)
[2026-05-18 12:00:05] [morning-review]   📄 Public-APIs-VADER-情感分析API调研.md (超过 7 天)
[2026-05-18 12:00:05] [morning-review]   📄 Public-APIs-VADER-情感分析API调研.md (超过 7 天)
[2026-05-18 12:00:05] [morning-review]   📄 xiaohongshu-ops-商贸优化方案.md (超过 7 天)
[2026-05-18 12:00:05] [morning-review]   📄 xiaohongshu-ops-商贸优化方案.md (超过 7 天)
[2026-05-18 12:00:05] [morning-review] ✅ 无重复文件
[2026-05-18 12:00:05] [morning-review] ✅ 无重复文件
[2026-05-18 12:00:05] [morning-review] ✅ 知识库结构化整理完成
[2026-05-18 12:00:05] [morning-review] ✅ 知识库结构化整理完成
[2026-05-18 12:00:05] [morning-review] 📋 开始索引同步更新...
[2026-05-18 12:00:05] [morning-review] 📋 开始索引同步更新...
[2026-05-18 12:00:05] [morning-review] 📊 文件统计: intel/108 memory/64 logs/12 total/184
[2026-05-18 12:00:05] [morning-review] 📊 文件统计: intel/108 memory/64 logs/12 total/184
[2026-05-18 12:00:05] [morning-review] ✅ 索引文件已更新
[2026-05-18 12:00:05] [morning-review] ✅ 索引文件已更新
[2026-05-18 12:00:05] [morning-review] ✅ 索引同步更新完成
[2026-05-18 12:00:05] [morning-review] ✅ 索引同步更新完成
[2026-05-18 12:00:05] [morning-review] ✅ Git 已提交
[2026-05-18 12:00:05] [morning-review] ✅ Git 已提交
[2026-05-18 12:00:05] [morning-review] ⚠️ 推送失败（网络？），下次重试
[2026-05-18 12:00:05] [morning-review] ⚠️ 推送失败（网络？），下次重试
[2026-05-18 12:00:05] [morning-review] 🔄 更新 QMD 向量索引...
[2026-05-18 12:00:05] [morning-review] 🔄 更新 QMD 向量索引...
[2026-05-18 12:00:05] [morning-review] ⚠️ qmd 未找到，跳过
[2026-05-18 12:00:05] [morning-review] ⚠️ qmd 未找到，跳过
[2026-05-18 12:00:05] [morning-review] ===== 午间运营回顾完成 =====
[2026-05-18 12:00:05] [morning-review] ===== 午间运营回顾完成 =====
[2026-05-18 23:50:01] [daily-review] ===== 每日运营回顾开始（23:50）=====
[2026-05-18 23:50:01] [daily-review] ===== 每日运营回顾开始（23:50）=====
[2026-05-18 23:50:01] [daily-review] 📅 今日记忆文件: 53行
[2026-05-18 23:50:01] [daily-review] 📅 今日记忆文件: 53行
[2026-05-18 23:50:01] [daily-review] 提取多通道聊天记录（2026-05-18）...
[2026-05-18 23:50:01] [daily-review] 提取多通道聊天记录（2026-05-18）...
[2026-05-18 23:50:04] [daily-review] - 消息数：239
[2026-05-18 23:50:04] [daily-review] - 消息数：239
[2026-05-18 23:50:04] [daily-review] [0;32m[SUCCESS][0m 对话记录已保存：/root/.openclaw/workspace/agents/xiaomijiao/memory/chat-2026-05-18.md
[2026-05-18 23:50:04] [daily-review] [0;32m[SUCCESS][0m 对话记录已保存：/root/.openclaw/workspace/agents/xiaomijiao/memory/chat-2026-05-18.md
[2026-05-18 23:50:04] [daily-review] 消息数： 239
[2026-05-18 23:50:04] [daily-review] 消息数： 239
[2026-05-18 23:50:04] [daily-review] [0;32m[SUCCESS][0m 多通道对话提取完成！🎉
[2026-05-18 23:50:04] [daily-review] [0;32m[SUCCESS][0m 多通道对话提取完成！🎉
[2026-05-18 23:50:04] [daily-review] 📊 变更统计: intel/1 memory/0 config/3
[2026-05-18 23:50:04] [daily-review] 📊 变更统计: intel/1 memory/0 config/3
[2026-05-18 23:50:04] [daily-review]   📄 agents/xiaomijiao/memory/chat-2026-05-18.md
[2026-05-18 23:50:04] [daily-review]   📄 agents/xiaomijiao/memory/chat-2026-05-18.md
[2026-05-18 23:50:04] [daily-review]   📄 "intel/346225260346215256345244215347233230.md"
[2026-05-18 23:50:04] [daily-review]   📄 "intel/346225260346215256345244215347233230.md"
[2026-05-18 23:50:04] [daily-review]   📄 logs/git.log
[2026-05-18 23:50:04] [daily-review]   📄 logs/git.log
[2026-05-18 23:50:04] [daily-review]   📄 logs/xiaomijiao-cron.log
[2026-05-18 23:50:04] [daily-review]   📄 logs/xiaomijiao-cron.log
[2026-05-18 23:50:04] [daily-review]   📄 skills/self-improving/heartbeat-state.md
[2026-05-18 23:50:04] [daily-review]   📄 skills/self-improving/heartbeat-state.md
[2026-05-18 23:50:04] [daily-review] 📋 待办进度: ✅6 完成 / ⏳8 待做
[2026-05-18 23:50:04] [daily-review] 📋 待办进度: ✅6 完成 / ⏳8 待做
[2026-05-18 23:50:04] [daily-review] 📚 开始知识库结构化整理...
[2026-05-18 23:50:04] [daily-review] 📚 开始知识库结构化整理...
[2026-05-18 23:50:04] [daily-review] 📊 intel/ 目录文件数: 109
[2026-05-18 23:50:04] [daily-review] 📊 intel/ 目录文件数: 109
[2026-05-18 23:50:04] [daily-review] ⚠️ 发现 102 个超过 7 天未更新的文件
[2026-05-18 23:50:04] [daily-review] ⚠️ 发现 102 个超过 7 天未更新的文件
[2026-05-18 23:50:04] [daily-review]   📄 工具与技能清单.md (超过 7 天)
[2026-05-18 23:50:04] [daily-review]   📄 工具与技能清单.md (超过 7 天)
[2026-05-18 23:50:04] [daily-review]   📄 办公室5分钟瑜伽.md (超过 7 天)
[2026-05-18 23:50:04] [daily-review]   📄 办公室5分钟瑜伽.md (超过 7 天)
[2026-05-18 23:50:04] [daily-review]   📄 商贸数据复盘_20260414.md (超过 7 天)
[2026-05-18 23:50:04] [daily-review]   📄 商贸数据复盘_20260414.md (超过 7 天)
[2026-05-18 23:50:04] [daily-review]   📄 公众号测评文章.md (超过 7 天)
[2026-05-18 23:50:04] [daily-review]   📄 公众号测评文章.md (超过 7 天)
[2026-05-18 23:50:04] [daily-review]   📄 首篇笔记内容-2026-04-09.md (超过 7 天)
[2026-05-18 23:50:04] [daily-review]   📄 首篇笔记内容-2026-04-09.md (超过 7 天)
[2026-05-18 23:50:04] [daily-review]   📄 私聊话术设计-2026-04-09.md (超过 7 天)
[2026-05-18 23:50:04] [daily-review]   📄 私聊话术设计-2026-04-09.md (超过 7 天)
[2026-05-18 23:50:04] [daily-review]   📄 日常运营知识库.md (超过 7 天)
[2026-05-18 23:50:04] [daily-review]   📄 日常运营知识库.md (超过 7 天)
[2026-05-18 23:50:04] [daily-review]   📄 Public-APIs-RAKE-关键词提取API调研.md (超过 7 天)
[2026-05-18 23:50:04] [daily-review]   📄 Public-APIs-RAKE-关键词提取API调研.md (超过 7 天)
[2026-05-18 23:50:04] [daily-review]   📄 2026-04-23-午间回顾.md (超过 7 天)
[2026-05-18 23:50:04] [daily-review]   📄 2026-04-23-午间回顾.md (超过 7 天)
[2026-05-18 23:50:04] [daily-review]   📄 URL-Shortener-短链接生成API-链接优化工具.md (超过 7 天)
[2026-05-18 23:50:04] [daily-review]   📄 URL-Shortener-短链接生成API-链接优化工具.md (超过 7 天)
[2026-05-18 23:50:04] [daily-review]   📄 2026-04-15-午间回顾.md (超过 7 天)
[2026-05-18 23:50:04] [daily-review]   📄 2026-04-15-午间回顾.md (超过 7 天)
[2026-05-18 23:50:04] [daily-review]   📄 商贸模式状态更新.md (超过 7 天)
[2026-05-18 23:50:04] [daily-review]   📄 商贸模式状态更新.md (超过 7 天)
[2026-05-18 23:50:04] [daily-review]   📄 NumPy-数值计算库-基础工具.md (超过 7 天)
[2026-05-18 23:50:04] [daily-review]   📄 NumPy-数值计算库-基础工具.md (超过 7 天)
[2026-05-18 23:50:04] [daily-review]   📄 2026-04-30-午间回顾.md (超过 7 天)
[2026-05-18 23:50:04] [daily-review]   📄 2026-04-30-午间回顾.md (超过 7 天)
[2026-05-18 23:50:05] [daily-review]   📄 小米椒出海方案.md (超过 7 天)
[2026-05-18 23:50:05] [daily-review]   📄 小米椒出海方案.md (超过 7 天)
[2026-05-18 23:50:05] [daily-review]   📄 QR-Code-二维码生成API-推广工具.md (超过 7 天)
[2026-05-18 23:50:05] [daily-review]   📄 QR-Code-二维码生成API-推广工具.md (超过 7 天)
[2026-05-18 23:50:05] [daily-review]   📄 Public-APIs-Poof-背景移除API调研.md (超过 7 天)
[2026-05-18 23:50:05] [daily-review]   📄 Public-APIs-Poof-背景移除API调研.md (超过 7 天)
[2026-05-18 23:50:05] [daily-review]   📄 今日回顾_2026-04-09.md (超过 7 天)
[2026-05-18 23:50:05] [daily-review]   📄 今日回顾_2026-04-09.md (超过 7 天)
[2026-05-18 23:50:05] [daily-review]   📄 Public-APIs-APITubeNews-热点采集API调研.md (超过 7 天)
[2026-05-18 23:50:05] [daily-review]   📄 Public-APIs-APITubeNews-热点采集API调研.md (超过 7 天)
[2026-05-18 23:50:05] [daily-review]   📄 2026-05-05完整复盘.md (超过 7 天)
[2026-05-18 23:50:05] [daily-review]   📄 2026-05-05完整复盘.md (超过 7 天)
[2026-05-18 23:50:05] [daily-review]   📄 2026-05-02-午间回顾.md (超过 7 天)
[2026-05-18 23:50:05] [daily-review]   📄 2026-05-02-午间回顾.md (超过 7 天)
[2026-05-18 23:50:05] [daily-review]   📄 1688供应商筛选标准.md (超过 7 天)
[2026-05-18 23:50:05] [daily-review]   📄 1688供应商筛选标准.md (超过 7 天)
[2026-05-18 23:50:05] [daily-review]   📄 Text-Summarization-文本摘要API-内容提炼工具.md (超过 7 天)
[2026-05-18 23:50:05] [daily-review]   📄 Text-Summarization-文本摘要API-内容提炼工具.md (超过 7 天)
[2026-05-18 23:50:05] [daily-review]   📄 Public-APIs-新媒体运营资源.md (超过 7 天)
[2026-05-18 23:50:05] [daily-review]   📄 Public-APIs-新媒体运营资源.md (超过 7 天)
[2026-05-18 23:50:05] [daily-review]   📄 OpenClaw-3.22安全加固指南.md (超过 7 天)
[2026-05-18 23:50:05] [daily-review]   📄 OpenClaw-3.22安全加固指南.md (超过 7 天)
[2026-05-18 23:50:05] [daily-review]   📄 xiaohongshu-ops-完整优化方案.md (超过 7 天)
[2026-05-18 23:50:05] [daily-review]   📄 xiaohongshu-ops-完整优化方案.md (超过 7 天)
[2026-05-18 23:50:05] [daily-review]   📄 选题灵感.md (超过 7 天)
[2026-05-18 23:50:05] [daily-review]   📄 选题灵感.md (超过 7 天)
[2026-05-18 23:50:05] [daily-review]   📄 Public-APIs-ShotOG-封面生成API调研.md (超过 7 天)
[2026-05-18 23:50:05] [daily-review]   📄 Public-APIs-ShotOG-封面生成API调研.md (超过 7 天)
[2026-05-18 23:50:05] [daily-review]   📄 Public-APIs-Meteoblue-天气选题API调研.md (超过 7 天)
[2026-05-18 23:50:05] [daily-review]   📄 Public-APIs-Meteoblue-天气选题API调研.md (超过 7 天)
[2026-05-18 23:50:05] [daily-review]   📄 商贸模式使用说明.md (超过 7 天)
[2026-05-18 23:50:05] [daily-review]   📄 商贸模式使用说明.md (超过 7 天)
[2026-05-18 23:50:05] [daily-review]   📄 2026-04-19-午间回顾.md (超过 7 天)
[2026-05-18 23:50:05] [daily-review]   📄 2026-04-19-午间回顾.md (超过 7 天)
[2026-05-18 23:50:05] [daily-review]   📄 商贸系统化落地方案.md (超过 7 天)
[2026-05-18 23:50:05] [daily-review]   📄 商贸系统化落地方案.md (超过 7 天)
[2026-05-18 23:50:05] [daily-review]   📄 MoviePy-视频处理库-视频编辑工具.md (超过 7 天)
[2026-05-18 23:50:05] [daily-review]   📄 MoviePy-视频处理库-视频编辑工具.md (超过 7 天)
[2026-05-18 23:50:05] [daily-review]   📄 2026-04-20-午间回顾.md (超过 7 天)
[2026-05-18 23:50:05] [daily-review]   📄 2026-04-20-午间回顾.md (超过 7 天)
[2026-05-18 23:50:05] [daily-review]   📄 Public-APIs-ImageCompressor-图片压缩API调研.md (超过 7 天)
[2026-05-18 23:50:05] [daily-review]   📄 Public-APIs-ImageCompressor-图片压缩API调研.md (超过 7 天)
[2026-05-18 23:50:05] [daily-review]   📄 小米椒商贸定价与成本计算方案.md (超过 7 天)
[2026-05-18 23:50:05] [daily-review]   📄 小米椒商贸定价与成本计算方案.md (超过 7 天)
[2026-05-18 23:50:05] [daily-review]   📄 1688-供应商对比报告.md (超过 7 天)
[2026-05-18 23:50:05] [daily-review]   📄 1688-供应商对比报告.md (超过 7 天)
[2026-05-18 23:50:05] [daily-review]   📄 明日选题预研.md (超过 7 天)
[2026-05-18 23:50:05] [daily-review]   📄 明日选题预研.md (超过 7 天)
[2026-05-18 23:50:05] [daily-review]   📄 商贸模式常用操作.md (超过 7 天)
[2026-05-18 23:50:05] [daily-review]   📄 商贸模式常用操作.md (超过 7 天)
[2026-05-18 23:50:05] [daily-review]   📄 淘宝API验证计划.md (超过 7 天)
[2026-05-18 23:50:05] [daily-review]   📄 淘宝API验证计划.md (超过 7 天)
[2026-05-18 23:50:05] [daily-review]   📄 模型切换方案-百炼主线-v2.md (超过 7 天)
[2026-05-18 23:50:05] [daily-review]   📄 模型切换方案-百炼主线-v2.md (超过 7 天)
[2026-05-18 23:50:05] [daily-review]   📄 推荐工作-闲鱼一件代发.md (超过 7 天)
[2026-05-18 23:50:05] [daily-review]   📄 推荐工作-闲鱼一件代发.md (超过 7 天)
[2026-05-18 23:50:05] [daily-review]   📄 百炼模型配置方案.md (超过 7 天)
[2026-05-18 23:50:05] [daily-review]   📄 百炼模型配置方案.md (超过 7 天)
[2026-05-18 23:50:05] [daily-review]   📄 公众号运营策略.md (超过 7 天)
[2026-05-18 23:50:05] [daily-review]   📄 公众号运营策略.md (超过 7 天)
[2026-05-18 23:50:05] [daily-review]   📄 系统架构知识库.md (超过 7 天)
[2026-05-18 23:50:05] [daily-review]   📄 系统架构知识库.md (超过 7 天)
[2026-05-18 23:50:05] [daily-review]   📄 P1-助眠好物框架.md (超过 7 天)
[2026-05-18 23:50:05] [daily-review]   📄 P1-助眠好物框架.md (超过 7 天)
[2026-05-18 23:50:05] [daily-review]   📄 Requests-HTTP请求库-API调用工具.md (超过 7 天)
[2026-05-18 23:50:05] [daily-review]   📄 Requests-HTTP请求库-API调用工具.md (超过 7 天)
[2026-05-18 23:50:05] [daily-review]   📄 模型切换方案-百炼主线.md (超过 7 天)
[2026-05-18 23:50:05] [daily-review]   📄 模型切换方案-百炼主线.md (超过 7 天)
[2026-05-18 23:50:05] [daily-review]   📄 小米椒客户开发实战方案.md (超过 7 天)
[2026-05-18 23:50:05] [daily-review]   📄 小米椒客户开发实战方案.md (超过 7 天)
[2026-05-18 23:50:05] [daily-review]   📄 小红书选题清单-2026-04-09.md (超过 7 天)
[2026-05-18 23:50:05] [daily-review]   📄 小红书选题清单-2026-04-09.md (超过 7 天)
[2026-05-18 23:50:05] [daily-review]   📄 小米椒商贸出海定制方案.md (超过 7 天)
[2026-05-18 23:50:05] [daily-review]   📄 小米椒商贸出海定制方案.md (超过 7 天)
[2026-05-18 23:50:05] [daily-review]   📄 Qwen3.6-Plus免费使用指南.md (超过 7 天)
[2026-05-18 23:50:05] [daily-review]   📄 Qwen3.6-Plus免费使用指南.md (超过 7 天)
[2026-05-18 23:50:05] [daily-review]   📄 公众号转型思路.md (超过 7 天)
[2026-05-18 23:50:05] [daily-review]   📄 公众号转型思路.md (超过 7 天)
[2026-05-18 23:50:05] [daily-review]   📄 Public-APIs-ImageCompressor集成说明.md (超过 7 天)
[2026-05-18 23:50:05] [daily-review]   📄 Public-APIs-ImageCompressor集成说明.md (超过 7 天)
[2026-05-18 23:50:05] [daily-review]   📄 公众号文章清单.md (超过 7 天)
[2026-05-18 23:50:05] [daily-review]   📄 公众号文章清单.md (超过 7 天)
[2026-05-18 23:50:05] [daily-review]   📄 FFmpeg-视频处理工具-命令行视频编辑器.md (超过 7 天)
[2026-05-18 23:50:05] [daily-review]   📄 FFmpeg-视频处理工具-命令行视频编辑器.md (超过 7 天)
[2026-05-18 23:50:05] [daily-review]   📄 xiaohongshu-ops-商贸优化-P1P2方案.md (超过 7 天)
[2026-05-18 23:50:05] [daily-review]   📄 xiaohongshu-ops-商贸优化-P1P2方案.md (超过 7 天)
[2026-05-18 23:50:05] [daily-review]   📄 LongCat模型配置知识库.md (超过 7 天)
[2026-05-18 23:50:05] [daily-review]   📄 LongCat模型配置知识库.md (超过 7 天)
[2026-05-18 23:50:05] [daily-review]   📄 商贸数据复盘_20260424.md (超过 7 天)
[2026-05-18 23:50:05] [daily-review]   📄 商贸数据复盘_20260424.md (超过 7 天)
[2026-05-18 23:50:05] [daily-review]   📄 BeautifulSoup-HTML解析库-网页抓取工具.md (超过 7 天)
[2026-05-18 23:50:05] [daily-review]   📄 BeautifulSoup-HTML解析库-网页抓取工具.md (超过 7 天)
[2026-05-18 23:50:05] [daily-review]   📄 结构化整理报告-2026-04-11.md (超过 7 天)
[2026-05-18 23:50:05] [daily-review]   📄 结构化整理报告-2026-04-11.md (超过 7 天)
[2026-05-18 23:50:05] [daily-review]   📄 2026-05-01-午间回顾.md (超过 7 天)
[2026-05-18 23:50:05] [daily-review]   📄 2026-05-01-午间回顾.md (超过 7 天)
[2026-05-18 23:50:05] [daily-review]   📄 小红书文章清单_综合版.md (超过 7 天)
[2026-05-18 23:50:05] [daily-review]   📄 小红书文章清单_综合版.md (超过 7 天)
[2026-05-18 23:50:05] [daily-review]   📄 运营待办.md (超过 7 天)
[2026-05-18 23:50:05] [daily-review]   📄 运营待办.md (超过 7 天)
[2026-05-18 23:50:05] [daily-review]   📄 内容初稿.md (超过 7 天)
[2026-05-18 23:50:05] [daily-review]   📄 内容初稿.md (超过 7 天)
[2026-05-18 23:50:05] [daily-review]   📄 2026-04-22-午间回顾.md (超过 7 天)
[2026-05-18 23:50:05] [daily-review]   📄 2026-04-22-午间回顾.md (超过 7 天)
[2026-05-18 23:50:05] [daily-review]   📄 2026-04-24-午间回顾.md (超过 7 天)
[2026-05-18 23:50:05] [daily-review]   📄 2026-04-24-午间回顾.md (超过 7 天)
[2026-05-18 23:50:05] [daily-review]   📄 知识库索引.md (超过 7 天)
[2026-05-18 23:50:05] [daily-review]   📄 知识库索引.md (超过 7 天)
[2026-05-18 23:50:05] [daily-review]   📄 选品调研.md (超过 7 天)
[2026-05-18 23:50:05] [daily-review]   📄 选品调研.md (超过 7 天)
[2026-05-18 23:50:05] [daily-review]   📄 OpenClaw自主进化指南.md (超过 7 天)
[2026-05-18 23:50:05] [daily-review]   📄 OpenClaw自主进化指南.md (超过 7 天)
[2026-05-18 23:50:05] [daily-review]   📄 每日晚间回顾报告-2026-04-02.md (超过 7 天)
[2026-05-18 23:50:05] [daily-review]   📄 每日晚间回顾报告-2026-04-02.md (超过 7 天)
[2026-05-18 23:50:05] [daily-review]   📄 每日晚间回顾报告-2026-03-27.md (超过 7 天)
[2026-05-18 23:50:05] [daily-review]   📄 每日晚间回顾报告-2026-03-27.md (超过 7 天)
[2026-05-18 23:50:05] [daily-review]   📄 视频脚本-蒸汽眼罩-20260401.md (超过 7 天)
[2026-05-18 23:50:05] [daily-review]   📄 视频脚本-蒸汽眼罩-20260401.md (超过 7 天)
[2026-05-18 23:50:05] [daily-review]   📄 Public-APIs-新媒体运营资源-最终版.md (超过 7 天)
[2026-05-18 23:50:05] [daily-review]   📄 Public-APIs-新媒体运营资源-最终版.md (超过 7 天)
[2026-05-18 23:50:05] [daily-review]   📄 memory-lessons-2026-03.md (超过 7 天)
[2026-05-18 23:50:05] [daily-review]   📄 memory-lessons-2026-03.md (超过 7 天)
[2026-05-18 23:50:05] [daily-review]   📄 内容初稿-蒸汽眼罩-20260401.md (超过 7 天)
[2026-05-18 23:50:05] [daily-review]   📄 内容初稿-蒸汽眼罩-20260401.md (超过 7 天)
[2026-05-18 23:50:05] [daily-review]   📄 每日午间回顾报告-2026-03-30.md (超过 7 天)
[2026-05-18 23:50:05] [daily-review]   📄 每日午间回顾报告-2026-03-30.md (超过 7 天)
[2026-05-18 23:50:05] [daily-review]   📄 深度回顾报告-2026-04-01.md (超过 7 天)
[2026-05-18 23:50:05] [daily-review]   📄 深度回顾报告-2026-04-01.md (超过 7 天)
[2026-05-18 23:50:05] [daily-review]   📄 Public-APIs-新媒体运营资源-v2.0.md (超过 7 天)
[2026-05-18 23:50:05] [daily-review]   📄 Public-APIs-新媒体运营资源-v2.0.md (超过 7 天)
[2026-05-18 23:50:05] [daily-review]   📄 每日晚间回顾报告-2026-04-03.md (超过 7 天)
[2026-05-18 23:50:05] [daily-review]   📄 每日晚间回顾报告-2026-04-03.md (超过 7 天)
[2026-05-18 23:50:05] [daily-review]   📄 内容初稿-2026-04-01.md (超过 7 天)
[2026-05-18 23:50:05] [daily-review]   📄 内容初稿-2026-04-01.md (超过 7 天)
[2026-05-18 23:50:05] [daily-review]   📄 每日晚间回顾报告-2026-04-01.md (超过 7 天)
[2026-05-18 23:50:05] [daily-review]   📄 每日晚间回顾报告-2026-04-01.md (超过 7 天)
[2026-05-18 23:50:05] [daily-review]   📄 每日晚间回顾报告-2026-03-30.md (超过 7 天)
[2026-05-18 23:50:05] [daily-review]   📄 每日晚间回顾报告-2026-03-30.md (超过 7 天)
[2026-05-18 23:50:05] [daily-review]   📄 每日午间回顾报告-2026-04-01.md (超过 7 天)
[2026-05-18 23:50:05] [daily-review]   📄 每日午间回顾报告-2026-04-01.md (超过 7 天)
[2026-05-18 23:50:05] [daily-review]   📄 每日晚间回顾报告-2026-04-04.md (超过 7 天)
[2026-05-18 23:50:05] [daily-review]   📄 每日晚间回顾报告-2026-04-04.md (超过 7 天)
[2026-05-18 23:50:05] [daily-review]   📄 视频脚本-蒸汽眼罩-种草版-20260401.md (超过 7 天)
[2026-05-18 23:50:05] [daily-review]   📄 视频脚本-蒸汽眼罩-种草版-20260401.md (超过 7 天)
[2026-05-18 23:50:05] [daily-review]   📄 小红书文章清单_瑜伽版.md (超过 7 天)
[2026-05-18 23:50:05] [daily-review]   📄 小红书文章清单_瑜伽版.md (超过 7 天)
[2026-05-18 23:50:05] [daily-review]   📄 小红书文章清单.md (超过 7 天)
[2026-05-18 23:50:05] [daily-review]   📄 小红书文章清单.md (超过 7 天)
[2026-05-18 23:50:05] [daily-review]   📄 每日午间回顾报告-2026-04-21.md (超过 7 天)
[2026-05-18 23:50:05] [daily-review]   📄 每日午间回顾报告-2026-04-21.md (超过 7 天)
[2026-05-18 23:50:05] [daily-review]   📄 2026-04-26-午间回顾.md (超过 7 天)
[2026-05-18 23:50:05] [daily-review]   📄 2026-04-26-午间回顾.md (超过 7 天)
[2026-05-18 23:50:05] [daily-review]   📄 Public-APIs-Pandas-数据分析API调研.md (超过 7 天)
[2026-05-18 23:50:05] [daily-review]   📄 Public-APIs-Pandas-数据分析API调研.md (超过 7 天)
[2026-05-18 23:50:05] [daily-review]   📄 技能知识库.md (超过 7 天)
[2026-05-18 23:50:05] [daily-review]   📄 技能知识库.md (超过 7 天)
[2026-05-18 23:50:05] [daily-review]   📄 办公室瑜伽完全指南.md (超过 7 天)
[2026-05-18 23:50:05] [daily-review]   📄 办公室瑜伽完全指南.md (超过 7 天)
[2026-05-18 23:50:05] [daily-review]   📄 品牌过往爆款.md (超过 7 天)
[2026-05-18 23:50:05] [daily-review]   📄 品牌过往爆款.md (超过 7 天)
[2026-05-18 23:50:05] [daily-review]   📄 路径规划-1688小红书闲鱼.md (超过 7 天)
[2026-05-18 23:50:05] [daily-review]   📄 路径规划-1688小红书闲鱼.md (超过 7 天)
[2026-05-18 23:50:05] [daily-review]   📄 小红书运营知识库.md (超过 7 天)
[2026-05-18 23:50:05] [daily-review]   📄 小红书运营知识库.md (超过 7 天)
[2026-05-18 23:50:05] [daily-review]   📄 闲鱼上架清单-2026-04-09.md (超过 7 天)
[2026-05-18 23:50:05] [daily-review]   📄 闲鱼上架清单-2026-04-09.md (超过 7 天)
[2026-05-18 23:50:05] [daily-review]   📄 2026-04-15-系统状态检查.md (超过 7 天)
[2026-05-18 23:50:05] [daily-review]   📄 2026-04-15-系统状态检查.md (超过 7 天)
[2026-05-18 23:50:05] [daily-review]   📄 2026-04-28-午间回顾.md (超过 7 天)
[2026-05-18 23:50:05] [daily-review]   📄 2026-04-28-午间回顾.md (超过 7 天)
[2026-05-18 23:50:05] [daily-review]   📄 Public-APIs-Plotly-数据可视化API调研.md (超过 7 天)
[2026-05-18 23:50:05] [daily-review]   📄 Public-APIs-Plotly-数据可视化API调研.md (超过 7 天)
[2026-05-18 23:50:05] [daily-review]   📄 Public-APIs-VADER-情感分析API调研.md (超过 7 天)
[2026-05-18 23:50:05] [daily-review]   📄 Public-APIs-VADER-情感分析API调研.md (超过 7 天)
[2026-05-18 23:50:05] [daily-review]   📄 xiaohongshu-ops-商贸优化方案.md (超过 7 天)
[2026-05-18 23:50:05] [daily-review]   📄 xiaohongshu-ops-商贸优化方案.md (超过 7 天)
[2026-05-18 23:50:05] [daily-review] ✅ 无重复文件
[2026-05-18 23:50:05] [daily-review] ✅ 无重复文件
[2026-05-18 23:50:05] [daily-review] ✅ 知识库结构化整理完成
[2026-05-18 23:50:05] [daily-review] ✅ 知识库结构化整理完成
[2026-05-18 23:50:05] [daily-review] 📋 开始索引同步更新...
[2026-05-18 23:50:05] [daily-review] 📋 开始索引同步更新...
[2026-05-18 23:50:05] [daily-review] 📊 文件统计: intel/109 memory/65 logs/12 total/186
[2026-05-18 23:50:05] [daily-review] 📊 文件统计: intel/109 memory/65 logs/12 total/186
[2026-05-18 23:50:05] [daily-review] ✅ 索引文件已更新
[2026-05-18 23:50:05] [daily-review] ✅ 索引文件已更新
[2026-05-18 23:50:05] [daily-review] ✅ 索引同步更新完成
[2026-05-18 23:50:05] [daily-review] ✅ 索引同步更新完成
[2026-05-18 23:50:05] [daily-review] 🧠 开始记忆同步更新...
[2026-05-18 23:50:05] [daily-review] 🧠 开始记忆同步更新...
[2026-05-18 23:50:05] [daily-review] 📅 今日记忆: 53行
[2026-05-18 23:50:05] [daily-review] 📅 今日记忆: 53行
[2026-05-18 23:50:05] [daily-review] ✅ MEMORY.md 今天已更新
[2026-05-18 23:50:05] [daily-review] ✅ MEMORY.md 今天已更新
[2026-05-18 23:50:05] [daily-review] ✅ 记忆同步更新完成
[2026-05-18 23:50:05] [daily-review] ✅ 记忆同步更新完成
[2026-05-18 23:50:05] [daily-review] 🔧 开始 Git 库整理...
[2026-05-18 23:50:05] [daily-review] 🔧 开始 Git 库整理...
[2026-05-18 23:50:05] [daily-review] ✅ 无未跟踪文件
[2026-05-18 23:50:05] [daily-review] ✅ 无未跟踪文件
[2026-05-18 23:50:05] [daily-review] ⚠️ 发现 5 个未暂存变更
[2026-05-18 23:50:05] [daily-review] ⚠️ 发现 5 个未暂存变更
[2026-05-18 23:50:05] [daily-review] 📊 最近 5 次提交:
[2026-05-18 23:50:05] [daily-review] 📊 最近 5 次提交:
[2026-05-18 23:50:05] [daily-review]   1d616c07 Day 49: 模型配置优化 + QQ Bot修复 + 多通道整理
[2026-05-18 23:50:05] [daily-review]   1d616c07 Day 49: 模型配置优化 + QQ Bot修复 + 多通道整理
[2026-05-18 23:50:05] [daily-review]   0c2fc1b1 docs(xiaomijiao): 午间回顾 - 2026-05-18
[2026-05-18 23:50:05] [daily-review]   0c2fc1b1 docs(xiaomijiao): 午间回顾 - 2026-05-18
[2026-05-18 23:50:05] [daily-review]   a0d28344 docs(xiaomijiao): 每日回顾 - 2026-05-17
[2026-05-18 23:50:05] [daily-review]   a0d28344 docs(xiaomijiao): 每日回顾 - 2026-05-17
[2026-05-18 23:50:05] [daily-review]   b4b94c80 docs(xiaomijiao): 午间回顾 - 2026-05-17
[2026-05-18 23:50:05] [daily-review]   b4b94c80 docs(xiaomijiao): 午间回顾 - 2026-05-17
[2026-05-18 23:50:05] [daily-review]   fde02dba docs(xiaomijiao): 每日回顾 - 2026-05-16
[2026-05-18 23:50:05] [daily-review]   fde02dba docs(xiaomijiao): 每日回顾 - 2026-05-16
[2026-05-18 23:50:05] [daily-review] ✅ Git 库整理完成
[2026-05-18 23:50:05] [daily-review] ✅ Git 库整理完成
[2026-05-18 23:50:05] [daily-review] 🔍 开始查漏补缺...
[2026-05-18 23:50:05] [daily-review] 🔍 开始查漏补缺...
[2026-05-18 23:50:05] [daily-review] 📋 待办事项: 8 项待处理
[2026-05-18 23:50:05] [daily-review] 📋 待办事项: 8 项待处理
[2026-05-18 23:50:05] [daily-review] 🔴 P0 任务: 6 项未完成
[2026-05-18 23:50:05] [daily-review] 🔴 P0 任务: 6 项未完成
[2026-05-18 23:50:05] [daily-review] ⚠️ 发现 60 个超过 3 天未更新的记忆文件
[2026-05-18 23:50:05] [daily-review] ⚠️ 发现 60 个超过 3 天未更新的记忆文件
[2026-05-18 23:50:05] [daily-review] ✅ 查漏补缺完成
[2026-05-18 23:50:05] [daily-review] ✅ 查漏补缺完成
[2026-05-18 23:50:05] [daily-review] ✅ Git 已提交
[2026-05-18 23:50:05] [daily-review] ✅ Git 已提交
[2026-05-18 23:50:05] [daily-review] ⚠️ 推送失败（网络？），下次重试
[2026-05-18 23:50:05] [daily-review] ⚠️ 推送失败（网络？），下次重试
[2026-05-18 23:50:05] [daily-review] 🔄 更新 QMD 向量索引...
[2026-05-18 23:50:05] [daily-review] 🔄 更新 QMD 向量索引...
[2026-05-18 23:50:05] [daily-review] ⚠️ qmd 未找到，跳过
[2026-05-18 23:50:05] [daily-review] ⚠️ qmd 未找到，跳过
[2026-05-18 23:50:05] [daily-review] ===== 每日运营回顾完成 =====
[2026-05-18 23:50:05] [daily-review] ===== 每日运营回顾完成 =====
[2026-05-19 12:00:01] [morning-review] ===== 午间运营回顾开始（12:00）=====
[2026-05-19 12:00:01] [morning-review] ===== 午间运营回顾开始（12:00）=====
[2026-05-19 12:00:01] [morning-review] 📅 今日记忆文件: 92行
[2026-05-19 12:00:01] [morning-review] 📅 今日记忆文件: 92行
[2026-05-19 12:00:01] [morning-review] 提取多通道聊天记录（2026-05-19）...
[2026-05-19 12:00:01] [morning-review] 提取多通道聊天记录（2026-05-19）...
[2026-05-19 12:00:04] [morning-review] - 消息数：26
[2026-05-19 12:00:04] [morning-review] - 消息数：26
[2026-05-19 12:00:04] [morning-review] [0;32m[SUCCESS][0m 对话记录已保存：/root/.openclaw/workspace/agents/xiaomijiao/memory/chat-2026-05-19.md
[2026-05-19 12:00:04] [morning-review] [0;32m[SUCCESS][0m 对话记录已保存：/root/.openclaw/workspace/agents/xiaomijiao/memory/chat-2026-05-19.md
[2026-05-19 12:00:04] [morning-review] 消息数： 30
[2026-05-19 12:00:04] [morning-review] 消息数： 30
[2026-05-19 12:00:04] [morning-review] [0;32m[SUCCESS][0m 多通道对话提取完成！🎉
[2026-05-19 12:00:04] [morning-review] [0;32m[SUCCESS][0m 多通道对话提取完成！🎉
[2026-05-19 12:00:04] [morning-review] 📊 变更统计: intel/2 memory/2 config/3
[2026-05-19 12:00:04] [morning-review] 📊 变更统计: intel/2 memory/2 config/3
[2026-05-19 12:00:04] [morning-review]   📄 "intel/346225260346215256345244215347233230.md"
[2026-05-19 12:00:04] [morning-review]   📄 "intel/346225260346215256345244215347233230.md"
[2026-05-19 12:00:04] [morning-review]   📄 "intel/347203255347202271351200211351242230.md"
[2026-05-19 12:00:04] [morning-review]   📄 "intel/347203255347202271351200211351242230.md"
[2026-05-19 12:00:04] [morning-review]   📄 logs/git.log
[2026-05-19 12:00:04] [morning-review]   📄 logs/git.log
[2026-05-19 12:00:04] [morning-review]   📄 logs/hotspot.log
[2026-05-19 12:00:04] [morning-review]   📄 logs/hotspot.log
[2026-05-19 12:00:04] [morning-review]   📄 logs/xiaomijiao-cron.log
[2026-05-19 12:00:04] [morning-review]   📄 logs/xiaomijiao-cron.log
[2026-05-19 12:00:04] [morning-review]   📄 memory/.dreams/events.jsonl
[2026-05-19 12:00:04] [morning-review]   📄 memory/.dreams/events.jsonl
[2026-05-19 12:00:04] [morning-review]   📄 memory/.dreams/short-term-recall.json
[2026-05-19 12:00:04] [morning-review]   📄 memory/.dreams/short-term-recall.json
[2026-05-19 12:00:04] [morning-review] 📋 待办进度: ✅6 完成 / ⏳8 待做
[2026-05-19 12:00:04] [morning-review] 📋 待办进度: ✅6 完成 / ⏳8 待做
[2026-05-19 12:00:04] [morning-review] 📚 开始知识库结构化整理...
[2026-05-19 12:00:04] [morning-review] 📚 开始知识库结构化整理...
[2026-05-19 12:00:04] [morning-review] 📊 intel/ 目录文件数: 109
[2026-05-19 12:00:04] [morning-review] 📊 intel/ 目录文件数: 109
[2026-05-19 12:00:04] [morning-review] ⚠️ 发现 102 个超过 7 天未更新的文件
[2026-05-19 12:00:04] [morning-review] ⚠️ 发现 102 个超过 7 天未更新的文件
[2026-05-19 12:00:04] [morning-review]   📄 工具与技能清单.md (超过 7 天)
[2026-05-19 12:00:04] [morning-review]   📄 工具与技能清单.md (超过 7 天)
[2026-05-19 12:00:04] [morning-review]   📄 办公室5分钟瑜伽.md (超过 7 天)
[2026-05-19 12:00:04] [morning-review]   📄 办公室5分钟瑜伽.md (超过 7 天)
[2026-05-19 12:00:04] [morning-review]   📄 商贸数据复盘_20260414.md (超过 7 天)
[2026-05-19 12:00:04] [morning-review]   📄 商贸数据复盘_20260414.md (超过 7 天)
[2026-05-19 12:00:04] [morning-review]   📄 公众号测评文章.md (超过 7 天)
[2026-05-19 12:00:04] [morning-review]   📄 公众号测评文章.md (超过 7 天)
[2026-05-19 12:00:04] [morning-review]   📄 首篇笔记内容-2026-04-09.md (超过 7 天)
[2026-05-19 12:00:04] [morning-review]   📄 首篇笔记内容-2026-04-09.md (超过 7 天)
[2026-05-19 12:00:04] [morning-review]   📄 私聊话术设计-2026-04-09.md (超过 7 天)
[2026-05-19 12:00:04] [morning-review]   📄 私聊话术设计-2026-04-09.md (超过 7 天)
[2026-05-19 12:00:04] [morning-review]   📄 日常运营知识库.md (超过 7 天)
[2026-05-19 12:00:04] [morning-review]   📄 日常运营知识库.md (超过 7 天)
[2026-05-19 12:00:04] [morning-review]   📄 Public-APIs-RAKE-关键词提取API调研.md (超过 7 天)
[2026-05-19 12:00:04] [morning-review]   📄 Public-APIs-RAKE-关键词提取API调研.md (超过 7 天)
[2026-05-19 12:00:04] [morning-review]   📄 2026-04-23-午间回顾.md (超过 7 天)
[2026-05-19 12:00:04] [morning-review]   📄 2026-04-23-午间回顾.md (超过 7 天)
[2026-05-19 12:00:04] [morning-review]   📄 URL-Shortener-短链接生成API-链接优化工具.md (超过 7 天)
[2026-05-19 12:00:04] [morning-review]   📄 URL-Shortener-短链接生成API-链接优化工具.md (超过 7 天)
[2026-05-19 12:00:04] [morning-review]   📄 2026-04-15-午间回顾.md (超过 7 天)
[2026-05-19 12:00:04] [morning-review]   📄 2026-04-15-午间回顾.md (超过 7 天)
[2026-05-19 12:00:04] [morning-review]   📄 商贸模式状态更新.md (超过 7 天)
[2026-05-19 12:00:04] [morning-review]   📄 商贸模式状态更新.md (超过 7 天)
[2026-05-19 12:00:04] [morning-review]   📄 NumPy-数值计算库-基础工具.md (超过 7 天)
[2026-05-19 12:00:04] [morning-review]   📄 NumPy-数值计算库-基础工具.md (超过 7 天)
[2026-05-19 12:00:04] [morning-review]   📄 2026-04-30-午间回顾.md (超过 7 天)
[2026-05-19 12:00:04] [morning-review]   📄 2026-04-30-午间回顾.md (超过 7 天)
[2026-05-19 12:00:04] [morning-review]   📄 小米椒出海方案.md (超过 7 天)
[2026-05-19 12:00:04] [morning-review]   📄 小米椒出海方案.md (超过 7 天)
[2026-05-19 12:00:04] [morning-review]   📄 QR-Code-二维码生成API-推广工具.md (超过 7 天)
[2026-05-19 12:00:04] [morning-review]   📄 QR-Code-二维码生成API-推广工具.md (超过 7 天)
[2026-05-19 12:00:04] [morning-review]   📄 Public-APIs-Poof-背景移除API调研.md (超过 7 天)
[2026-05-19 12:00:04] [morning-review]   📄 Public-APIs-Poof-背景移除API调研.md (超过 7 天)
[2026-05-19 12:00:04] [morning-review]   📄 今日回顾_2026-04-09.md (超过 7 天)
[2026-05-19 12:00:04] [morning-review]   📄 今日回顾_2026-04-09.md (超过 7 天)
[2026-05-19 12:00:04] [morning-review]   📄 Public-APIs-APITubeNews-热点采集API调研.md (超过 7 天)
[2026-05-19 12:00:04] [morning-review]   📄 Public-APIs-APITubeNews-热点采集API调研.md (超过 7 天)
[2026-05-19 12:00:04] [morning-review]   📄 2026-05-05完整复盘.md (超过 7 天)
[2026-05-19 12:00:04] [morning-review]   📄 2026-05-05完整复盘.md (超过 7 天)
[2026-05-19 12:00:04] [morning-review]   📄 2026-05-02-午间回顾.md (超过 7 天)
[2026-05-19 12:00:04] [morning-review]   📄 2026-05-02-午间回顾.md (超过 7 天)
[2026-05-19 12:00:04] [morning-review]   📄 1688供应商筛选标准.md (超过 7 天)
[2026-05-19 12:00:04] [morning-review]   📄 1688供应商筛选标准.md (超过 7 天)
[2026-05-19 12:00:04] [morning-review]   📄 Text-Summarization-文本摘要API-内容提炼工具.md (超过 7 天)
[2026-05-19 12:00:04] [morning-review]   📄 Text-Summarization-文本摘要API-内容提炼工具.md (超过 7 天)
[2026-05-19 12:00:04] [morning-review]   📄 Public-APIs-新媒体运营资源.md (超过 7 天)
[2026-05-19 12:00:04] [morning-review]   📄 Public-APIs-新媒体运营资源.md (超过 7 天)
[2026-05-19 12:00:04] [morning-review]   📄 OpenClaw-3.22安全加固指南.md (超过 7 天)
[2026-05-19 12:00:04] [morning-review]   📄 OpenClaw-3.22安全加固指南.md (超过 7 天)
[2026-05-19 12:00:04] [morning-review]   📄 xiaohongshu-ops-完整优化方案.md (超过 7 天)
[2026-05-19 12:00:04] [morning-review]   📄 xiaohongshu-ops-完整优化方案.md (超过 7 天)
[2026-05-19 12:00:04] [morning-review]   📄 选题灵感.md (超过 7 天)
[2026-05-19 12:00:04] [morning-review]   📄 选题灵感.md (超过 7 天)
[2026-05-19 12:00:04] [morning-review]   📄 Public-APIs-ShotOG-封面生成API调研.md (超过 7 天)
[2026-05-19 12:00:04] [morning-review]   📄 Public-APIs-ShotOG-封面生成API调研.md (超过 7 天)
[2026-05-19 12:00:04] [morning-review]   📄 Public-APIs-Meteoblue-天气选题API调研.md (超过 7 天)
[2026-05-19 12:00:04] [morning-review]   📄 Public-APIs-Meteoblue-天气选题API调研.md (超过 7 天)
[2026-05-19 12:00:04] [morning-review]   📄 商贸模式使用说明.md (超过 7 天)
[2026-05-19 12:00:04] [morning-review]   📄 商贸模式使用说明.md (超过 7 天)
[2026-05-19 12:00:04] [morning-review]   📄 2026-04-19-午间回顾.md (超过 7 天)
[2026-05-19 12:00:04] [morning-review]   📄 2026-04-19-午间回顾.md (超过 7 天)
[2026-05-19 12:00:04] [morning-review]   📄 商贸系统化落地方案.md (超过 7 天)
[2026-05-19 12:00:04] [morning-review]   📄 商贸系统化落地方案.md (超过 7 天)
[2026-05-19 12:00:04] [morning-review]   📄 MoviePy-视频处理库-视频编辑工具.md (超过 7 天)
[2026-05-19 12:00:04] [morning-review]   📄 MoviePy-视频处理库-视频编辑工具.md (超过 7 天)
[2026-05-19 12:00:04] [morning-review]   📄 2026-04-20-午间回顾.md (超过 7 天)
[2026-05-19 12:00:04] [morning-review]   📄 2026-04-20-午间回顾.md (超过 7 天)
[2026-05-19 12:00:04] [morning-review]   📄 Public-APIs-ImageCompressor-图片压缩API调研.md (超过 7 天)
[2026-05-19 12:00:04] [morning-review]   📄 Public-APIs-ImageCompressor-图片压缩API调研.md (超过 7 天)
[2026-05-19 12:00:04] [morning-review]   📄 小米椒商贸定价与成本计算方案.md (超过 7 天)
[2026-05-19 12:00:04] [morning-review]   📄 小米椒商贸定价与成本计算方案.md (超过 7 天)
[2026-05-19 12:00:04] [morning-review]   📄 1688-供应商对比报告.md (超过 7 天)
[2026-05-19 12:00:04] [morning-review]   📄 1688-供应商对比报告.md (超过 7 天)
[2026-05-19 12:00:04] [morning-review]   📄 明日选题预研.md (超过 7 天)
[2026-05-19 12:00:04] [morning-review]   📄 明日选题预研.md (超过 7 天)
[2026-05-19 12:00:04] [morning-review]   📄 商贸模式常用操作.md (超过 7 天)
[2026-05-19 12:00:04] [morning-review]   📄 商贸模式常用操作.md (超过 7 天)
[2026-05-19 12:00:04] [morning-review]   📄 淘宝API验证计划.md (超过 7 天)
[2026-05-19 12:00:04] [morning-review]   📄 淘宝API验证计划.md (超过 7 天)
[2026-05-19 12:00:04] [morning-review]   📄 模型切换方案-百炼主线-v2.md (超过 7 天)
[2026-05-19 12:00:04] [morning-review]   📄 模型切换方案-百炼主线-v2.md (超过 7 天)
[2026-05-19 12:00:04] [morning-review]   📄 推荐工作-闲鱼一件代发.md (超过 7 天)
[2026-05-19 12:00:04] [morning-review]   📄 推荐工作-闲鱼一件代发.md (超过 7 天)
[2026-05-19 12:00:04] [morning-review]   📄 百炼模型配置方案.md (超过 7 天)
[2026-05-19 12:00:04] [morning-review]   📄 百炼模型配置方案.md (超过 7 天)
[2026-05-19 12:00:04] [morning-review]   📄 公众号运营策略.md (超过 7 天)
[2026-05-19 12:00:04] [morning-review]   📄 公众号运营策略.md (超过 7 天)
[2026-05-19 12:00:04] [morning-review]   📄 系统架构知识库.md (超过 7 天)
[2026-05-19 12:00:04] [morning-review]   📄 系统架构知识库.md (超过 7 天)
[2026-05-19 12:00:04] [morning-review]   📄 P1-助眠好物框架.md (超过 7 天)
[2026-05-19 12:00:04] [morning-review]   📄 P1-助眠好物框架.md (超过 7 天)
[2026-05-19 12:00:04] [morning-review]   📄 Requests-HTTP请求库-API调用工具.md (超过 7 天)
[2026-05-19 12:00:04] [morning-review]   📄 Requests-HTTP请求库-API调用工具.md (超过 7 天)
[2026-05-19 12:00:04] [morning-review]   📄 模型切换方案-百炼主线.md (超过 7 天)
[2026-05-19 12:00:04] [morning-review]   📄 模型切换方案-百炼主线.md (超过 7 天)
[2026-05-19 12:00:04] [morning-review]   📄 小米椒客户开发实战方案.md (超过 7 天)
[2026-05-19 12:00:04] [morning-review]   📄 小米椒客户开发实战方案.md (超过 7 天)
[2026-05-19 12:00:04] [morning-review]   📄 小红书选题清单-2026-04-09.md (超过 7 天)
[2026-05-19 12:00:04] [morning-review]   📄 小红书选题清单-2026-04-09.md (超过 7 天)
[2026-05-19 12:00:04] [morning-review]   📄 小米椒商贸出海定制方案.md (超过 7 天)
[2026-05-19 12:00:04] [morning-review]   📄 小米椒商贸出海定制方案.md (超过 7 天)
[2026-05-19 12:00:04] [morning-review]   📄 Qwen3.6-Plus免费使用指南.md (超过 7 天)
[2026-05-19 12:00:04] [morning-review]   📄 Qwen3.6-Plus免费使用指南.md (超过 7 天)
[2026-05-19 12:00:04] [morning-review]   📄 公众号转型思路.md (超过 7 天)
[2026-05-19 12:00:04] [morning-review]   📄 公众号转型思路.md (超过 7 天)
[2026-05-19 12:00:04] [morning-review]   📄 Public-APIs-ImageCompressor集成说明.md (超过 7 天)
[2026-05-19 12:00:04] [morning-review]   📄 Public-APIs-ImageCompressor集成说明.md (超过 7 天)
[2026-05-19 12:00:04] [morning-review]   📄 公众号文章清单.md (超过 7 天)
[2026-05-19 12:00:04] [morning-review]   📄 公众号文章清单.md (超过 7 天)
[2026-05-19 12:00:04] [morning-review]   📄 FFmpeg-视频处理工具-命令行视频编辑器.md (超过 7 天)
[2026-05-19 12:00:04] [morning-review]   📄 FFmpeg-视频处理工具-命令行视频编辑器.md (超过 7 天)
[2026-05-19 12:00:04] [morning-review]   📄 xiaohongshu-ops-商贸优化-P1P2方案.md (超过 7 天)
[2026-05-19 12:00:04] [morning-review]   📄 xiaohongshu-ops-商贸优化-P1P2方案.md (超过 7 天)
[2026-05-19 12:00:04] [morning-review]   📄 LongCat模型配置知识库.md (超过 7 天)
[2026-05-19 12:00:04] [morning-review]   📄 LongCat模型配置知识库.md (超过 7 天)
[2026-05-19 12:00:04] [morning-review]   📄 商贸数据复盘_20260424.md (超过 7 天)
[2026-05-19 12:00:04] [morning-review]   📄 商贸数据复盘_20260424.md (超过 7 天)
[2026-05-19 12:00:04] [morning-review]   📄 BeautifulSoup-HTML解析库-网页抓取工具.md (超过 7 天)
[2026-05-19 12:00:04] [morning-review]   📄 BeautifulSoup-HTML解析库-网页抓取工具.md (超过 7 天)
[2026-05-19 12:00:04] [morning-review]   📄 结构化整理报告-2026-04-11.md (超过 7 天)
[2026-05-19 12:00:04] [morning-review]   📄 结构化整理报告-2026-04-11.md (超过 7 天)
[2026-05-19 12:00:04] [morning-review]   📄 2026-05-01-午间回顾.md (超过 7 天)
[2026-05-19 12:00:04] [morning-review]   📄 2026-05-01-午间回顾.md (超过 7 天)
[2026-05-19 12:00:04] [morning-review]   📄 小红书文章清单_综合版.md (超过 7 天)
[2026-05-19 12:00:04] [morning-review]   📄 小红书文章清单_综合版.md (超过 7 天)
[2026-05-19 12:00:04] [morning-review]   📄 运营待办.md (超过 7 天)
[2026-05-19 12:00:04] [morning-review]   📄 运营待办.md (超过 7 天)
[2026-05-19 12:00:04] [morning-review]   📄 内容初稿.md (超过 7 天)
[2026-05-19 12:00:04] [morning-review]   📄 内容初稿.md (超过 7 天)
[2026-05-19 12:00:04] [morning-review]   📄 2026-04-22-午间回顾.md (超过 7 天)
[2026-05-19 12:00:04] [morning-review]   📄 2026-04-22-午间回顾.md (超过 7 天)
[2026-05-19 12:00:04] [morning-review]   📄 2026-04-24-午间回顾.md (超过 7 天)
[2026-05-19 12:00:04] [morning-review]   📄 2026-04-24-午间回顾.md (超过 7 天)
[2026-05-19 12:00:04] [morning-review]   📄 知识库索引.md (超过 7 天)
[2026-05-19 12:00:04] [morning-review]   📄 知识库索引.md (超过 7 天)
[2026-05-19 12:00:04] [morning-review]   📄 选品调研.md (超过 7 天)
[2026-05-19 12:00:04] [morning-review]   📄 选品调研.md (超过 7 天)
[2026-05-19 12:00:04] [morning-review]   📄 OpenClaw自主进化指南.md (超过 7 天)
[2026-05-19 12:00:04] [morning-review]   📄 OpenClaw自主进化指南.md (超过 7 天)
[2026-05-19 12:00:04] [morning-review]   📄 每日晚间回顾报告-2026-04-02.md (超过 7 天)
[2026-05-19 12:00:04] [morning-review]   📄 每日晚间回顾报告-2026-04-02.md (超过 7 天)
[2026-05-19 12:00:04] [morning-review]   📄 每日晚间回顾报告-2026-03-27.md (超过 7 天)
[2026-05-19 12:00:04] [morning-review]   📄 每日晚间回顾报告-2026-03-27.md (超过 7 天)
[2026-05-19 12:00:04] [morning-review]   📄 视频脚本-蒸汽眼罩-20260401.md (超过 7 天)
[2026-05-19 12:00:04] [morning-review]   📄 视频脚本-蒸汽眼罩-20260401.md (超过 7 天)
[2026-05-19 12:00:04] [morning-review]   📄 Public-APIs-新媒体运营资源-最终版.md (超过 7 天)
[2026-05-19 12:00:04] [morning-review]   📄 Public-APIs-新媒体运营资源-最终版.md (超过 7 天)
[2026-05-19 12:00:04] [morning-review]   📄 memory-lessons-2026-03.md (超过 7 天)
[2026-05-19 12:00:04] [morning-review]   📄 memory-lessons-2026-03.md (超过 7 天)
[2026-05-19 12:00:04] [morning-review]   📄 内容初稿-蒸汽眼罩-20260401.md (超过 7 天)
[2026-05-19 12:00:04] [morning-review]   📄 内容初稿-蒸汽眼罩-20260401.md (超过 7 天)
[2026-05-19 12:00:04] [morning-review]   📄 每日午间回顾报告-2026-03-30.md (超过 7 天)
[2026-05-19 12:00:04] [morning-review]   📄 每日午间回顾报告-2026-03-30.md (超过 7 天)
[2026-05-19 12:00:04] [morning-review]   📄 深度回顾报告-2026-04-01.md (超过 7 天)
[2026-05-19 12:00:04] [morning-review]   📄 深度回顾报告-2026-04-01.md (超过 7 天)
[2026-05-19 12:00:04] [morning-review]   📄 Public-APIs-新媒体运营资源-v2.0.md (超过 7 天)
[2026-05-19 12:00:04] [morning-review]   📄 Public-APIs-新媒体运营资源-v2.0.md (超过 7 天)
[2026-05-19 12:00:04] [morning-review]   📄 每日晚间回顾报告-2026-04-03.md (超过 7 天)
[2026-05-19 12:00:04] [morning-review]   📄 每日晚间回顾报告-2026-04-03.md (超过 7 天)
[2026-05-19 12:00:04] [morning-review]   📄 内容初稿-2026-04-01.md (超过 7 天)
[2026-05-19 12:00:04] [morning-review]   📄 内容初稿-2026-04-01.md (超过 7 天)
[2026-05-19 12:00:04] [morning-review]   📄 每日晚间回顾报告-2026-04-01.md (超过 7 天)
[2026-05-19 12:00:04] [morning-review]   📄 每日晚间回顾报告-2026-04-01.md (超过 7 天)
[2026-05-19 12:00:04] [morning-review]   📄 每日晚间回顾报告-2026-03-30.md (超过 7 天)
[2026-05-19 12:00:04] [morning-review]   📄 每日晚间回顾报告-2026-03-30.md (超过 7 天)
[2026-05-19 12:00:04] [morning-review]   📄 每日午间回顾报告-2026-04-01.md (超过 7 天)
[2026-05-19 12:00:04] [morning-review]   📄 每日午间回顾报告-2026-04-01.md (超过 7 天)
[2026-05-19 12:00:04] [morning-review]   📄 每日晚间回顾报告-2026-04-04.md (超过 7 天)
[2026-05-19 12:00:04] [morning-review]   📄 每日晚间回顾报告-2026-04-04.md (超过 7 天)
[2026-05-19 12:00:04] [morning-review]   📄 视频脚本-蒸汽眼罩-种草版-20260401.md (超过 7 天)
[2026-05-19 12:00:04] [morning-review]   📄 视频脚本-蒸汽眼罩-种草版-20260401.md (超过 7 天)
[2026-05-19 12:00:04] [morning-review]   📄 小红书文章清单_瑜伽版.md (超过 7 天)
[2026-05-19 12:00:04] [morning-review]   📄 小红书文章清单_瑜伽版.md (超过 7 天)
[2026-05-19 12:00:04] [morning-review]   📄 小红书文章清单.md (超过 7 天)
[2026-05-19 12:00:04] [morning-review]   📄 小红书文章清单.md (超过 7 天)
[2026-05-19 12:00:04] [morning-review]   📄 每日午间回顾报告-2026-04-21.md (超过 7 天)
[2026-05-19 12:00:04] [morning-review]   📄 每日午间回顾报告-2026-04-21.md (超过 7 天)
[2026-05-19 12:00:04] [morning-review]   📄 2026-04-26-午间回顾.md (超过 7 天)
[2026-05-19 12:00:04] [morning-review]   📄 2026-04-26-午间回顾.md (超过 7 天)
[2026-05-19 12:00:04] [morning-review]   📄 Public-APIs-Pandas-数据分析API调研.md (超过 7 天)
[2026-05-19 12:00:04] [morning-review]   📄 Public-APIs-Pandas-数据分析API调研.md (超过 7 天)
[2026-05-19 12:00:04] [morning-review]   📄 技能知识库.md (超过 7 天)
[2026-05-19 12:00:04] [morning-review]   📄 技能知识库.md (超过 7 天)
[2026-05-19 12:00:04] [morning-review]   📄 办公室瑜伽完全指南.md (超过 7 天)
[2026-05-19 12:00:04] [morning-review]   📄 办公室瑜伽完全指南.md (超过 7 天)
[2026-05-19 12:00:04] [morning-review]   📄 品牌过往爆款.md (超过 7 天)
[2026-05-19 12:00:04] [morning-review]   📄 品牌过往爆款.md (超过 7 天)
[2026-05-19 12:00:04] [morning-review]   📄 路径规划-1688小红书闲鱼.md (超过 7 天)
[2026-05-19 12:00:04] [morning-review]   📄 路径规划-1688小红书闲鱼.md (超过 7 天)
[2026-05-19 12:00:04] [morning-review]   📄 小红书运营知识库.md (超过 7 天)
[2026-05-19 12:00:04] [morning-review]   📄 小红书运营知识库.md (超过 7 天)
[2026-05-19 12:00:04] [morning-review]   📄 闲鱼上架清单-2026-04-09.md (超过 7 天)
[2026-05-19 12:00:04] [morning-review]   📄 闲鱼上架清单-2026-04-09.md (超过 7 天)
[2026-05-19 12:00:04] [morning-review]   📄 2026-04-15-系统状态检查.md (超过 7 天)
[2026-05-19 12:00:04] [morning-review]   📄 2026-04-15-系统状态检查.md (超过 7 天)
[2026-05-19 12:00:04] [morning-review]   📄 2026-04-28-午间回顾.md (超过 7 天)
[2026-05-19 12:00:04] [morning-review]   📄 2026-04-28-午间回顾.md (超过 7 天)
[2026-05-19 12:00:04] [morning-review]   📄 Public-APIs-Plotly-数据可视化API调研.md (超过 7 天)
[2026-05-19 12:00:04] [morning-review]   📄 Public-APIs-Plotly-数据可视化API调研.md (超过 7 天)
[2026-05-19 12:00:04] [morning-review]   📄 Public-APIs-VADER-情感分析API调研.md (超过 7 天)
[2026-05-19 12:00:04] [morning-review]   📄 Public-APIs-VADER-情感分析API调研.md (超过 7 天)
[2026-05-19 12:00:04] [morning-review]   📄 xiaohongshu-ops-商贸优化方案.md (超过 7 天)
[2026-05-19 12:00:04] [morning-review]   📄 xiaohongshu-ops-商贸优化方案.md (超过 7 天)
[2026-05-19 12:00:04] [morning-review] ✅ 无重复文件
[2026-05-19 12:00:04] [morning-review] ✅ 无重复文件
[2026-05-19 12:00:04] [morning-review] ✅ 知识库结构化整理完成
[2026-05-19 12:00:04] [morning-review] ✅ 知识库结构化整理完成
[2026-05-19 12:00:04] [morning-review] 📋 开始索引同步更新...
[2026-05-19 12:00:04] [morning-review] 📋 开始索引同步更新...
[2026-05-19 12:00:04] [morning-review] 📊 文件统计: intel/109 memory/66 logs/12 total/187
[2026-05-19 12:00:04] [morning-review] 📊 文件统计: intel/109 memory/66 logs/12 total/187
[2026-05-19 12:00:04] [morning-review] ✅ 索引文件已更新
[2026-05-19 12:00:04] [morning-review] ✅ 索引文件已更新
[2026-05-19 12:00:04] [morning-review] ✅ 索引同步更新完成
[2026-05-19 12:00:04] [morning-review] ✅ 索引同步更新完成
[2026-05-19 12:00:04] [morning-review] ✅ Git 已提交
[2026-05-19 12:00:04] [morning-review] ✅ Git 已提交
[2026-05-19 12:00:04] [morning-review] ⚠️ 推送失败（网络？），下次重试
[2026-05-19 12:00:04] [morning-review] ⚠️ 推送失败（网络？），下次重试
[2026-05-19 12:00:04] [morning-review] 🔄 更新 QMD 向量索引...
[2026-05-19 12:00:04] [morning-review] 🔄 更新 QMD 向量索引...
[2026-05-19 12:00:04] [morning-review] ⚠️ qmd 未找到，跳过
[2026-05-19 12:00:04] [morning-review] ⚠️ qmd 未找到，跳过
[2026-05-19 12:00:04] [morning-review] ===== 午间运营回顾完成 =====
[2026-05-19 12:00:04] [morning-review] ===== 午间运营回顾完成 =====
[2026-05-19 23:50:01] [daily-review] ===== 每日运营回顾开始（23:50）=====
[2026-05-19 23:50:01] [daily-review] ===== 每日运营回顾开始（23:50）=====
[2026-05-19 23:50:01] [daily-review] 📅 今日记忆文件: 92行
[2026-05-19 23:50:01] [daily-review] 📅 今日记忆文件: 92行
[2026-05-19 23:50:01] [daily-review] 提取多通道聊天记录（2026-05-19）...
[2026-05-19 23:50:01] [daily-review] 提取多通道聊天记录（2026-05-19）...
[2026-05-19 23:50:04] [daily-review] - 消息数：35
[2026-05-19 23:50:04] [daily-review] - 消息数：35
[2026-05-19 23:50:04] [daily-review] [0;32m[SUCCESS][0m 对话记录已保存：/root/.openclaw/workspace/agents/xiaomijiao/memory/chat-2026-05-19.md
[2026-05-19 23:50:04] [daily-review] [0;32m[SUCCESS][0m 对话记录已保存：/root/.openclaw/workspace/agents/xiaomijiao/memory/chat-2026-05-19.md
[2026-05-19 23:50:04] [daily-review] 消息数： 39
[2026-05-19 23:50:04] [daily-review] 消息数： 39
[2026-05-19 23:50:04] [daily-review] [0;32m[SUCCESS][0m 多通道对话提取完成！🎉
[2026-05-19 23:50:04] [daily-review] [0;32m[SUCCESS][0m 多通道对话提取完成！🎉
[2026-05-19 23:50:04] [daily-review] 📊 变更统计: intel/1 memory/0 config/2
[2026-05-19 23:50:04] [daily-review] 📊 变更统计: intel/1 memory/0 config/2
[2026-05-19 23:50:04] [daily-review]   📄 agents/xiaomijiao/memory/chat-2026-05-19.md
[2026-05-19 23:50:04] [daily-review]   📄 agents/xiaomijiao/memory/chat-2026-05-19.md
[2026-05-19 23:50:04] [daily-review]   📄 "intel/346225260346215256345244215347233230.md"
[2026-05-19 23:50:04] [daily-review]   📄 "intel/346225260346215256345244215347233230.md"
[2026-05-19 23:50:04] [daily-review]   📄 logs/git.log
[2026-05-19 23:50:04] [daily-review]   📄 logs/git.log
[2026-05-19 23:50:04] [daily-review]   📄 logs/xiaomijiao-cron.log
[2026-05-19 23:50:04] [daily-review]   📄 logs/xiaomijiao-cron.log
[2026-05-19 23:50:04] [daily-review] 📋 待办进度: ✅6 完成 / ⏳8 待做
[2026-05-19 23:50:04] [daily-review] 📋 待办进度: ✅6 完成 / ⏳8 待做
[2026-05-19 23:50:04] [daily-review] 📚 开始知识库结构化整理...
[2026-05-19 23:50:04] [daily-review] 📚 开始知识库结构化整理...
[2026-05-19 23:50:04] [daily-review] 📊 intel/ 目录文件数: 109
[2026-05-19 23:50:04] [daily-review] 📊 intel/ 目录文件数: 109
[2026-05-19 23:50:04] [daily-review] ⚠️ 发现 103 个超过 7 天未更新的文件
[2026-05-19 23:50:04] [daily-review] ⚠️ 发现 103 个超过 7 天未更新的文件
[2026-05-19 23:50:04] [daily-review]   📄 工具与技能清单.md (超过 7 天)
[2026-05-19 23:50:04] [daily-review]   📄 工具与技能清单.md (超过 7 天)
[2026-05-19 23:50:04] [daily-review]   📄 办公室5分钟瑜伽.md (超过 7 天)
[2026-05-19 23:50:04] [daily-review]   📄 办公室5分钟瑜伽.md (超过 7 天)
[2026-05-19 23:50:04] [daily-review]   📄 商贸数据复盘_20260414.md (超过 7 天)
[2026-05-19 23:50:04] [daily-review]   📄 商贸数据复盘_20260414.md (超过 7 天)
[2026-05-19 23:50:04] [daily-review]   📄 公众号测评文章.md (超过 7 天)
[2026-05-19 23:50:04] [daily-review]   📄 公众号测评文章.md (超过 7 天)
[2026-05-19 23:50:04] [daily-review]   📄 首篇笔记内容-2026-04-09.md (超过 7 天)
[2026-05-19 23:50:04] [daily-review]   📄 首篇笔记内容-2026-04-09.md (超过 7 天)
[2026-05-19 23:50:04] [daily-review]   📄 私聊话术设计-2026-04-09.md (超过 7 天)
[2026-05-19 23:50:04] [daily-review]   📄 私聊话术设计-2026-04-09.md (超过 7 天)
[2026-05-19 23:50:04] [daily-review]   📄 日常运营知识库.md (超过 7 天)
[2026-05-19 23:50:04] [daily-review]   📄 日常运营知识库.md (超过 7 天)
[2026-05-19 23:50:04] [daily-review]   📄 Public-APIs-RAKE-关键词提取API调研.md (超过 7 天)
[2026-05-19 23:50:04] [daily-review]   📄 Public-APIs-RAKE-关键词提取API调研.md (超过 7 天)
[2026-05-19 23:50:04] [daily-review]   📄 2026-04-23-午间回顾.md (超过 7 天)
[2026-05-19 23:50:04] [daily-review]   📄 2026-04-23-午间回顾.md (超过 7 天)
[2026-05-19 23:50:04] [daily-review]   📄 URL-Shortener-短链接生成API-链接优化工具.md (超过 7 天)
[2026-05-19 23:50:04] [daily-review]   📄 URL-Shortener-短链接生成API-链接优化工具.md (超过 7 天)
[2026-05-19 23:50:04] [daily-review]   📄 2026-04-15-午间回顾.md (超过 7 天)
[2026-05-19 23:50:04] [daily-review]   📄 2026-04-15-午间回顾.md (超过 7 天)
[2026-05-19 23:50:04] [daily-review]   📄 商贸模式状态更新.md (超过 7 天)
[2026-05-19 23:50:04] [daily-review]   📄 商贸模式状态更新.md (超过 7 天)
[2026-05-19 23:50:04] [daily-review]   📄 NumPy-数值计算库-基础工具.md (超过 7 天)
[2026-05-19 23:50:04] [daily-review]   📄 NumPy-数值计算库-基础工具.md (超过 7 天)
[2026-05-19 23:50:04] [daily-review]   📄 2026-04-30-午间回顾.md (超过 7 天)
[2026-05-19 23:50:04] [daily-review]   📄 2026-04-30-午间回顾.md (超过 7 天)
[2026-05-19 23:50:04] [daily-review]   📄 小米椒出海方案.md (超过 7 天)
[2026-05-19 23:50:04] [daily-review]   📄 小米椒出海方案.md (超过 7 天)
[2026-05-19 23:50:04] [daily-review]   📄 QR-Code-二维码生成API-推广工具.md (超过 7 天)
[2026-05-19 23:50:04] [daily-review]   📄 QR-Code-二维码生成API-推广工具.md (超过 7 天)
[2026-05-19 23:50:04] [daily-review]   📄 Public-APIs-Poof-背景移除API调研.md (超过 7 天)
[2026-05-19 23:50:04] [daily-review]   📄 Public-APIs-Poof-背景移除API调研.md (超过 7 天)
[2026-05-19 23:50:04] [daily-review]   📄 今日回顾_2026-04-09.md (超过 7 天)
[2026-05-19 23:50:04] [daily-review]   📄 今日回顾_2026-04-09.md (超过 7 天)
[2026-05-19 23:50:04] [daily-review]   📄 Public-APIs-APITubeNews-热点采集API调研.md (超过 7 天)
[2026-05-19 23:50:04] [daily-review]   📄 Public-APIs-APITubeNews-热点采集API调研.md (超过 7 天)
[2026-05-19 23:50:04] [daily-review]   📄 2026-05-05完整复盘.md (超过 7 天)
[2026-05-19 23:50:04] [daily-review]   📄 2026-05-05完整复盘.md (超过 7 天)
[2026-05-19 23:50:04] [daily-review]   📄 2026-05-02-午间回顾.md (超过 7 天)
[2026-05-19 23:50:04] [daily-review]   📄 2026-05-02-午间回顾.md (超过 7 天)
[2026-05-19 23:50:04] [daily-review]   📄 1688供应商筛选标准.md (超过 7 天)
[2026-05-19 23:50:04] [daily-review]   📄 1688供应商筛选标准.md (超过 7 天)
[2026-05-19 23:50:04] [daily-review]   📄 Text-Summarization-文本摘要API-内容提炼工具.md (超过 7 天)
[2026-05-19 23:50:04] [daily-review]   📄 Text-Summarization-文本摘要API-内容提炼工具.md (超过 7 天)
[2026-05-19 23:50:04] [daily-review]   📄 Public-APIs-新媒体运营资源.md (超过 7 天)
[2026-05-19 23:50:04] [daily-review]   📄 Public-APIs-新媒体运营资源.md (超过 7 天)
[2026-05-19 23:50:04] [daily-review]   📄 OpenClaw-3.22安全加固指南.md (超过 7 天)
[2026-05-19 23:50:04] [daily-review]   📄 OpenClaw-3.22安全加固指南.md (超过 7 天)
[2026-05-19 23:50:04] [daily-review]   📄 xiaohongshu-ops-完整优化方案.md (超过 7 天)
[2026-05-19 23:50:04] [daily-review]   📄 xiaohongshu-ops-完整优化方案.md (超过 7 天)
[2026-05-19 23:50:04] [daily-review]   📄 选题灵感.md (超过 7 天)
[2026-05-19 23:50:04] [daily-review]   📄 选题灵感.md (超过 7 天)
[2026-05-19 23:50:04] [daily-review]   📄 Public-APIs-ShotOG-封面生成API调研.md (超过 7 天)
[2026-05-19 23:50:04] [daily-review]   📄 Public-APIs-ShotOG-封面生成API调研.md (超过 7 天)
[2026-05-19 23:50:04] [daily-review]   📄 Public-APIs-Meteoblue-天气选题API调研.md (超过 7 天)
[2026-05-19 23:50:04] [daily-review]   📄 Public-APIs-Meteoblue-天气选题API调研.md (超过 7 天)
[2026-05-19 23:50:04] [daily-review]   📄 商贸模式使用说明.md (超过 7 天)
[2026-05-19 23:50:04] [daily-review]   📄 商贸模式使用说明.md (超过 7 天)
[2026-05-19 23:50:04] [daily-review]   📄 2026-04-19-午间回顾.md (超过 7 天)
[2026-05-19 23:50:04] [daily-review]   📄 2026-04-19-午间回顾.md (超过 7 天)
[2026-05-19 23:50:04] [daily-review]   📄 商贸系统化落地方案.md (超过 7 天)
[2026-05-19 23:50:04] [daily-review]   📄 商贸系统化落地方案.md (超过 7 天)
[2026-05-19 23:50:04] [daily-review]   📄 MoviePy-视频处理库-视频编辑工具.md (超过 7 天)
[2026-05-19 23:50:04] [daily-review]   📄 MoviePy-视频处理库-视频编辑工具.md (超过 7 天)
[2026-05-19 23:50:04] [daily-review]   📄 2026-04-20-午间回顾.md (超过 7 天)
[2026-05-19 23:50:04] [daily-review]   📄 2026-04-20-午间回顾.md (超过 7 天)
[2026-05-19 23:50:04] [daily-review]   📄 Public-APIs-ImageCompressor-图片压缩API调研.md (超过 7 天)
[2026-05-19 23:50:04] [daily-review]   📄 Public-APIs-ImageCompressor-图片压缩API调研.md (超过 7 天)
[2026-05-19 23:50:04] [daily-review]   📄 小米椒商贸定价与成本计算方案.md (超过 7 天)
[2026-05-19 23:50:04] [daily-review]   📄 小米椒商贸定价与成本计算方案.md (超过 7 天)
[2026-05-19 23:50:04] [daily-review]   📄 1688-供应商对比报告.md (超过 7 天)
[2026-05-19 23:50:04] [daily-review]   📄 1688-供应商对比报告.md (超过 7 天)
[2026-05-19 23:50:04] [daily-review]   📄 明日选题预研.md (超过 7 天)
[2026-05-19 23:50:04] [daily-review]   📄 明日选题预研.md (超过 7 天)
[2026-05-19 23:50:04] [daily-review]   📄 索引.md (超过 7 天)
[2026-05-19 23:50:04] [daily-review]   📄 索引.md (超过 7 天)
[2026-05-19 23:50:04] [daily-review]   📄 商贸模式常用操作.md (超过 7 天)
[2026-05-19 23:50:04] [daily-review]   📄 商贸模式常用操作.md (超过 7 天)
[2026-05-19 23:50:04] [daily-review]   📄 淘宝API验证计划.md (超过 7 天)
[2026-05-19 23:50:04] [daily-review]   📄 淘宝API验证计划.md (超过 7 天)
[2026-05-19 23:50:04] [daily-review]   📄 模型切换方案-百炼主线-v2.md (超过 7 天)
[2026-05-19 23:50:04] [daily-review]   📄 模型切换方案-百炼主线-v2.md (超过 7 天)
[2026-05-19 23:50:04] [daily-review]   📄 推荐工作-闲鱼一件代发.md (超过 7 天)
[2026-05-19 23:50:04] [daily-review]   📄 推荐工作-闲鱼一件代发.md (超过 7 天)
[2026-05-19 23:50:04] [daily-review]   📄 百炼模型配置方案.md (超过 7 天)
[2026-05-19 23:50:04] [daily-review]   📄 百炼模型配置方案.md (超过 7 天)
[2026-05-19 23:50:04] [daily-review]   📄 公众号运营策略.md (超过 7 天)
[2026-05-19 23:50:04] [daily-review]   📄 公众号运营策略.md (超过 7 天)
[2026-05-19 23:50:04] [daily-review]   📄 系统架构知识库.md (超过 7 天)
[2026-05-19 23:50:04] [daily-review]   📄 系统架构知识库.md (超过 7 天)
[2026-05-19 23:50:04] [daily-review]   📄 P1-助眠好物框架.md (超过 7 天)
[2026-05-19 23:50:04] [daily-review]   📄 P1-助眠好物框架.md (超过 7 天)
[2026-05-19 23:50:04] [daily-review]   📄 Requests-HTTP请求库-API调用工具.md (超过 7 天)
[2026-05-19 23:50:04] [daily-review]   📄 Requests-HTTP请求库-API调用工具.md (超过 7 天)
[2026-05-19 23:50:04] [daily-review]   📄 模型切换方案-百炼主线.md (超过 7 天)
[2026-05-19 23:50:04] [daily-review]   📄 模型切换方案-百炼主线.md (超过 7 天)
[2026-05-19 23:50:04] [daily-review]   📄 小米椒客户开发实战方案.md (超过 7 天)
[2026-05-19 23:50:04] [daily-review]   📄 小米椒客户开发实战方案.md (超过 7 天)
[2026-05-19 23:50:04] [daily-review]   📄 小红书选题清单-2026-04-09.md (超过 7 天)
[2026-05-19 23:50:04] [daily-review]   📄 小红书选题清单-2026-04-09.md (超过 7 天)
[2026-05-19 23:50:04] [daily-review]   📄 小米椒商贸出海定制方案.md (超过 7 天)
[2026-05-19 23:50:04] [daily-review]   📄 小米椒商贸出海定制方案.md (超过 7 天)
[2026-05-19 23:50:04] [daily-review]   📄 Qwen3.6-Plus免费使用指南.md (超过 7 天)
[2026-05-19 23:50:04] [daily-review]   📄 Qwen3.6-Plus免费使用指南.md (超过 7 天)
[2026-05-19 23:50:04] [daily-review]   📄 公众号转型思路.md (超过 7 天)
[2026-05-19 23:50:04] [daily-review]   📄 公众号转型思路.md (超过 7 天)
[2026-05-19 23:50:04] [daily-review]   📄 Public-APIs-ImageCompressor集成说明.md (超过 7 天)
[2026-05-19 23:50:04] [daily-review]   📄 Public-APIs-ImageCompressor集成说明.md (超过 7 天)
[2026-05-19 23:50:04] [daily-review]   📄 公众号文章清单.md (超过 7 天)
[2026-05-19 23:50:04] [daily-review]   📄 公众号文章清单.md (超过 7 天)
[2026-05-19 23:50:04] [daily-review]   📄 FFmpeg-视频处理工具-命令行视频编辑器.md (超过 7 天)
[2026-05-19 23:50:04] [daily-review]   📄 FFmpeg-视频处理工具-命令行视频编辑器.md (超过 7 天)
[2026-05-19 23:50:04] [daily-review]   📄 xiaohongshu-ops-商贸优化-P1P2方案.md (超过 7 天)
[2026-05-19 23:50:04] [daily-review]   📄 xiaohongshu-ops-商贸优化-P1P2方案.md (超过 7 天)
[2026-05-19 23:50:04] [daily-review]   📄 LongCat模型配置知识库.md (超过 7 天)
[2026-05-19 23:50:04] [daily-review]   📄 LongCat模型配置知识库.md (超过 7 天)
[2026-05-19 23:50:04] [daily-review]   📄 商贸数据复盘_20260424.md (超过 7 天)
[2026-05-19 23:50:04] [daily-review]   📄 商贸数据复盘_20260424.md (超过 7 天)
[2026-05-19 23:50:04] [daily-review]   📄 BeautifulSoup-HTML解析库-网页抓取工具.md (超过 7 天)
[2026-05-19 23:50:04] [daily-review]   📄 BeautifulSoup-HTML解析库-网页抓取工具.md (超过 7 天)
[2026-05-19 23:50:04] [daily-review]   📄 结构化整理报告-2026-04-11.md (超过 7 天)
[2026-05-19 23:50:04] [daily-review]   📄 结构化整理报告-2026-04-11.md (超过 7 天)
[2026-05-19 23:50:04] [daily-review]   📄 2026-05-01-午间回顾.md (超过 7 天)
[2026-05-19 23:50:04] [daily-review]   📄 2026-05-01-午间回顾.md (超过 7 天)
[2026-05-19 23:50:04] [daily-review]   📄 小红书文章清单_综合版.md (超过 7 天)
[2026-05-19 23:50:04] [daily-review]   📄 小红书文章清单_综合版.md (超过 7 天)
[2026-05-19 23:50:04] [daily-review]   📄 运营待办.md (超过 7 天)
[2026-05-19 23:50:04] [daily-review]   📄 运营待办.md (超过 7 天)
[2026-05-19 23:50:04] [daily-review]   📄 内容初稿.md (超过 7 天)
[2026-05-19 23:50:04] [daily-review]   📄 内容初稿.md (超过 7 天)
[2026-05-19 23:50:04] [daily-review]   📄 2026-04-22-午间回顾.md (超过 7 天)
[2026-05-19 23:50:04] [daily-review]   📄 2026-04-22-午间回顾.md (超过 7 天)
[2026-05-19 23:50:04] [daily-review]   📄 2026-04-24-午间回顾.md (超过 7 天)
[2026-05-19 23:50:04] [daily-review]   📄 2026-04-24-午间回顾.md (超过 7 天)
[2026-05-19 23:50:04] [daily-review]   📄 知识库索引.md (超过 7 天)
[2026-05-19 23:50:04] [daily-review]   📄 知识库索引.md (超过 7 天)
[2026-05-19 23:50:04] [daily-review]   📄 选品调研.md (超过 7 天)
[2026-05-19 23:50:04] [daily-review]   📄 选品调研.md (超过 7 天)
[2026-05-19 23:50:04] [daily-review]   📄 OpenClaw自主进化指南.md (超过 7 天)
[2026-05-19 23:50:04] [daily-review]   📄 OpenClaw自主进化指南.md (超过 7 天)
[2026-05-19 23:50:04] [daily-review]   📄 每日晚间回顾报告-2026-04-02.md (超过 7 天)
[2026-05-19 23:50:04] [daily-review]   📄 每日晚间回顾报告-2026-04-02.md (超过 7 天)
[2026-05-19 23:50:04] [daily-review]   📄 每日晚间回顾报告-2026-03-27.md (超过 7 天)
[2026-05-19 23:50:04] [daily-review]   📄 每日晚间回顾报告-2026-03-27.md (超过 7 天)
[2026-05-19 23:50:04] [daily-review]   📄 视频脚本-蒸汽眼罩-20260401.md (超过 7 天)
[2026-05-19 23:50:04] [daily-review]   📄 视频脚本-蒸汽眼罩-20260401.md (超过 7 天)
[2026-05-19 23:50:04] [daily-review]   📄 Public-APIs-新媒体运营资源-最终版.md (超过 7 天)
[2026-05-19 23:50:04] [daily-review]   📄 Public-APIs-新媒体运营资源-最终版.md (超过 7 天)
[2026-05-19 23:50:04] [daily-review]   📄 memory-lessons-2026-03.md (超过 7 天)
[2026-05-19 23:50:04] [daily-review]   📄 memory-lessons-2026-03.md (超过 7 天)
[2026-05-19 23:50:04] [daily-review]   📄 内容初稿-蒸汽眼罩-20260401.md (超过 7 天)
[2026-05-19 23:50:04] [daily-review]   📄 内容初稿-蒸汽眼罩-20260401.md (超过 7 天)
[2026-05-19 23:50:04] [daily-review]   📄 每日午间回顾报告-2026-03-30.md (超过 7 天)
[2026-05-19 23:50:04] [daily-review]   📄 每日午间回顾报告-2026-03-30.md (超过 7 天)
[2026-05-19 23:50:04] [daily-review]   📄 深度回顾报告-2026-04-01.md (超过 7 天)
[2026-05-19 23:50:04] [daily-review]   📄 深度回顾报告-2026-04-01.md (超过 7 天)
[2026-05-19 23:50:04] [daily-review]   📄 Public-APIs-新媒体运营资源-v2.0.md (超过 7 天)
[2026-05-19 23:50:04] [daily-review]   📄 Public-APIs-新媒体运营资源-v2.0.md (超过 7 天)
[2026-05-19 23:50:04] [daily-review]   📄 每日晚间回顾报告-2026-04-03.md (超过 7 天)
[2026-05-19 23:50:04] [daily-review]   📄 每日晚间回顾报告-2026-04-03.md (超过 7 天)
[2026-05-19 23:50:04] [daily-review]   📄 内容初稿-2026-04-01.md (超过 7 天)
[2026-05-19 23:50:04] [daily-review]   📄 内容初稿-2026-04-01.md (超过 7 天)
[2026-05-19 23:50:04] [daily-review]   📄 每日晚间回顾报告-2026-04-01.md (超过 7 天)
[2026-05-19 23:50:04] [daily-review]   📄 每日晚间回顾报告-2026-04-01.md (超过 7 天)
[2026-05-19 23:50:04] [daily-review]   📄 每日晚间回顾报告-2026-03-30.md (超过 7 天)
[2026-05-19 23:50:04] [daily-review]   📄 每日晚间回顾报告-2026-03-30.md (超过 7 天)
[2026-05-19 23:50:05] [daily-review]   📄 每日午间回顾报告-2026-04-01.md (超过 7 天)
[2026-05-19 23:50:05] [daily-review]   📄 每日午间回顾报告-2026-04-01.md (超过 7 天)
[2026-05-19 23:50:05] [daily-review]   📄 每日晚间回顾报告-2026-04-04.md (超过 7 天)
[2026-05-19 23:50:05] [daily-review]   📄 每日晚间回顾报告-2026-04-04.md (超过 7 天)
[2026-05-19 23:50:05] [daily-review]   📄 视频脚本-蒸汽眼罩-种草版-20260401.md (超过 7 天)
[2026-05-19 23:50:05] [daily-review]   📄 视频脚本-蒸汽眼罩-种草版-20260401.md (超过 7 天)
[2026-05-19 23:50:05] [daily-review]   📄 小红书文章清单_瑜伽版.md (超过 7 天)
[2026-05-19 23:50:05] [daily-review]   📄 小红书文章清单_瑜伽版.md (超过 7 天)
[2026-05-19 23:50:05] [daily-review]   📄 小红书文章清单.md (超过 7 天)
[2026-05-19 23:50:05] [daily-review]   📄 小红书文章清单.md (超过 7 天)
[2026-05-19 23:50:05] [daily-review]   📄 每日午间回顾报告-2026-04-21.md (超过 7 天)
[2026-05-19 23:50:05] [daily-review]   📄 每日午间回顾报告-2026-04-21.md (超过 7 天)
[2026-05-19 23:50:05] [daily-review]   📄 2026-04-26-午间回顾.md (超过 7 天)
[2026-05-19 23:50:05] [daily-review]   📄 2026-04-26-午间回顾.md (超过 7 天)
[2026-05-19 23:50:05] [daily-review]   📄 Public-APIs-Pandas-数据分析API调研.md (超过 7 天)
[2026-05-19 23:50:05] [daily-review]   📄 Public-APIs-Pandas-数据分析API调研.md (超过 7 天)
[2026-05-19 23:50:05] [daily-review]   📄 技能知识库.md (超过 7 天)
[2026-05-19 23:50:05] [daily-review]   📄 技能知识库.md (超过 7 天)
[2026-05-19 23:50:05] [daily-review]   📄 办公室瑜伽完全指南.md (超过 7 天)
[2026-05-19 23:50:05] [daily-review]   📄 办公室瑜伽完全指南.md (超过 7 天)
[2026-05-19 23:50:05] [daily-review]   📄 品牌过往爆款.md (超过 7 天)
[2026-05-19 23:50:05] [daily-review]   📄 品牌过往爆款.md (超过 7 天)
[2026-05-19 23:50:05] [daily-review]   📄 路径规划-1688小红书闲鱼.md (超过 7 天)
[2026-05-19 23:50:05] [daily-review]   📄 路径规划-1688小红书闲鱼.md (超过 7 天)
[2026-05-19 23:50:05] [daily-review]   📄 小红书运营知识库.md (超过 7 天)
[2026-05-19 23:50:05] [daily-review]   📄 小红书运营知识库.md (超过 7 天)
[2026-05-19 23:50:05] [daily-review]   📄 闲鱼上架清单-2026-04-09.md (超过 7 天)
[2026-05-19 23:50:05] [daily-review]   📄 闲鱼上架清单-2026-04-09.md (超过 7 天)
[2026-05-19 23:50:05] [daily-review]   📄 2026-04-15-系统状态检查.md (超过 7 天)
[2026-05-19 23:50:05] [daily-review]   📄 2026-04-15-系统状态检查.md (超过 7 天)
[2026-05-19 23:50:05] [daily-review]   📄 2026-04-28-午间回顾.md (超过 7 天)
[2026-05-19 23:50:05] [daily-review]   📄 2026-04-28-午间回顾.md (超过 7 天)
[2026-05-19 23:50:05] [daily-review]   📄 Public-APIs-Plotly-数据可视化API调研.md (超过 7 天)
[2026-05-19 23:50:05] [daily-review]   📄 Public-APIs-Plotly-数据可视化API调研.md (超过 7 天)
[2026-05-19 23:50:05] [daily-review]   📄 Public-APIs-VADER-情感分析API调研.md (超过 7 天)
[2026-05-19 23:50:05] [daily-review]   📄 Public-APIs-VADER-情感分析API调研.md (超过 7 天)
[2026-05-19 23:50:05] [daily-review]   📄 xiaohongshu-ops-商贸优化方案.md (超过 7 天)
[2026-05-19 23:50:05] [daily-review]   📄 xiaohongshu-ops-商贸优化方案.md (超过 7 天)
[2026-05-19 23:50:05] [daily-review] ✅ 无重复文件
[2026-05-19 23:50:05] [daily-review] ✅ 无重复文件
[2026-05-19 23:50:05] [daily-review] ✅ 知识库结构化整理完成
[2026-05-19 23:50:05] [daily-review] ✅ 知识库结构化整理完成
[2026-05-19 23:50:05] [daily-review] 📋 开始索引同步更新...
[2026-05-19 23:50:05] [daily-review] 📋 开始索引同步更新...
[2026-05-19 23:50:05] [daily-review] 📊 文件统计: intel/109 memory/66 logs/12 total/187
[2026-05-19 23:50:05] [daily-review] 📊 文件统计: intel/109 memory/66 logs/12 total/187
[2026-05-19 23:50:05] [daily-review] ✅ 索引文件已更新
[2026-05-19 23:50:05] [daily-review] ✅ 索引文件已更新
[2026-05-19 23:50:05] [daily-review] ✅ 索引同步更新完成
[2026-05-19 23:50:05] [daily-review] ✅ 索引同步更新完成
[2026-05-19 23:50:05] [daily-review] 🧠 开始记忆同步更新...
[2026-05-19 23:50:05] [daily-review] 🧠 开始记忆同步更新...
[2026-05-19 23:50:05] [daily-review] 📅 今日记忆: 92行
[2026-05-19 23:50:05] [daily-review] 📅 今日记忆: 92行
[2026-05-19 23:50:05] [daily-review] ⚠️ MEMORY.md 今天未更新
[2026-05-19 23:50:05] [daily-review] ⚠️ MEMORY.md 今天未更新
[2026-05-19 23:50:05] [daily-review] ✅ 记忆同步更新完成
[2026-05-19 23:50:05] [daily-review] ✅ 记忆同步更新完成
[2026-05-19 23:50:05] [daily-review] 🔧 开始 Git 库整理...
[2026-05-19 23:50:05] [daily-review] 🔧 开始 Git 库整理...
[2026-05-19 23:50:05] [daily-review] ✅ 无未跟踪文件
[2026-05-19 23:50:05] [daily-review] ✅ 无未跟踪文件
[2026-05-19 23:50:05] [daily-review] ⚠️ 发现 4 个未暂存变更
[2026-05-19 23:50:05] [daily-review] ⚠️ 发现 4 个未暂存变更
[2026-05-19 23:50:05] [daily-review] 📊 最近 5 次提交:
[2026-05-19 23:50:05] [daily-review] 📊 最近 5 次提交:
[2026-05-19 23:50:05] [daily-review]   1ba3e7ac docs(xiaomijiao): 午间回顾 - 2026-05-19
[2026-05-19 23:50:05] [daily-review]   1ba3e7ac docs(xiaomijiao): 午间回顾 - 2026-05-19
[2026-05-19 23:50:05] [daily-review]   97279175 docs(xiaomijiao): 每日回顾 - 2026-05-18
[2026-05-19 23:50:05] [daily-review]   97279175 docs(xiaomijiao): 每日回顾 - 2026-05-18
[2026-05-19 23:50:05] [daily-review]   1d616c07 Day 49: 模型配置优化 + QQ Bot修复 + 多通道整理
[2026-05-19 23:50:05] [daily-review]   1d616c07 Day 49: 模型配置优化 + QQ Bot修复 + 多通道整理
[2026-05-19 23:50:05] [daily-review]   0c2fc1b1 docs(xiaomijiao): 午间回顾 - 2026-05-18
[2026-05-19 23:50:05] [daily-review]   0c2fc1b1 docs(xiaomijiao): 午间回顾 - 2026-05-18
[2026-05-19 23:50:05] [daily-review]   a0d28344 docs(xiaomijiao): 每日回顾 - 2026-05-17
[2026-05-19 23:50:05] [daily-review]   a0d28344 docs(xiaomijiao): 每日回顾 - 2026-05-17
[2026-05-19 23:50:05] [daily-review] ✅ Git 库整理完成
[2026-05-19 23:50:05] [daily-review] ✅ Git 库整理完成
[2026-05-19 23:50:05] [daily-review] 🔍 开始查漏补缺...
[2026-05-19 23:50:05] [daily-review] 🔍 开始查漏补缺...
[2026-05-19 23:50:05] [daily-review] 📋 待办事项: 8 项待处理
[2026-05-19 23:50:05] [daily-review] 📋 待办事项: 8 项待处理
[2026-05-19 23:50:05] [daily-review] 🔴 P0 任务: 6 项未完成
[2026-05-19 23:50:05] [daily-review] 🔴 P0 任务: 6 项未完成
[2026-05-19 23:50:05] [daily-review] ⚠️ 发现 61 个超过 3 天未更新的记忆文件
[2026-05-19 23:50:05] [daily-review] ⚠️ 发现 61 个超过 3 天未更新的记忆文件
[2026-05-19 23:50:05] [daily-review] ✅ 查漏补缺完成
[2026-05-19 23:50:05] [daily-review] ✅ 查漏补缺完成
[2026-05-19 23:50:05] [daily-review] ✅ Git 已提交
[2026-05-19 23:50:05] [daily-review] ✅ Git 已提交
[2026-05-19 23:50:05] [daily-review] ⚠️ 推送失败（网络？），下次重试
[2026-05-19 23:50:05] [daily-review] ⚠️ 推送失败（网络？），下次重试
[2026-05-19 23:50:05] [daily-review] 🔄 更新 QMD 向量索引...
[2026-05-19 23:50:05] [daily-review] 🔄 更新 QMD 向量索引...
[2026-05-19 23:50:05] [daily-review] ⚠️ qmd 未找到，跳过
[2026-05-19 23:50:05] [daily-review] ⚠️ qmd 未找到，跳过
[2026-05-19 23:50:05] [daily-review] ===== 每日运营回顾完成 =====
[2026-05-19 23:50:05] [daily-review] ===== 每日运营回顾完成 =====
[2026-05-20 12:00:02] [morning-review] ===== 午间运营回顾开始（12:00）=====
[2026-05-20 12:00:02] [morning-review] ===== 午间运营回顾开始（12:00）=====
[2026-05-20 12:00:02] [morning-review] 📝 创建今日记忆文件模板...
[2026-05-20 12:00:02] [morning-review] 📝 创建今日记忆文件模板...
[2026-05-20 12:00:02] [morning-review] ✅ 记忆模板已创建
[2026-05-20 12:00:02] [morning-review] ✅ 记忆模板已创建
[2026-05-20 12:00:02] [morning-review] 提取多通道聊天记录（2026-05-20）...
[2026-05-20 12:00:02] [morning-review] 提取多通道聊天记录（2026-05-20）...
[2026-05-20 12:00:04] [morning-review] - 消息数：28
[2026-05-20 12:00:04] [morning-review] - 消息数：28
[2026-05-20 12:00:04] [morning-review] [0;32m[SUCCESS][0m 对话记录已保存：/root/.openclaw/workspace/agents/xiaomijiao/memory/chat-2026-05-20.md
[2026-05-20 12:00:04] [morning-review] [0;32m[SUCCESS][0m 对话记录已保存：/root/.openclaw/workspace/agents/xiaomijiao/memory/chat-2026-05-20.md
[2026-05-20 12:00:04] [morning-review] 消息数： 28
[2026-05-20 12:00:04] [morning-review] 消息数： 28
[2026-05-20 12:00:04] [morning-review] [0;32m[SUCCESS][0m 多通道对话提取完成！🎉
[2026-05-20 12:00:04] [morning-review] [0;32m[SUCCESS][0m 多通道对话提取完成！🎉
[2026-05-20 12:00:04] [morning-review] 📊 变更统计: intel/2 memory/0 config/2
[2026-05-20 12:00:04] [morning-review] 📊 变更统计: intel/2 memory/0 config/2
[2026-05-20 12:00:04] [morning-review]   📄 "intel/346225260346215256345244215347233230.md"
[2026-05-20 12:00:04] [morning-review]   📄 "intel/346225260346215256345244215347233230.md"
[2026-05-20 12:00:04] [morning-review]   📄 "intel/347203255347202271351200211351242230.md"
[2026-05-20 12:00:04] [morning-review]   📄 "intel/347203255347202271351200211351242230.md"
[2026-05-20 12:00:04] [morning-review]   📄 logs/git.log
[2026-05-20 12:00:04] [morning-review]   📄 logs/git.log
[2026-05-20 12:00:04] [morning-review]   📄 logs/hotspot.log
[2026-05-20 12:00:04] [morning-review]   📄 logs/hotspot.log
[2026-05-20 12:00:04] [morning-review]   📄 logs/xiaomijiao-cron.log
[2026-05-20 12:00:04] [morning-review]   📄 logs/xiaomijiao-cron.log
[2026-05-20 12:00:04] [morning-review] 📋 待办进度: ✅6 完成 / ⏳8 待做
[2026-05-20 12:00:04] [morning-review] 📋 待办进度: ✅6 完成 / ⏳8 待做
[2026-05-20 12:00:04] [morning-review] 📚 开始知识库结构化整理...
[2026-05-20 12:00:04] [morning-review] 📚 开始知识库结构化整理...
[2026-05-20 12:00:04] [morning-review] 📊 intel/ 目录文件数: 112
[2026-05-20 12:00:04] [morning-review] 📊 intel/ 目录文件数: 112
[2026-05-20 12:00:04] [morning-review] ⚠️ 发现 103 个超过 7 天未更新的文件
[2026-05-20 12:00:04] [morning-review] ⚠️ 发现 103 个超过 7 天未更新的文件
[2026-05-20 12:00:05] [morning-review]   📄 工具与技能清单.md (超过 7 天)
[2026-05-20 12:00:05] [morning-review]   📄 工具与技能清单.md (超过 7 天)
[2026-05-20 12:00:05] [morning-review]   📄 办公室5分钟瑜伽.md (超过 7 天)
[2026-05-20 12:00:05] [morning-review]   📄 办公室5分钟瑜伽.md (超过 7 天)
[2026-05-20 12:00:05] [morning-review]   📄 商贸数据复盘_20260414.md (超过 7 天)
[2026-05-20 12:00:05] [morning-review]   📄 商贸数据复盘_20260414.md (超过 7 天)
[2026-05-20 12:00:05] [morning-review]   📄 公众号测评文章.md (超过 7 天)
[2026-05-20 12:00:05] [morning-review]   📄 公众号测评文章.md (超过 7 天)
[2026-05-20 12:00:05] [morning-review]   📄 首篇笔记内容-2026-04-09.md (超过 7 天)
[2026-05-20 12:00:05] [morning-review]   📄 首篇笔记内容-2026-04-09.md (超过 7 天)
[2026-05-20 12:00:05] [morning-review]   📄 私聊话术设计-2026-04-09.md (超过 7 天)
[2026-05-20 12:00:05] [morning-review]   📄 私聊话术设计-2026-04-09.md (超过 7 天)
[2026-05-20 12:00:05] [morning-review]   📄 日常运营知识库.md (超过 7 天)
[2026-05-20 12:00:05] [morning-review]   📄 日常运营知识库.md (超过 7 天)
[2026-05-20 12:00:05] [morning-review]   📄 Public-APIs-RAKE-关键词提取API调研.md (超过 7 天)
[2026-05-20 12:00:05] [morning-review]   📄 Public-APIs-RAKE-关键词提取API调研.md (超过 7 天)
[2026-05-20 12:00:05] [morning-review]   📄 2026-04-23-午间回顾.md (超过 7 天)
[2026-05-20 12:00:05] [morning-review]   📄 2026-04-23-午间回顾.md (超过 7 天)
[2026-05-20 12:00:05] [morning-review]   📄 URL-Shortener-短链接生成API-链接优化工具.md (超过 7 天)
[2026-05-20 12:00:05] [morning-review]   📄 URL-Shortener-短链接生成API-链接优化工具.md (超过 7 天)
[2026-05-20 12:00:05] [morning-review]   📄 2026-04-15-午间回顾.md (超过 7 天)
[2026-05-20 12:00:05] [morning-review]   📄 2026-04-15-午间回顾.md (超过 7 天)
[2026-05-20 12:00:05] [morning-review]   📄 商贸模式状态更新.md (超过 7 天)
[2026-05-20 12:00:05] [morning-review]   📄 商贸模式状态更新.md (超过 7 天)
[2026-05-20 12:00:05] [morning-review]   📄 NumPy-数值计算库-基础工具.md (超过 7 天)
[2026-05-20 12:00:05] [morning-review]   📄 NumPy-数值计算库-基础工具.md (超过 7 天)
[2026-05-20 12:00:05] [morning-review]   📄 2026-04-30-午间回顾.md (超过 7 天)
[2026-05-20 12:00:05] [morning-review]   📄 2026-04-30-午间回顾.md (超过 7 天)
[2026-05-20 12:00:05] [morning-review]   📄 小米椒出海方案.md (超过 7 天)
[2026-05-20 12:00:05] [morning-review]   📄 小米椒出海方案.md (超过 7 天)
[2026-05-20 12:00:05] [morning-review]   📄 QR-Code-二维码生成API-推广工具.md (超过 7 天)
[2026-05-20 12:00:05] [morning-review]   📄 QR-Code-二维码生成API-推广工具.md (超过 7 天)
[2026-05-20 12:00:05] [morning-review]   📄 Public-APIs-Poof-背景移除API调研.md (超过 7 天)
[2026-05-20 12:00:05] [morning-review]   📄 Public-APIs-Poof-背景移除API调研.md (超过 7 天)
[2026-05-20 12:00:05] [morning-review]   📄 今日回顾_2026-04-09.md (超过 7 天)
[2026-05-20 12:00:05] [morning-review]   📄 今日回顾_2026-04-09.md (超过 7 天)
[2026-05-20 12:00:05] [morning-review]   📄 Public-APIs-APITubeNews-热点采集API调研.md (超过 7 天)
[2026-05-20 12:00:05] [morning-review]   📄 Public-APIs-APITubeNews-热点采集API调研.md (超过 7 天)
[2026-05-20 12:00:05] [morning-review]   📄 2026-05-05完整复盘.md (超过 7 天)
[2026-05-20 12:00:05] [morning-review]   📄 2026-05-05完整复盘.md (超过 7 天)
[2026-05-20 12:00:05] [morning-review]   📄 2026-05-02-午间回顾.md (超过 7 天)
[2026-05-20 12:00:05] [morning-review]   📄 2026-05-02-午间回顾.md (超过 7 天)
[2026-05-20 12:00:05] [morning-review]   📄 1688供应商筛选标准.md (超过 7 天)
[2026-05-20 12:00:05] [morning-review]   📄 1688供应商筛选标准.md (超过 7 天)
[2026-05-20 12:00:05] [morning-review]   📄 Text-Summarization-文本摘要API-内容提炼工具.md (超过 7 天)
[2026-05-20 12:00:05] [morning-review]   📄 Text-Summarization-文本摘要API-内容提炼工具.md (超过 7 天)
[2026-05-20 12:00:05] [morning-review]   📄 Public-APIs-新媒体运营资源.md (超过 7 天)
[2026-05-20 12:00:05] [morning-review]   📄 Public-APIs-新媒体运营资源.md (超过 7 天)
[2026-05-20 12:00:05] [morning-review]   📄 OpenClaw-3.22安全加固指南.md (超过 7 天)
[2026-05-20 12:00:05] [morning-review]   📄 OpenClaw-3.22安全加固指南.md (超过 7 天)
[2026-05-20 12:00:05] [morning-review]   📄 xiaohongshu-ops-完整优化方案.md (超过 7 天)
[2026-05-20 12:00:05] [morning-review]   📄 xiaohongshu-ops-完整优化方案.md (超过 7 天)
[2026-05-20 12:00:05] [morning-review]   📄 选题灵感.md (超过 7 天)
[2026-05-20 12:00:05] [morning-review]   📄 选题灵感.md (超过 7 天)
[2026-05-20 12:00:05] [morning-review]   📄 Public-APIs-ShotOG-封面生成API调研.md (超过 7 天)
[2026-05-20 12:00:05] [morning-review]   📄 Public-APIs-ShotOG-封面生成API调研.md (超过 7 天)
[2026-05-20 12:00:05] [morning-review]   📄 Public-APIs-Meteoblue-天气选题API调研.md (超过 7 天)
[2026-05-20 12:00:05] [morning-review]   📄 Public-APIs-Meteoblue-天气选题API调研.md (超过 7 天)
[2026-05-20 12:00:05] [morning-review]   📄 商贸模式使用说明.md (超过 7 天)
[2026-05-20 12:00:05] [morning-review]   📄 商贸模式使用说明.md (超过 7 天)
[2026-05-20 12:00:05] [morning-review]   📄 2026-04-19-午间回顾.md (超过 7 天)
[2026-05-20 12:00:05] [morning-review]   📄 2026-04-19-午间回顾.md (超过 7 天)
[2026-05-20 12:00:05] [morning-review]   📄 商贸系统化落地方案.md (超过 7 天)
[2026-05-20 12:00:05] [morning-review]   📄 商贸系统化落地方案.md (超过 7 天)
[2026-05-20 12:00:05] [morning-review]   📄 MoviePy-视频处理库-视频编辑工具.md (超过 7 天)
[2026-05-20 12:00:05] [morning-review]   📄 MoviePy-视频处理库-视频编辑工具.md (超过 7 天)
[2026-05-20 12:00:05] [morning-review]   📄 2026-04-20-午间回顾.md (超过 7 天)
[2026-05-20 12:00:05] [morning-review]   📄 2026-04-20-午间回顾.md (超过 7 天)
[2026-05-20 12:00:05] [morning-review]   📄 Public-APIs-ImageCompressor-图片压缩API调研.md (超过 7 天)
[2026-05-20 12:00:05] [morning-review]   📄 Public-APIs-ImageCompressor-图片压缩API调研.md (超过 7 天)
[2026-05-20 12:00:05] [morning-review]   📄 小米椒商贸定价与成本计算方案.md (超过 7 天)
[2026-05-20 12:00:05] [morning-review]   📄 小米椒商贸定价与成本计算方案.md (超过 7 天)
[2026-05-20 12:00:05] [morning-review]   📄 1688-供应商对比报告.md (超过 7 天)
[2026-05-20 12:00:05] [morning-review]   📄 1688-供应商对比报告.md (超过 7 天)
[2026-05-20 12:00:05] [morning-review]   📄 明日选题预研.md (超过 7 天)
[2026-05-20 12:00:05] [morning-review]   📄 明日选题预研.md (超过 7 天)
[2026-05-20 12:00:05] [morning-review]   📄 索引.md (超过 7 天)
[2026-05-20 12:00:05] [morning-review]   📄 索引.md (超过 7 天)
[2026-05-20 12:00:05] [morning-review]   📄 商贸模式常用操作.md (超过 7 天)
[2026-05-20 12:00:05] [morning-review]   📄 商贸模式常用操作.md (超过 7 天)
[2026-05-20 12:00:05] [morning-review]   📄 淘宝API验证计划.md (超过 7 天)
[2026-05-20 12:00:05] [morning-review]   📄 淘宝API验证计划.md (超过 7 天)
[2026-05-20 12:00:05] [morning-review]   📄 模型切换方案-百炼主线-v2.md (超过 7 天)
[2026-05-20 12:00:05] [morning-review]   📄 模型切换方案-百炼主线-v2.md (超过 7 天)
[2026-05-20 12:00:05] [morning-review]   📄 推荐工作-闲鱼一件代发.md (超过 7 天)
[2026-05-20 12:00:05] [morning-review]   📄 推荐工作-闲鱼一件代发.md (超过 7 天)
[2026-05-20 12:00:05] [morning-review]   📄 百炼模型配置方案.md (超过 7 天)
[2026-05-20 12:00:05] [morning-review]   📄 百炼模型配置方案.md (超过 7 天)
[2026-05-20 12:00:05] [morning-review]   📄 公众号运营策略.md (超过 7 天)
[2026-05-20 12:00:05] [morning-review]   📄 公众号运营策略.md (超过 7 天)
[2026-05-20 12:00:05] [morning-review]   📄 系统架构知识库.md (超过 7 天)
[2026-05-20 12:00:05] [morning-review]   📄 系统架构知识库.md (超过 7 天)
[2026-05-20 12:00:05] [morning-review]   📄 P1-助眠好物框架.md (超过 7 天)
[2026-05-20 12:00:05] [morning-review]   📄 P1-助眠好物框架.md (超过 7 天)
[2026-05-20 12:00:05] [morning-review]   📄 Requests-HTTP请求库-API调用工具.md (超过 7 天)
[2026-05-20 12:00:05] [morning-review]   📄 Requests-HTTP请求库-API调用工具.md (超过 7 天)
[2026-05-20 12:00:05] [morning-review]   📄 模型切换方案-百炼主线.md (超过 7 天)
[2026-05-20 12:00:05] [morning-review]   📄 模型切换方案-百炼主线.md (超过 7 天)
[2026-05-20 12:00:05] [morning-review]   📄 小米椒客户开发实战方案.md (超过 7 天)
[2026-05-20 12:00:05] [morning-review]   📄 小米椒客户开发实战方案.md (超过 7 天)
[2026-05-20 12:00:05] [morning-review]   📄 小红书选题清单-2026-04-09.md (超过 7 天)
[2026-05-20 12:00:05] [morning-review]   📄 小红书选题清单-2026-04-09.md (超过 7 天)
[2026-05-20 12:00:05] [morning-review]   📄 小米椒商贸出海定制方案.md (超过 7 天)
[2026-05-20 12:00:05] [morning-review]   📄 小米椒商贸出海定制方案.md (超过 7 天)
[2026-05-20 12:00:05] [morning-review]   📄 Qwen3.6-Plus免费使用指南.md (超过 7 天)
[2026-05-20 12:00:05] [morning-review]   📄 Qwen3.6-Plus免费使用指南.md (超过 7 天)
[2026-05-20 12:00:05] [morning-review]   📄 公众号转型思路.md (超过 7 天)
[2026-05-20 12:00:05] [morning-review]   📄 公众号转型思路.md (超过 7 天)
[2026-05-20 12:00:05] [morning-review]   📄 Public-APIs-ImageCompressor集成说明.md (超过 7 天)
[2026-05-20 12:00:05] [morning-review]   📄 Public-APIs-ImageCompressor集成说明.md (超过 7 天)
[2026-05-20 12:00:05] [morning-review]   📄 公众号文章清单.md (超过 7 天)
[2026-05-20 12:00:05] [morning-review]   📄 公众号文章清单.md (超过 7 天)
[2026-05-20 12:00:05] [morning-review]   📄 FFmpeg-视频处理工具-命令行视频编辑器.md (超过 7 天)
[2026-05-20 12:00:05] [morning-review]   📄 FFmpeg-视频处理工具-命令行视频编辑器.md (超过 7 天)
[2026-05-20 12:00:05] [morning-review]   📄 xiaohongshu-ops-商贸优化-P1P2方案.md (超过 7 天)
[2026-05-20 12:00:05] [morning-review]   📄 xiaohongshu-ops-商贸优化-P1P2方案.md (超过 7 天)
[2026-05-20 12:00:05] [morning-review]   📄 LongCat模型配置知识库.md (超过 7 天)
[2026-05-20 12:00:05] [morning-review]   📄 LongCat模型配置知识库.md (超过 7 天)
[2026-05-20 12:00:05] [morning-review]   📄 商贸数据复盘_20260424.md (超过 7 天)
[2026-05-20 12:00:05] [morning-review]   📄 商贸数据复盘_20260424.md (超过 7 天)
[2026-05-20 12:00:05] [morning-review]   📄 BeautifulSoup-HTML解析库-网页抓取工具.md (超过 7 天)
[2026-05-20 12:00:05] [morning-review]   📄 BeautifulSoup-HTML解析库-网页抓取工具.md (超过 7 天)
[2026-05-20 12:00:05] [morning-review]   📄 结构化整理报告-2026-04-11.md (超过 7 天)
[2026-05-20 12:00:05] [morning-review]   📄 结构化整理报告-2026-04-11.md (超过 7 天)
[2026-05-20 12:00:05] [morning-review]   📄 2026-05-01-午间回顾.md (超过 7 天)
[2026-05-20 12:00:05] [morning-review]   📄 2026-05-01-午间回顾.md (超过 7 天)
[2026-05-20 12:00:05] [morning-review]   📄 小红书文章清单_综合版.md (超过 7 天)
[2026-05-20 12:00:05] [morning-review]   📄 小红书文章清单_综合版.md (超过 7 天)
[2026-05-20 12:00:05] [morning-review]   📄 运营待办.md (超过 7 天)
[2026-05-20 12:00:05] [morning-review]   📄 运营待办.md (超过 7 天)
[2026-05-20 12:00:05] [morning-review]   📄 内容初稿.md (超过 7 天)
[2026-05-20 12:00:05] [morning-review]   📄 内容初稿.md (超过 7 天)
[2026-05-20 12:00:05] [morning-review]   📄 2026-04-22-午间回顾.md (超过 7 天)
[2026-05-20 12:00:05] [morning-review]   📄 2026-04-22-午间回顾.md (超过 7 天)
[2026-05-20 12:00:05] [morning-review]   📄 2026-04-24-午间回顾.md (超过 7 天)
[2026-05-20 12:00:05] [morning-review]   📄 2026-04-24-午间回顾.md (超过 7 天)
[2026-05-20 12:00:05] [morning-review]   📄 知识库索引.md (超过 7 天)
[2026-05-20 12:00:05] [morning-review]   📄 知识库索引.md (超过 7 天)
[2026-05-20 12:00:05] [morning-review]   📄 选品调研.md (超过 7 天)
[2026-05-20 12:00:05] [morning-review]   📄 选品调研.md (超过 7 天)
[2026-05-20 12:00:05] [morning-review]   📄 OpenClaw自主进化指南.md (超过 7 天)
[2026-05-20 12:00:05] [morning-review]   📄 OpenClaw自主进化指南.md (超过 7 天)
[2026-05-20 12:00:05] [morning-review]   📄 每日晚间回顾报告-2026-04-02.md (超过 7 天)
[2026-05-20 12:00:05] [morning-review]   📄 每日晚间回顾报告-2026-04-02.md (超过 7 天)
[2026-05-20 12:00:05] [morning-review]   📄 每日晚间回顾报告-2026-03-27.md (超过 7 天)
[2026-05-20 12:00:05] [morning-review]   📄 每日晚间回顾报告-2026-03-27.md (超过 7 天)
[2026-05-20 12:00:05] [morning-review]   📄 视频脚本-蒸汽眼罩-20260401.md (超过 7 天)
[2026-05-20 12:00:05] [morning-review]   📄 视频脚本-蒸汽眼罩-20260401.md (超过 7 天)
[2026-05-20 12:00:05] [morning-review]   📄 Public-APIs-新媒体运营资源-最终版.md (超过 7 天)
[2026-05-20 12:00:05] [morning-review]   📄 Public-APIs-新媒体运营资源-最终版.md (超过 7 天)
[2026-05-20 12:00:05] [morning-review]   📄 memory-lessons-2026-03.md (超过 7 天)
[2026-05-20 12:00:05] [morning-review]   📄 memory-lessons-2026-03.md (超过 7 天)
[2026-05-20 12:00:05] [morning-review]   📄 内容初稿-蒸汽眼罩-20260401.md (超过 7 天)
[2026-05-20 12:00:05] [morning-review]   📄 内容初稿-蒸汽眼罩-20260401.md (超过 7 天)
[2026-05-20 12:00:05] [morning-review]   📄 每日午间回顾报告-2026-03-30.md (超过 7 天)
[2026-05-20 12:00:05] [morning-review]   📄 每日午间回顾报告-2026-03-30.md (超过 7 天)
[2026-05-20 12:00:05] [morning-review]   📄 深度回顾报告-2026-04-01.md (超过 7 天)
[2026-05-20 12:00:05] [morning-review]   📄 深度回顾报告-2026-04-01.md (超过 7 天)
[2026-05-20 12:00:05] [morning-review]   📄 Public-APIs-新媒体运营资源-v2.0.md (超过 7 天)
[2026-05-20 12:00:05] [morning-review]   📄 Public-APIs-新媒体运营资源-v2.0.md (超过 7 天)
[2026-05-20 12:00:05] [morning-review]   📄 每日晚间回顾报告-2026-04-03.md (超过 7 天)
[2026-05-20 12:00:05] [morning-review]   📄 每日晚间回顾报告-2026-04-03.md (超过 7 天)
[2026-05-20 12:00:05] [morning-review]   📄 内容初稿-2026-04-01.md (超过 7 天)
[2026-05-20 12:00:05] [morning-review]   📄 内容初稿-2026-04-01.md (超过 7 天)
[2026-05-20 12:00:05] [morning-review]   📄 每日晚间回顾报告-2026-04-01.md (超过 7 天)
[2026-05-20 12:00:05] [morning-review]   📄 每日晚间回顾报告-2026-04-01.md (超过 7 天)
[2026-05-20 12:00:05] [morning-review]   📄 每日晚间回顾报告-2026-03-30.md (超过 7 天)
[2026-05-20 12:00:05] [morning-review]   📄 每日晚间回顾报告-2026-03-30.md (超过 7 天)
[2026-05-20 12:00:05] [morning-review]   📄 每日午间回顾报告-2026-04-01.md (超过 7 天)
[2026-05-20 12:00:05] [morning-review]   📄 每日午间回顾报告-2026-04-01.md (超过 7 天)
[2026-05-20 12:00:05] [morning-review]   📄 每日晚间回顾报告-2026-04-04.md (超过 7 天)
[2026-05-20 12:00:05] [morning-review]   📄 每日晚间回顾报告-2026-04-04.md (超过 7 天)
[2026-05-20 12:00:05] [morning-review]   📄 视频脚本-蒸汽眼罩-种草版-20260401.md (超过 7 天)
[2026-05-20 12:00:05] [morning-review]   📄 视频脚本-蒸汽眼罩-种草版-20260401.md (超过 7 天)
[2026-05-20 12:00:05] [morning-review]   📄 小红书文章清单_瑜伽版.md (超过 7 天)
[2026-05-20 12:00:05] [morning-review]   📄 小红书文章清单_瑜伽版.md (超过 7 天)
[2026-05-20 12:00:05] [morning-review]   📄 小红书文章清单.md (超过 7 天)
[2026-05-20 12:00:05] [morning-review]   📄 小红书文章清单.md (超过 7 天)
[2026-05-20 12:00:05] [morning-review]   📄 每日午间回顾报告-2026-04-21.md (超过 7 天)
[2026-05-20 12:00:05] [morning-review]   📄 每日午间回顾报告-2026-04-21.md (超过 7 天)
[2026-05-20 12:00:05] [morning-review]   📄 2026-04-26-午间回顾.md (超过 7 天)
[2026-05-20 12:00:05] [morning-review]   📄 2026-04-26-午间回顾.md (超过 7 天)
[2026-05-20 12:00:05] [morning-review]   📄 Public-APIs-Pandas-数据分析API调研.md (超过 7 天)
[2026-05-20 12:00:05] [morning-review]   📄 Public-APIs-Pandas-数据分析API调研.md (超过 7 天)
[2026-05-20 12:00:05] [morning-review]   📄 技能知识库.md (超过 7 天)
[2026-05-20 12:00:05] [morning-review]   📄 技能知识库.md (超过 7 天)
[2026-05-20 12:00:05] [morning-review]   📄 办公室瑜伽完全指南.md (超过 7 天)
[2026-05-20 12:00:05] [morning-review]   📄 办公室瑜伽完全指南.md (超过 7 天)
[2026-05-20 12:00:05] [morning-review]   📄 品牌过往爆款.md (超过 7 天)
[2026-05-20 12:00:05] [morning-review]   📄 品牌过往爆款.md (超过 7 天)
[2026-05-20 12:00:05] [morning-review]   📄 路径规划-1688小红书闲鱼.md (超过 7 天)
[2026-05-20 12:00:05] [morning-review]   📄 路径规划-1688小红书闲鱼.md (超过 7 天)
[2026-05-20 12:00:05] [morning-review]   📄 小红书运营知识库.md (超过 7 天)
[2026-05-20 12:00:05] [morning-review]   📄 小红书运营知识库.md (超过 7 天)
[2026-05-20 12:00:05] [morning-review]   📄 闲鱼上架清单-2026-04-09.md (超过 7 天)
[2026-05-20 12:00:05] [morning-review]   📄 闲鱼上架清单-2026-04-09.md (超过 7 天)
[2026-05-20 12:00:05] [morning-review]   📄 2026-04-15-系统状态检查.md (超过 7 天)
[2026-05-20 12:00:05] [morning-review]   📄 2026-04-15-系统状态检查.md (超过 7 天)
[2026-05-20 12:00:05] [morning-review]   📄 2026-04-28-午间回顾.md (超过 7 天)
[2026-05-20 12:00:05] [morning-review]   📄 2026-04-28-午间回顾.md (超过 7 天)
[2026-05-20 12:00:05] [morning-review]   📄 Public-APIs-Plotly-数据可视化API调研.md (超过 7 天)
[2026-05-20 12:00:05] [morning-review]   📄 Public-APIs-Plotly-数据可视化API调研.md (超过 7 天)
[2026-05-20 12:00:05] [morning-review]   📄 Public-APIs-VADER-情感分析API调研.md (超过 7 天)
[2026-05-20 12:00:05] [morning-review]   📄 Public-APIs-VADER-情感分析API调研.md (超过 7 天)
[2026-05-20 12:00:05] [morning-review]   📄 xiaohongshu-ops-商贸优化方案.md (超过 7 天)
[2026-05-20 12:00:05] [morning-review]   📄 xiaohongshu-ops-商贸优化方案.md (超过 7 天)
[2026-05-20 12:00:05] [morning-review] ✅ 无重复文件
[2026-05-20 12:00:05] [morning-review] ✅ 无重复文件
[2026-05-20 12:00:05] [morning-review] ✅ 知识库结构化整理完成
[2026-05-20 12:00:05] [morning-review] ✅ 知识库结构化整理完成
[2026-05-20 12:00:05] [morning-review] 📋 开始索引同步更新...
[2026-05-20 12:00:05] [morning-review] 📋 开始索引同步更新...
[2026-05-20 12:00:05] [morning-review] 📊 文件统计: intel/112 memory/67 logs/12 total/191
[2026-05-20 12:00:05] [morning-review] 📊 文件统计: intel/112 memory/67 logs/12 total/191
[2026-05-20 12:00:05] [morning-review] ✅ 索引文件已更新
[2026-05-20 12:00:05] [morning-review] ✅ 索引文件已更新
[2026-05-20 12:00:05] [morning-review] ✅ 索引同步更新完成
[2026-05-20 12:00:05] [morning-review] ✅ 索引同步更新完成
[2026-05-20 12:00:06] [morning-review] ✅ Git 已提交
[2026-05-20 12:00:06] [morning-review] ✅ Git 已提交
[2026-05-20 12:00:06] [morning-review] ⚠️ 推送失败（网络？），下次重试
[2026-05-20 12:00:06] [morning-review] ⚠️ 推送失败（网络？），下次重试
[2026-05-20 12:00:06] [morning-review] 🔄 更新 QMD 向量索引...
[2026-05-20 12:00:06] [morning-review] 🔄 更新 QMD 向量索引...
[2026-05-20 12:00:06] [morning-review] ⚠️ qmd 未找到，跳过
[2026-05-20 12:00:06] [morning-review] ⚠️ qmd 未找到，跳过
[2026-05-20 12:00:06] [morning-review] ===== 午间运营回顾完成 =====
[2026-05-20 12:00:06] [morning-review] ===== 午间运营回顾完成 =====
[2026-05-20 16:41:31] [morning-review] ===== 午间运营回顾开始（16:41）=====
[2026-05-20 16:41:31] [morning-review] 📅 今日记忆文件: 84行
[2026-05-20 16:41:31] [morning-review] 提取多通道聊天记录（2026-05-20）...
[2026-05-20 16:41:33] [morning-review] - 消息数：280
[2026-05-20 16:41:33] [morning-review] [0;32m[SUCCESS][0m 对话记录已保存：/root/.openclaw/workspace/agents/xiaomijiao/memory/chat-2026-05-20.md
[2026-05-20 16:41:33] [morning-review] 消息数： 633
[2026-05-20 16:41:33] [morning-review] [0;32m[SUCCESS][0m 多通道对话提取完成！🎉
[2026-05-20 16:41:33] [morning-review] 📊 变更统计: intel/1 memory/5 config/9
[2026-05-20 16:41:33] [morning-review]   📄 AGENTS.md
[2026-05-20 16:41:33] [morning-review]   📄 MEMORY.md
[2026-05-20 16:41:33] [morning-review]   📄 agents/xiaomijiao/memory/chat-2026-05-20.md
[2026-05-20 16:41:33] [morning-review]   📄 "intel/345205254344274227345217267346226207347253240346270205345215225.md"
[2026-05-20 16:41:33] [morning-review]   📄 "knowledge-base/reviews/346257217346227245346231232351227264345233236351241276346212245345221212-2026-04-29.md"
[2026-05-20 16:41:33] [morning-review]   📄 logs/git.log
[2026-05-20 16:41:33] [morning-review]   📄 logs/wechat-publish.log
[2026-05-20 16:41:33] [morning-review]   📄 logs/xiaomijiao-cron.log
[2026-05-20 16:41:33] [morning-review]   📄 memory/.dreams/events.jsonl
[2026-05-20 16:41:33] [morning-review]   📄 memory/.dreams/short-term-recall.json
[2026-05-20 16:41:33] [morning-review]   📄 memory/2026-04-29.md
[2026-05-20 16:41:33] [morning-review]   📄 memory/2026-05-20.md
[2026-05-20 16:41:33] [morning-review]   📄 memory/weekly-2026-05-01.md
[2026-05-20 16:41:33] [morning-review]   📄 openclaw-skills
[2026-05-20 16:41:33] [morning-review]   📄 scripts/xiaomijiao-cron.sh
[2026-05-20 16:41:33] [morning-review] 📋 待办进度: ✅6 完成 / ⏳8 待做
[2026-05-20 16:41:33] [morning-review] 📚 开始知识库结构化整理...
[2026-05-20 16:41:33] [morning-review] 📊 intel/ 目录文件数: 118
[2026-05-20 16:41:33] [morning-review] ⚠️ 发现 102 个超过 7 天未更新的文件
[2026-05-20 16:41:33] [morning-review]   📄 工具与技能清单.md (超过 7 天)
[2026-05-20 16:41:33] [morning-review]   📄 办公室5分钟瑜伽.md (超过 7 天)
[2026-05-20 16:41:33] [morning-review]   📄 商贸数据复盘_20260414.md (超过 7 天)
[2026-05-20 16:41:33] [morning-review]   📄 公众号测评文章.md (超过 7 天)
[2026-05-20 16:41:33] [morning-review]   📄 首篇笔记内容-2026-04-09.md (超过 7 天)
[2026-05-20 16:41:33] [morning-review]   📄 私聊话术设计-2026-04-09.md (超过 7 天)
[2026-05-20 16:41:34] [morning-review]   📄 日常运营知识库.md (超过 7 天)
[2026-05-20 16:41:34] [morning-review]   📄 Public-APIs-RAKE-关键词提取API调研.md (超过 7 天)
[2026-05-20 16:41:34] [morning-review]   📄 2026-04-23-午间回顾.md (超过 7 天)
[2026-05-20 16:41:34] [morning-review]   📄 URL-Shortener-短链接生成API-链接优化工具.md (超过 7 天)
[2026-05-20 16:41:34] [morning-review]   📄 2026-04-15-午间回顾.md (超过 7 天)
[2026-05-20 16:41:34] [morning-review]   📄 商贸模式状态更新.md (超过 7 天)
[2026-05-20 16:41:34] [morning-review]   📄 NumPy-数值计算库-基础工具.md (超过 7 天)
[2026-05-20 16:41:34] [morning-review]   📄 2026-04-30-午间回顾.md (超过 7 天)
[2026-05-20 16:41:34] [morning-review]   📄 小米椒出海方案.md (超过 7 天)
[2026-05-20 16:41:34] [morning-review]   📄 QR-Code-二维码生成API-推广工具.md (超过 7 天)
[2026-05-20 16:41:34] [morning-review]   📄 Public-APIs-Poof-背景移除API调研.md (超过 7 天)
[2026-05-20 16:41:34] [morning-review]   📄 今日回顾_2026-04-09.md (超过 7 天)
[2026-05-20 16:41:34] [morning-review]   📄 Public-APIs-APITubeNews-热点采集API调研.md (超过 7 天)
[2026-05-20 16:41:34] [morning-review]   📄 2026-05-05完整复盘.md (超过 7 天)
[2026-05-20 16:41:34] [morning-review]   📄 2026-05-02-午间回顾.md (超过 7 天)
[2026-05-20 16:41:34] [morning-review]   📄 1688供应商筛选标准.md (超过 7 天)
[2026-05-20 16:41:34] [morning-review]   📄 Text-Summarization-文本摘要API-内容提炼工具.md (超过 7 天)
[2026-05-20 16:41:34] [morning-review]   📄 Public-APIs-新媒体运营资源.md (超过 7 天)
[2026-05-20 16:41:34] [morning-review]   📄 OpenClaw-3.22安全加固指南.md (超过 7 天)
[2026-05-20 16:41:34] [morning-review]   📄 xiaohongshu-ops-完整优化方案.md (超过 7 天)
[2026-05-20 16:41:34] [morning-review]   📄 选题灵感.md (超过 7 天)
[2026-05-20 16:41:34] [morning-review]   📄 Public-APIs-ShotOG-封面生成API调研.md (超过 7 天)
[2026-05-20 16:41:34] [morning-review]   📄 Public-APIs-Meteoblue-天气选题API调研.md (超过 7 天)
[2026-05-20 16:41:34] [morning-review]   📄 商贸模式使用说明.md (超过 7 天)
[2026-05-20 16:41:34] [morning-review]   📄 2026-04-19-午间回顾.md (超过 7 天)
[2026-05-20 16:41:34] [morning-review]   📄 商贸系统化落地方案.md (超过 7 天)
[2026-05-20 16:41:34] [morning-review]   📄 MoviePy-视频处理库-视频编辑工具.md (超过 7 天)
[2026-05-20 16:41:34] [morning-review]   📄 2026-04-20-午间回顾.md (超过 7 天)
[2026-05-20 16:41:34] [morning-review]   📄 Public-APIs-ImageCompressor-图片压缩API调研.md (超过 7 天)
[2026-05-20 16:41:34] [morning-review]   📄 小米椒商贸定价与成本计算方案.md (超过 7 天)
[2026-05-20 16:41:34] [morning-review]   📄 1688-供应商对比报告.md (超过 7 天)
[2026-05-20 16:41:34] [morning-review]   📄 明日选题预研.md (超过 7 天)
[2026-05-20 16:41:34] [morning-review]   📄 索引.md (超过 7 天)
[2026-05-20 16:41:34] [morning-review]   📄 商贸模式常用操作.md (超过 7 天)
[2026-05-20 16:41:34] [morning-review]   📄 淘宝API验证计划.md (超过 7 天)
[2026-05-20 16:41:34] [morning-review]   📄 模型切换方案-百炼主线-v2.md (超过 7 天)
[2026-05-20 16:41:34] [morning-review]   📄 推荐工作-闲鱼一件代发.md (超过 7 天)
[2026-05-20 16:41:34] [morning-review]   📄 百炼模型配置方案.md (超过 7 天)
[2026-05-20 16:41:34] [morning-review]   📄 公众号运营策略.md (超过 7 天)
[2026-05-20 16:41:34] [morning-review]   📄 系统架构知识库.md (超过 7 天)
[2026-05-20 16:41:34] [morning-review]   📄 P1-助眠好物框架.md (超过 7 天)
[2026-05-20 16:41:34] [morning-review]   📄 Requests-HTTP请求库-API调用工具.md (超过 7 天)
[2026-05-20 16:41:34] [morning-review]   📄 模型切换方案-百炼主线.md (超过 7 天)
[2026-05-20 16:41:34] [morning-review]   📄 小米椒客户开发实战方案.md (超过 7 天)
[2026-05-20 16:41:34] [morning-review]   📄 小红书选题清单-2026-04-09.md (超过 7 天)
[2026-05-20 16:41:34] [morning-review]   📄 小米椒商贸出海定制方案.md (超过 7 天)
[2026-05-20 16:41:34] [morning-review]   📄 Qwen3.6-Plus免费使用指南.md (超过 7 天)
[2026-05-20 16:41:34] [morning-review]   📄 公众号转型思路.md (超过 7 天)
[2026-05-20 16:41:34] [morning-review]   📄 Public-APIs-ImageCompressor集成说明.md (超过 7 天)
[2026-05-20 16:41:34] [morning-review]   📄 FFmpeg-视频处理工具-命令行视频编辑器.md (超过 7 天)
[2026-05-20 16:41:34] [morning-review]   📄 xiaohongshu-ops-商贸优化-P1P2方案.md (超过 7 天)
[2026-05-20 16:41:34] [morning-review]   📄 LongCat模型配置知识库.md (超过 7 天)
[2026-05-20 16:41:34] [morning-review]   📄 商贸数据复盘_20260424.md (超过 7 天)
[2026-05-20 16:41:34] [morning-review]   📄 BeautifulSoup-HTML解析库-网页抓取工具.md (超过 7 天)
[2026-05-20 16:41:34] [morning-review]   📄 结构化整理报告-2026-04-11.md (超过 7 天)
[2026-05-20 16:41:34] [morning-review]   📄 2026-05-01-午间回顾.md (超过 7 天)
[2026-05-20 16:41:34] [morning-review]   📄 小红书文章清单_综合版.md (超过 7 天)
[2026-05-20 16:41:34] [morning-review]   📄 运营待办.md (超过 7 天)
[2026-05-20 16:41:34] [morning-review]   📄 内容初稿.md (超过 7 天)
[2026-05-20 16:41:34] [morning-review]   📄 2026-04-22-午间回顾.md (超过 7 天)
[2026-05-20 16:41:34] [morning-review]   📄 2026-04-24-午间回顾.md (超过 7 天)
[2026-05-20 16:41:34] [morning-review]   📄 知识库索引.md (超过 7 天)
[2026-05-20 16:41:34] [morning-review]   📄 选品调研.md (超过 7 天)
[2026-05-20 16:41:34] [morning-review]   📄 OpenClaw自主进化指南.md (超过 7 天)
[2026-05-20 16:41:34] [morning-review]   📄 每日晚间回顾报告-2026-04-02.md (超过 7 天)
[2026-05-20 16:41:34] [morning-review]   📄 每日晚间回顾报告-2026-03-27.md (超过 7 天)
[2026-05-20 16:41:34] [morning-review]   📄 视频脚本-蒸汽眼罩-20260401.md (超过 7 天)
[2026-05-20 16:41:34] [morning-review]   📄 Public-APIs-新媒体运营资源-最终版.md (超过 7 天)
[2026-05-20 16:41:34] [morning-review]   📄 memory-lessons-2026-03.md (超过 7 天)
[2026-05-20 16:41:34] [morning-review]   📄 内容初稿-蒸汽眼罩-20260401.md (超过 7 天)
[2026-05-20 16:41:34] [morning-review]   📄 每日午间回顾报告-2026-03-30.md (超过 7 天)
[2026-05-20 16:41:34] [morning-review]   📄 深度回顾报告-2026-04-01.md (超过 7 天)
[2026-05-20 16:41:34] [morning-review]   📄 Public-APIs-新媒体运营资源-v2.0.md (超过 7 天)
[2026-05-20 16:41:34] [morning-review]   📄 每日晚间回顾报告-2026-04-03.md (超过 7 天)
[2026-05-20 16:41:34] [morning-review]   📄 内容初稿-2026-04-01.md (超过 7 天)
[2026-05-20 16:41:34] [morning-review]   📄 每日晚间回顾报告-2026-04-01.md (超过 7 天)
[2026-05-20 16:41:34] [morning-review]   📄 每日晚间回顾报告-2026-03-30.md (超过 7 天)
[2026-05-20 16:41:34] [morning-review]   📄 每日午间回顾报告-2026-04-01.md (超过 7 天)
[2026-05-20 16:41:34] [morning-review]   📄 每日晚间回顾报告-2026-04-04.md (超过 7 天)
[2026-05-20 16:41:34] [morning-review]   📄 视频脚本-蒸汽眼罩-种草版-20260401.md (超过 7 天)
[2026-05-20 16:41:34] [morning-review]   📄 小红书文章清单_瑜伽版.md (超过 7 天)
[2026-05-20 16:41:34] [morning-review]   📄 小红书文章清单.md (超过 7 天)
[2026-05-20 16:41:34] [morning-review]   📄 每日午间回顾报告-2026-04-21.md (超过 7 天)
[2026-05-20 16:41:34] [morning-review]   📄 2026-04-26-午间回顾.md (超过 7 天)
[2026-05-20 16:41:34] [morning-review]   📄 Public-APIs-Pandas-数据分析API调研.md (超过 7 天)
[2026-05-20 16:41:34] [morning-review]   📄 技能知识库.md (超过 7 天)
[2026-05-20 16:41:34] [morning-review]   📄 办公室瑜伽完全指南.md (超过 7 天)
[2026-05-20 16:41:34] [morning-review]   📄 品牌过往爆款.md (超过 7 天)
[2026-05-20 16:41:34] [morning-review]   📄 路径规划-1688小红书闲鱼.md (超过 7 天)
[2026-05-20 16:41:34] [morning-review]   📄 小红书运营知识库.md (超过 7 天)
[2026-05-20 16:41:34] [morning-review]   📄 闲鱼上架清单-2026-04-09.md (超过 7 天)
[2026-05-20 16:41:34] [morning-review]   📄 2026-04-15-系统状态检查.md (超过 7 天)
[2026-05-20 16:41:34] [morning-review]   📄 2026-04-28-午间回顾.md (超过 7 天)
[2026-05-20 16:41:34] [morning-review]   📄 Public-APIs-Plotly-数据可视化API调研.md (超过 7 天)
[2026-05-20 16:41:34] [morning-review]   📄 Public-APIs-VADER-情感分析API调研.md (超过 7 天)
[2026-05-20 16:41:34] [morning-review]   📄 xiaohongshu-ops-商贸优化方案.md (超过 7 天)
[2026-05-20 16:41:34] [morning-review] ✅ 无重复文件
[2026-05-20 16:41:34] [morning-review] ✅ 知识库结构化整理完成
[2026-05-20 16:41:34] [morning-review] 📋 开始索引同步更新...
[2026-05-20 16:41:34] [morning-review] 📊 文件统计: intel/118 memory/67 logs/13 total/198
[2026-05-20 16:41:34] [morning-review] ✅ 索引文件已更新
[2026-05-20 16:41:34] [morning-review] ✅ 索引同步更新完成
[2026-05-20 16:41:34] [morning-review] ✅ Git 已提交
[2026-05-20 16:41:34] [morning-review] ⚠️ 推送失败（网络？），下次重试
[2026-05-20 16:41:34] [morning-review] 🔄 更新 QMD 向量索引...
[2026-05-20 16:41:34] [morning-review] ⚠️ qmd 未找到，跳过
[2026-05-20 16:41:34] [morning-review] ===== 午间运营回顾完成 =====
[2026-05-20 23:50:01] [daily-review] ===== 每日运营回顾开始（23:50）=====
[2026-05-20 23:50:01] [daily-review] ===== 每日运营回顾开始（23:50）=====
[2026-05-20 23:50:01] [daily-review] 📅 今日记忆文件: 111行
[2026-05-20 23:50:01] [daily-review] 📅 今日记忆文件: 111行
[2026-05-20 23:50:01] [daily-review] 提取多通道聊天记录（2026-05-20）...
[2026-05-20 23:50:01] [daily-review] 提取多通道聊天记录（2026-05-20）...
[2026-05-20 23:50:04] [daily-review] - 消息数：379
[2026-05-20 23:50:04] [daily-review] - 消息数：379
[2026-05-20 23:50:04] [daily-review] [0;32m[SUCCESS][0m 对话记录已保存：/root/.openclaw/workspace/agents/xiaomijiao/memory/chat-2026-05-20.md
[2026-05-20 23:50:04] [daily-review] [0;32m[SUCCESS][0m 对话记录已保存：/root/.openclaw/workspace/agents/xiaomijiao/memory/chat-2026-05-20.md
[2026-05-20 23:50:04] [daily-review] 消息数： 919
[2026-05-20 23:50:04] [daily-review] 消息数： 919
[2026-05-20 23:50:04] [daily-review] [0;32m[SUCCESS][0m 多通道对话提取完成！🎉
[2026-05-20 23:50:04] [daily-review] [0;32m[SUCCESS][0m 多通道对话提取完成！🎉
[2026-05-20 23:50:04] [daily-review] 📊 变更统计: intel/1 memory/3 config/4
[2026-05-20 23:50:04] [daily-review] 📊 变更统计: intel/1 memory/3 config/4
[2026-05-20 23:50:05] [daily-review]   📄 agents/xiaomijiao/memory/chat-2026-05-20.md
[2026-05-20 23:50:05] [daily-review]   📄 agents/xiaomijiao/memory/chat-2026-05-20.md
[2026-05-20 23:50:05] [daily-review]   📄 "intel/346225260346215256345244215347233230.md"
[2026-05-20 23:50:05] [daily-review]   📄 "intel/346225260346215256345244215347233230.md"
[2026-05-20 23:50:05] [daily-review]   📄 logs/git.log
[2026-05-20 23:50:05] [daily-review]   📄 logs/git.log
[2026-05-20 23:50:05] [daily-review]   📄 logs/xiaomijiao-cron.log
[2026-05-20 23:50:05] [daily-review]   📄 logs/xiaomijiao-cron.log
[2026-05-20 23:50:05] [daily-review]   📄 memory/.dreams/events.jsonl
[2026-05-20 23:50:05] [daily-review]   📄 memory/.dreams/events.jsonl
[2026-05-20 23:50:05] [daily-review]   📄 memory/.dreams/short-term-recall.json
[2026-05-20 23:50:05] [daily-review]   📄 memory/.dreams/short-term-recall.json
[2026-05-20 23:50:05] [daily-review]   📄 memory/2026-05-20.md
[2026-05-20 23:50:05] [daily-review]   📄 memory/2026-05-20.md
[2026-05-20 23:50:05] [daily-review]   📄 openclaw-skills
[2026-05-20 23:50:05] [daily-review]   📄 openclaw-skills
[2026-05-20 23:50:05] [daily-review] 📋 待办进度: ✅6 完成 / ⏳8 待做
[2026-05-20 23:50:05] [daily-review] 📋 待办进度: ✅6 完成 / ⏳8 待做
[2026-05-20 23:50:05] [daily-review] 📚 开始知识库结构化整理...
[2026-05-20 23:50:05] [daily-review] 📚 开始知识库结构化整理...
[2026-05-20 23:50:05] [daily-review] 📊 intel/ 目录文件数: 118
[2026-05-20 23:50:05] [daily-review] 📊 intel/ 目录文件数: 118
[2026-05-20 23:50:05] [daily-review] ⚠️ 发现 102 个超过 7 天未更新的文件
[2026-05-20 23:50:05] [daily-review] ⚠️ 发现 102 个超过 7 天未更新的文件
[2026-05-20 23:50:05] [daily-review]   📄 工具与技能清单.md (超过 7 天)
[2026-05-20 23:50:05] [daily-review]   📄 工具与技能清单.md (超过 7 天)
[2026-05-20 23:50:05] [daily-review]   📄 办公室5分钟瑜伽.md (超过 7 天)
[2026-05-20 23:50:05] [daily-review]   📄 办公室5分钟瑜伽.md (超过 7 天)
[2026-05-20 23:50:05] [daily-review]   📄 商贸数据复盘_20260414.md (超过 7 天)
[2026-05-20 23:50:05] [daily-review]   📄 商贸数据复盘_20260414.md (超过 7 天)
[2026-05-20 23:50:05] [daily-review]   📄 公众号测评文章.md (超过 7 天)
[2026-05-20 23:50:05] [daily-review]   📄 公众号测评文章.md (超过 7 天)
[2026-05-20 23:50:05] [daily-review]   📄 首篇笔记内容-2026-04-09.md (超过 7 天)
[2026-05-20 23:50:05] [daily-review]   📄 首篇笔记内容-2026-04-09.md (超过 7 天)
[2026-05-20 23:50:05] [daily-review]   📄 私聊话术设计-2026-04-09.md (超过 7 天)
[2026-05-20 23:50:05] [daily-review]   📄 私聊话术设计-2026-04-09.md (超过 7 天)
[2026-05-20 23:50:05] [daily-review]   📄 日常运营知识库.md (超过 7 天)
[2026-05-20 23:50:05] [daily-review]   📄 日常运营知识库.md (超过 7 天)
[2026-05-20 23:50:05] [daily-review]   📄 Public-APIs-RAKE-关键词提取API调研.md (超过 7 天)
[2026-05-20 23:50:05] [daily-review]   📄 Public-APIs-RAKE-关键词提取API调研.md (超过 7 天)
[2026-05-20 23:50:05] [daily-review]   📄 2026-04-23-午间回顾.md (超过 7 天)
[2026-05-20 23:50:05] [daily-review]   📄 2026-04-23-午间回顾.md (超过 7 天)
[2026-05-20 23:50:05] [daily-review]   📄 URL-Shortener-短链接生成API-链接优化工具.md (超过 7 天)
[2026-05-20 23:50:05] [daily-review]   📄 URL-Shortener-短链接生成API-链接优化工具.md (超过 7 天)
[2026-05-20 23:50:05] [daily-review]   📄 2026-04-15-午间回顾.md (超过 7 天)
[2026-05-20 23:50:05] [daily-review]   📄 2026-04-15-午间回顾.md (超过 7 天)
[2026-05-20 23:50:05] [daily-review]   📄 商贸模式状态更新.md (超过 7 天)
[2026-05-20 23:50:05] [daily-review]   📄 商贸模式状态更新.md (超过 7 天)
[2026-05-20 23:50:05] [daily-review]   📄 NumPy-数值计算库-基础工具.md (超过 7 天)
[2026-05-20 23:50:05] [daily-review]   📄 NumPy-数值计算库-基础工具.md (超过 7 天)
[2026-05-20 23:50:05] [daily-review]   📄 2026-04-30-午间回顾.md (超过 7 天)
[2026-05-20 23:50:05] [daily-review]   📄 2026-04-30-午间回顾.md (超过 7 天)
[2026-05-20 23:50:05] [daily-review]   📄 小米椒出海方案.md (超过 7 天)
[2026-05-20 23:50:05] [daily-review]   📄 小米椒出海方案.md (超过 7 天)
[2026-05-20 23:50:05] [daily-review]   📄 QR-Code-二维码生成API-推广工具.md (超过 7 天)
[2026-05-20 23:50:05] [daily-review]   📄 QR-Code-二维码生成API-推广工具.md (超过 7 天)
[2026-05-20 23:50:05] [daily-review]   📄 Public-APIs-Poof-背景移除API调研.md (超过 7 天)
[2026-05-20 23:50:05] [daily-review]   📄 Public-APIs-Poof-背景移除API调研.md (超过 7 天)
[2026-05-20 23:50:05] [daily-review]   📄 今日回顾_2026-04-09.md (超过 7 天)
[2026-05-20 23:50:05] [daily-review]   📄 今日回顾_2026-04-09.md (超过 7 天)
[2026-05-20 23:50:05] [daily-review]   📄 Public-APIs-APITubeNews-热点采集API调研.md (超过 7 天)
[2026-05-20 23:50:05] [daily-review]   📄 Public-APIs-APITubeNews-热点采集API调研.md (超过 7 天)
[2026-05-20 23:50:05] [daily-review]   📄 2026-05-05完整复盘.md (超过 7 天)
[2026-05-20 23:50:05] [daily-review]   📄 2026-05-05完整复盘.md (超过 7 天)
[2026-05-20 23:50:05] [daily-review]   📄 2026-05-02-午间回顾.md (超过 7 天)
[2026-05-20 23:50:05] [daily-review]   📄 2026-05-02-午间回顾.md (超过 7 天)
[2026-05-20 23:50:05] [daily-review]   📄 1688供应商筛选标准.md (超过 7 天)
[2026-05-20 23:50:05] [daily-review]   📄 1688供应商筛选标准.md (超过 7 天)
[2026-05-20 23:50:05] [daily-review]   📄 Text-Summarization-文本摘要API-内容提炼工具.md (超过 7 天)
[2026-05-20 23:50:05] [daily-review]   📄 Text-Summarization-文本摘要API-内容提炼工具.md (超过 7 天)
[2026-05-20 23:50:05] [daily-review]   📄 Public-APIs-新媒体运营资源.md (超过 7 天)
[2026-05-20 23:50:05] [daily-review]   📄 Public-APIs-新媒体运营资源.md (超过 7 天)
[2026-05-20 23:50:05] [daily-review]   📄 OpenClaw-3.22安全加固指南.md (超过 7 天)
[2026-05-20 23:50:05] [daily-review]   📄 OpenClaw-3.22安全加固指南.md (超过 7 天)
[2026-05-20 23:50:05] [daily-review]   📄 xiaohongshu-ops-完整优化方案.md (超过 7 天)
[2026-05-20 23:50:05] [daily-review]   📄 xiaohongshu-ops-完整优化方案.md (超过 7 天)
[2026-05-20 23:50:05] [daily-review]   📄 选题灵感.md (超过 7 天)
[2026-05-20 23:50:05] [daily-review]   📄 选题灵感.md (超过 7 天)
[2026-05-20 23:50:05] [daily-review]   📄 Public-APIs-ShotOG-封面生成API调研.md (超过 7 天)
[2026-05-20 23:50:05] [daily-review]   📄 Public-APIs-ShotOG-封面生成API调研.md (超过 7 天)
[2026-05-20 23:50:05] [daily-review]   📄 Public-APIs-Meteoblue-天气选题API调研.md (超过 7 天)
[2026-05-20 23:50:05] [daily-review]   📄 Public-APIs-Meteoblue-天气选题API调研.md (超过 7 天)
[2026-05-20 23:50:05] [daily-review]   📄 商贸模式使用说明.md (超过 7 天)
[2026-05-20 23:50:05] [daily-review]   📄 商贸模式使用说明.md (超过 7 天)
[2026-05-20 23:50:05] [daily-review]   📄 2026-04-19-午间回顾.md (超过 7 天)
[2026-05-20 23:50:05] [daily-review]   📄 2026-04-19-午间回顾.md (超过 7 天)
[2026-05-20 23:50:05] [daily-review]   📄 商贸系统化落地方案.md (超过 7 天)
[2026-05-20 23:50:05] [daily-review]   📄 商贸系统化落地方案.md (超过 7 天)
[2026-05-20 23:50:05] [daily-review]   📄 MoviePy-视频处理库-视频编辑工具.md (超过 7 天)
[2026-05-20 23:50:05] [daily-review]   📄 MoviePy-视频处理库-视频编辑工具.md (超过 7 天)
[2026-05-20 23:50:05] [daily-review]   📄 2026-04-20-午间回顾.md (超过 7 天)
[2026-05-20 23:50:05] [daily-review]   📄 2026-04-20-午间回顾.md (超过 7 天)
[2026-05-20 23:50:05] [daily-review]   📄 Public-APIs-ImageCompressor-图片压缩API调研.md (超过 7 天)
[2026-05-20 23:50:05] [daily-review]   📄 Public-APIs-ImageCompressor-图片压缩API调研.md (超过 7 天)
[2026-05-20 23:50:05] [daily-review]   📄 小米椒商贸定价与成本计算方案.md (超过 7 天)
[2026-05-20 23:50:05] [daily-review]   📄 小米椒商贸定价与成本计算方案.md (超过 7 天)
[2026-05-20 23:50:05] [daily-review]   📄 1688-供应商对比报告.md (超过 7 天)
[2026-05-20 23:50:05] [daily-review]   📄 1688-供应商对比报告.md (超过 7 天)
[2026-05-20 23:50:05] [daily-review]   📄 明日选题预研.md (超过 7 天)
[2026-05-20 23:50:05] [daily-review]   📄 明日选题预研.md (超过 7 天)
[2026-05-20 23:50:05] [daily-review]   📄 索引.md (超过 7 天)
[2026-05-20 23:50:05] [daily-review]   📄 索引.md (超过 7 天)
[2026-05-20 23:50:05] [daily-review]   📄 商贸模式常用操作.md (超过 7 天)
[2026-05-20 23:50:05] [daily-review]   📄 商贸模式常用操作.md (超过 7 天)
[2026-05-20 23:50:05] [daily-review]   📄 淘宝API验证计划.md (超过 7 天)
[2026-05-20 23:50:05] [daily-review]   📄 淘宝API验证计划.md (超过 7 天)
[2026-05-20 23:50:05] [daily-review]   📄 模型切换方案-百炼主线-v2.md (超过 7 天)
[2026-05-20 23:50:05] [daily-review]   📄 模型切换方案-百炼主线-v2.md (超过 7 天)
[2026-05-20 23:50:05] [daily-review]   📄 推荐工作-闲鱼一件代发.md (超过 7 天)
[2026-05-20 23:50:05] [daily-review]   📄 推荐工作-闲鱼一件代发.md (超过 7 天)
[2026-05-20 23:50:05] [daily-review]   📄 百炼模型配置方案.md (超过 7 天)
[2026-05-20 23:50:05] [daily-review]   📄 百炼模型配置方案.md (超过 7 天)
[2026-05-20 23:50:05] [daily-review]   📄 公众号运营策略.md (超过 7 天)
[2026-05-20 23:50:05] [daily-review]   📄 公众号运营策略.md (超过 7 天)
[2026-05-20 23:50:05] [daily-review]   📄 系统架构知识库.md (超过 7 天)
[2026-05-20 23:50:05] [daily-review]   📄 系统架构知识库.md (超过 7 天)
[2026-05-20 23:50:05] [daily-review]   📄 P1-助眠好物框架.md (超过 7 天)
[2026-05-20 23:50:05] [daily-review]   📄 P1-助眠好物框架.md (超过 7 天)
[2026-05-20 23:50:05] [daily-review]   📄 Requests-HTTP请求库-API调用工具.md (超过 7 天)
[2026-05-20 23:50:05] [daily-review]   📄 Requests-HTTP请求库-API调用工具.md (超过 7 天)
[2026-05-20 23:50:05] [daily-review]   📄 模型切换方案-百炼主线.md (超过 7 天)
[2026-05-20 23:50:05] [daily-review]   📄 模型切换方案-百炼主线.md (超过 7 天)
[2026-05-20 23:50:05] [daily-review]   📄 小米椒客户开发实战方案.md (超过 7 天)
[2026-05-20 23:50:05] [daily-review]   📄 小米椒客户开发实战方案.md (超过 7 天)
[2026-05-20 23:50:05] [daily-review]   📄 小红书选题清单-2026-04-09.md (超过 7 天)
[2026-05-20 23:50:05] [daily-review]   📄 小红书选题清单-2026-04-09.md (超过 7 天)
[2026-05-20 23:50:05] [daily-review]   📄 小米椒商贸出海定制方案.md (超过 7 天)
[2026-05-20 23:50:05] [daily-review]   📄 小米椒商贸出海定制方案.md (超过 7 天)
[2026-05-20 23:50:05] [daily-review]   📄 Qwen3.6-Plus免费使用指南.md (超过 7 天)
[2026-05-20 23:50:05] [daily-review]   📄 Qwen3.6-Plus免费使用指南.md (超过 7 天)
[2026-05-20 23:50:05] [daily-review]   📄 公众号转型思路.md (超过 7 天)
[2026-05-20 23:50:05] [daily-review]   📄 公众号转型思路.md (超过 7 天)
[2026-05-20 23:50:05] [daily-review]   📄 Public-APIs-ImageCompressor集成说明.md (超过 7 天)
[2026-05-20 23:50:05] [daily-review]   📄 Public-APIs-ImageCompressor集成说明.md (超过 7 天)
[2026-05-20 23:50:05] [daily-review]   📄 FFmpeg-视频处理工具-命令行视频编辑器.md (超过 7 天)
[2026-05-20 23:50:05] [daily-review]   📄 FFmpeg-视频处理工具-命令行视频编辑器.md (超过 7 天)
[2026-05-20 23:50:05] [daily-review]   📄 xiaohongshu-ops-商贸优化-P1P2方案.md (超过 7 天)
[2026-05-20 23:50:05] [daily-review]   📄 xiaohongshu-ops-商贸优化-P1P2方案.md (超过 7 天)
[2026-05-20 23:50:05] [daily-review]   📄 LongCat模型配置知识库.md (超过 7 天)
[2026-05-20 23:50:05] [daily-review]   📄 LongCat模型配置知识库.md (超过 7 天)
[2026-05-20 23:50:05] [daily-review]   📄 商贸数据复盘_20260424.md (超过 7 天)
[2026-05-20 23:50:05] [daily-review]   📄 商贸数据复盘_20260424.md (超过 7 天)
[2026-05-20 23:50:05] [daily-review]   📄 BeautifulSoup-HTML解析库-网页抓取工具.md (超过 7 天)
[2026-05-20 23:50:05] [daily-review]   📄 BeautifulSoup-HTML解析库-网页抓取工具.md (超过 7 天)
[2026-05-20 23:50:05] [daily-review]   📄 结构化整理报告-2026-04-11.md (超过 7 天)
[2026-05-20 23:50:05] [daily-review]   📄 结构化整理报告-2026-04-11.md (超过 7 天)
[2026-05-20 23:50:05] [daily-review]   📄 2026-05-01-午间回顾.md (超过 7 天)
[2026-05-20 23:50:05] [daily-review]   📄 2026-05-01-午间回顾.md (超过 7 天)
[2026-05-20 23:50:05] [daily-review]   📄 小红书文章清单_综合版.md (超过 7 天)
[2026-05-20 23:50:05] [daily-review]   📄 小红书文章清单_综合版.md (超过 7 天)
[2026-05-20 23:50:05] [daily-review]   📄 运营待办.md (超过 7 天)
[2026-05-20 23:50:05] [daily-review]   📄 运营待办.md (超过 7 天)
[2026-05-20 23:50:05] [daily-review]   📄 内容初稿.md (超过 7 天)
[2026-05-20 23:50:05] [daily-review]   📄 内容初稿.md (超过 7 天)
[2026-05-20 23:50:05] [daily-review]   📄 2026-04-22-午间回顾.md (超过 7 天)
[2026-05-20 23:50:05] [daily-review]   📄 2026-04-22-午间回顾.md (超过 7 天)
[2026-05-20 23:50:05] [daily-review]   📄 2026-04-24-午间回顾.md (超过 7 天)
[2026-05-20 23:50:05] [daily-review]   📄 2026-04-24-午间回顾.md (超过 7 天)
[2026-05-20 23:50:05] [daily-review]   📄 知识库索引.md (超过 7 天)
[2026-05-20 23:50:05] [daily-review]   📄 知识库索引.md (超过 7 天)
[2026-05-20 23:50:05] [daily-review]   📄 选品调研.md (超过 7 天)
[2026-05-20 23:50:05] [daily-review]   📄 选品调研.md (超过 7 天)
[2026-05-20 23:50:05] [daily-review]   📄 OpenClaw自主进化指南.md (超过 7 天)
[2026-05-20 23:50:05] [daily-review]   📄 OpenClaw自主进化指南.md (超过 7 天)
[2026-05-20 23:50:05] [daily-review]   📄 每日晚间回顾报告-2026-04-02.md (超过 7 天)
[2026-05-20 23:50:05] [daily-review]   📄 每日晚间回顾报告-2026-04-02.md (超过 7 天)
[2026-05-20 23:50:05] [daily-review]   📄 每日晚间回顾报告-2026-03-27.md (超过 7 天)
[2026-05-20 23:50:05] [daily-review]   📄 每日晚间回顾报告-2026-03-27.md (超过 7 天)
[2026-05-20 23:50:05] [daily-review]   📄 视频脚本-蒸汽眼罩-20260401.md (超过 7 天)
[2026-05-20 23:50:05] [daily-review]   📄 视频脚本-蒸汽眼罩-20260401.md (超过 7 天)
[2026-05-20 23:50:05] [daily-review]   📄 Public-APIs-新媒体运营资源-最终版.md (超过 7 天)
[2026-05-20 23:50:05] [daily-review]   📄 Public-APIs-新媒体运营资源-最终版.md (超过 7 天)
[2026-05-20 23:50:05] [daily-review]   📄 memory-lessons-2026-03.md (超过 7 天)
[2026-05-20 23:50:05] [daily-review]   📄 memory-lessons-2026-03.md (超过 7 天)
[2026-05-20 23:50:05] [daily-review]   📄 内容初稿-蒸汽眼罩-20260401.md (超过 7 天)
[2026-05-20 23:50:05] [daily-review]   📄 内容初稿-蒸汽眼罩-20260401.md (超过 7 天)
[2026-05-20 23:50:05] [daily-review]   📄 每日午间回顾报告-2026-03-30.md (超过 7 天)
[2026-05-20 23:50:05] [daily-review]   📄 每日午间回顾报告-2026-03-30.md (超过 7 天)
[2026-05-20 23:50:05] [daily-review]   📄 深度回顾报告-2026-04-01.md (超过 7 天)
[2026-05-20 23:50:05] [daily-review]   📄 深度回顾报告-2026-04-01.md (超过 7 天)
[2026-05-20 23:50:05] [daily-review]   📄 Public-APIs-新媒体运营资源-v2.0.md (超过 7 天)
[2026-05-20 23:50:05] [daily-review]   📄 Public-APIs-新媒体运营资源-v2.0.md (超过 7 天)
[2026-05-20 23:50:05] [daily-review]   📄 每日晚间回顾报告-2026-04-03.md (超过 7 天)
[2026-05-20 23:50:05] [daily-review]   📄 每日晚间回顾报告-2026-04-03.md (超过 7 天)
[2026-05-20 23:50:05] [daily-review]   📄 内容初稿-2026-04-01.md (超过 7 天)
[2026-05-20 23:50:05] [daily-review]   📄 内容初稿-2026-04-01.md (超过 7 天)
[2026-05-20 23:50:05] [daily-review]   📄 每日晚间回顾报告-2026-04-01.md (超过 7 天)
[2026-05-20 23:50:05] [daily-review]   📄 每日晚间回顾报告-2026-04-01.md (超过 7 天)
[2026-05-20 23:50:05] [daily-review]   📄 每日晚间回顾报告-2026-03-30.md (超过 7 天)
[2026-05-20 23:50:05] [daily-review]   📄 每日晚间回顾报告-2026-03-30.md (超过 7 天)
[2026-05-20 23:50:05] [daily-review]   📄 每日午间回顾报告-2026-04-01.md (超过 7 天)
[2026-05-20 23:50:05] [daily-review]   📄 每日午间回顾报告-2026-04-01.md (超过 7 天)
[2026-05-20 23:50:05] [daily-review]   📄 每日晚间回顾报告-2026-04-04.md (超过 7 天)
[2026-05-20 23:50:05] [daily-review]   📄 每日晚间回顾报告-2026-04-04.md (超过 7 天)
[2026-05-20 23:50:05] [daily-review]   📄 视频脚本-蒸汽眼罩-种草版-20260401.md (超过 7 天)
[2026-05-20 23:50:05] [daily-review]   📄 视频脚本-蒸汽眼罩-种草版-20260401.md (超过 7 天)
[2026-05-20 23:50:05] [daily-review]   📄 小红书文章清单_瑜伽版.md (超过 7 天)
[2026-05-20 23:50:05] [daily-review]   📄 小红书文章清单_瑜伽版.md (超过 7 天)
[2026-05-20 23:50:05] [daily-review]   📄 小红书文章清单.md (超过 7 天)
[2026-05-20 23:50:05] [daily-review]   📄 小红书文章清单.md (超过 7 天)
[2026-05-20 23:50:05] [daily-review]   📄 每日午间回顾报告-2026-04-21.md (超过 7 天)
[2026-05-20 23:50:05] [daily-review]   📄 每日午间回顾报告-2026-04-21.md (超过 7 天)
[2026-05-20 23:50:05] [daily-review]   📄 2026-04-26-午间回顾.md (超过 7 天)
[2026-05-20 23:50:05] [daily-review]   📄 2026-04-26-午间回顾.md (超过 7 天)
[2026-05-20 23:50:05] [daily-review]   📄 Public-APIs-Pandas-数据分析API调研.md (超过 7 天)
[2026-05-20 23:50:05] [daily-review]   📄 Public-APIs-Pandas-数据分析API调研.md (超过 7 天)
[2026-05-20 23:50:05] [daily-review]   📄 技能知识库.md (超过 7 天)
[2026-05-20 23:50:05] [daily-review]   📄 技能知识库.md (超过 7 天)
[2026-05-20 23:50:05] [daily-review]   📄 办公室瑜伽完全指南.md (超过 7 天)
[2026-05-20 23:50:05] [daily-review]   📄 办公室瑜伽完全指南.md (超过 7 天)
[2026-05-20 23:50:05] [daily-review]   📄 品牌过往爆款.md (超过 7 天)
[2026-05-20 23:50:05] [daily-review]   📄 品牌过往爆款.md (超过 7 天)
[2026-05-20 23:50:05] [daily-review]   📄 路径规划-1688小红书闲鱼.md (超过 7 天)
[2026-05-20 23:50:05] [daily-review]   📄 路径规划-1688小红书闲鱼.md (超过 7 天)
[2026-05-20 23:50:05] [daily-review]   📄 小红书运营知识库.md (超过 7 天)
[2026-05-20 23:50:05] [daily-review]   📄 小红书运营知识库.md (超过 7 天)
[2026-05-20 23:50:05] [daily-review]   📄 闲鱼上架清单-2026-04-09.md (超过 7 天)
[2026-05-20 23:50:05] [daily-review]   📄 闲鱼上架清单-2026-04-09.md (超过 7 天)
[2026-05-20 23:50:05] [daily-review]   📄 2026-04-15-系统状态检查.md (超过 7 天)
[2026-05-20 23:50:05] [daily-review]   📄 2026-04-15-系统状态检查.md (超过 7 天)
[2026-05-20 23:50:05] [daily-review]   📄 2026-04-28-午间回顾.md (超过 7 天)
[2026-05-20 23:50:05] [daily-review]   📄 2026-04-28-午间回顾.md (超过 7 天)
[2026-05-20 23:50:05] [daily-review]   📄 Public-APIs-Plotly-数据可视化API调研.md (超过 7 天)
[2026-05-20 23:50:05] [daily-review]   📄 Public-APIs-Plotly-数据可视化API调研.md (超过 7 天)
[2026-05-20 23:50:05] [daily-review]   📄 Public-APIs-VADER-情感分析API调研.md (超过 7 天)
[2026-05-20 23:50:05] [daily-review]   📄 Public-APIs-VADER-情感分析API调研.md (超过 7 天)
[2026-05-20 23:50:05] [daily-review]   📄 xiaohongshu-ops-商贸优化方案.md (超过 7 天)
[2026-05-20 23:50:05] [daily-review]   📄 xiaohongshu-ops-商贸优化方案.md (超过 7 天)
[2026-05-20 23:50:05] [daily-review] ✅ 无重复文件
[2026-05-20 23:50:05] [daily-review] ✅ 无重复文件
[2026-05-20 23:50:05] [daily-review] ✅ 知识库结构化整理完成
[2026-05-20 23:50:05] [daily-review] ✅ 知识库结构化整理完成
[2026-05-20 23:50:05] [daily-review] 📋 开始索引同步更新...
[2026-05-20 23:50:05] [daily-review] 📋 开始索引同步更新...
[2026-05-20 23:50:05] [daily-review] 📊 文件统计: intel/118 memory/67 logs/15 total/200
[2026-05-20 23:50:05] [daily-review] 📊 文件统计: intel/118 memory/67 logs/15 total/200
[2026-05-20 23:50:05] [daily-review] ✅ 索引文件已更新
[2026-05-20 23:50:05] [daily-review] ✅ 索引文件已更新
[2026-05-20 23:50:05] [daily-review] ✅ 索引同步更新完成
[2026-05-20 23:50:05] [daily-review] ✅ 索引同步更新完成
[2026-05-20 23:50:05] [daily-review] 🧠 开始记忆同步更新...
[2026-05-20 23:50:05] [daily-review] 🧠 开始记忆同步更新...
[2026-05-20 23:50:05] [daily-review] 📅 今日记忆: 111行
[2026-05-20 23:50:05] [daily-review] 📅 今日记忆: 111行
[2026-05-20 23:50:05] [daily-review] ✅ MEMORY.md 今天已更新
[2026-05-20 23:50:05] [daily-review] ✅ MEMORY.md 今天已更新
[2026-05-20 23:50:05] [daily-review] ✅ 记忆同步更新完成
[2026-05-20 23:50:05] [daily-review] ✅ 记忆同步更新完成
[2026-05-20 23:50:05] [daily-review] 🔧 开始 Git 库整理...
[2026-05-20 23:50:05] [daily-review] 🔧 开始 Git 库整理...
[2026-05-20 23:50:05] [daily-review] ⚠️ 发现 8 个未跟踪文件
[2026-05-20 23:50:05] [daily-review] ⚠️ 发现 8 个未跟踪文件
[2026-05-20 23:50:05] [daily-review]   📄 logs/file-cleanup.log
[2026-05-20 23:50:05] [daily-review]   📄 logs/file-cleanup.log
[2026-05-20 23:50:05] [daily-review]   📄 logs/oil-gold-cron.log
[2026-05-20 23:50:05] [daily-review]   📄 logs/oil-gold-cron.log
[2026-05-20 23:50:05] [daily-review]   📄 oil-gold-correlation.zip
[2026-05-20 23:50:05] [daily-review]   📄 oil-gold-correlation.zip
[2026-05-20 23:50:05] [daily-review]   📄 oil-gold-main.zip
[2026-05-20 23:50:05] [daily-review]   📄 oil-gold-main.zip
[2026-05-20 23:50:05] [daily-review]   📄 oil_gold_report.py
[2026-05-20 23:50:05] [daily-review]   📄 oil_gold_report.py
[2026-05-20 23:50:05] [daily-review]   📄 reports/oil-gold-report-20260520_181412.md
[2026-05-20 23:50:05] [daily-review]   📄 reports/oil-gold-report-20260520_181412.md
[2026-05-20 23:50:05] [daily-review]   📄 reports/oil-gold-sample-report.md
[2026-05-20 23:50:05] [daily-review]   📄 reports/oil-gold-sample-report.md
[2026-05-20 23:50:05] [daily-review]   📄 scripts/cleanup-old-files.sh
[2026-05-20 23:50:05] [daily-review]   📄 scripts/cleanup-old-files.sh
[2026-05-20 23:50:05] [daily-review] ⚠️ 发现 8 个未暂存变更
[2026-05-20 23:50:05] [daily-review] ⚠️ 发现 8 个未暂存变更
[2026-05-20 23:50:05] [daily-review] 📊 最近 5 次提交:
[2026-05-20 23:50:05] [daily-review] 📊 最近 5 次提交:
[2026-05-20 23:50:05] [daily-review]   1e7dae92 docs(xiaomijiao): 午间回顾 - 2026-05-20
[2026-05-20 23:50:05] [daily-review]   1e7dae92 docs(xiaomijiao): 午间回顾 - 2026-05-20
[2026-05-20 23:50:05] [daily-review]   1d120389 docs(xiaomijiao): 午间回顾 - 2026-05-20
[2026-05-20 23:50:05] [daily-review]   1d120389 docs(xiaomijiao): 午间回顾 - 2026-05-20
[2026-05-20 23:50:05] [daily-review]   8a815ddf docs(xiaomijiao): 每日回顾 - 2026-05-19
[2026-05-20 23:50:05] [daily-review]   8a815ddf docs(xiaomijiao): 每日回顾 - 2026-05-19
[2026-05-20 23:50:05] [daily-review]   1ba3e7ac docs(xiaomijiao): 午间回顾 - 2026-05-19
[2026-05-20 23:50:05] [daily-review]   1ba3e7ac docs(xiaomijiao): 午间回顾 - 2026-05-19
[2026-05-20 23:50:05] [daily-review]   97279175 docs(xiaomijiao): 每日回顾 - 2026-05-18
[2026-05-20 23:50:05] [daily-review]   97279175 docs(xiaomijiao): 每日回顾 - 2026-05-18
[2026-05-20 23:50:05] [daily-review] ✅ Git 库整理完成
[2026-05-20 23:50:05] [daily-review] ✅ Git 库整理完成
[2026-05-20 23:50:05] [daily-review] 🔍 开始查漏补缺...
[2026-05-20 23:50:05] [daily-review] 🔍 开始查漏补缺...
[2026-05-20 23:50:05] [daily-review] 📋 待办事项: 8 项待处理
[2026-05-20 23:50:05] [daily-review] 📋 待办事项: 8 项待处理
[2026-05-20 23:50:05] [daily-review] 🔴 P0 任务: 6 项未完成
[2026-05-20 23:50:05] [daily-review] 🔴 P0 任务: 6 项未完成
[2026-05-20 23:50:05] [daily-review] ⚠️ 发现 60 个超过 3 天未更新的记忆文件
[2026-05-20 23:50:05] [daily-review] ⚠️ 发现 60 个超过 3 天未更新的记忆文件
[2026-05-20 23:50:05] [daily-review] ✅ 查漏补缺完成
[2026-05-20 23:50:05] [daily-review] ✅ 查漏补缺完成
[2026-05-20 23:50:06] [daily-review] ✅ Git 已提交
[2026-05-20 23:50:06] [daily-review] ✅ Git 已提交
[2026-05-20 23:50:06] [daily-review] ⚠️ 推送失败（网络？），下次重试
[2026-05-20 23:50:06] [daily-review] ⚠️ 推送失败（网络？），下次重试
[2026-05-20 23:50:06] [daily-review] 🔄 更新 QMD 向量索引...
[2026-05-20 23:50:06] [daily-review] 🔄 更新 QMD 向量索引...
[2026-05-20 23:50:06] [daily-review] ⚠️ qmd 未找到，跳过
[2026-05-20 23:50:06] [daily-review] ⚠️ qmd 未找到，跳过
[2026-05-20 23:50:06] [daily-review] ===== 每日运营回顾完成 =====
[2026-05-20 23:50:06] [daily-review] ===== 每日运营回顾完成 =====
